1.a,1,6,100,1,[[[-1/504, []], [1, []], [33, []], [244, []], [1057, []], [3126, []], [8052, []], [16808, []], [33825, []], [59293, []], [103158, []], [161052, []], [257908, []], [371294, []], [554664, []], [762744, []], [1082401, []], [1419858, []], [1956669, []], [2476100, []], [3304182, []], [4101152, []], [5314716, []], [6436344, []], [8253300, []], [9768751, []], [12252702, []], [14408200, []], [17766056, []], [20511150, []], [25170552, []], [28629152, []], [34636833, []], [39296688, []], [46855314, []], [52541808, []], [62672701, []], [69343958, []], [81711300, []], [90595736, []], [105736950, []], [115856202, []], [135338016, []], [147008444, []], [170231964, []], [185349918, []], [212399352, []], [229345008, []], [264105844, []], [282492057, []], [322368783, []], [346445352, []], [392457758, []], [418195494, []], [475470600, []], [503448552, []], [568530600, []], [604168400, []], [676867950, []], [714924300, []], [806220408, []], [844596302, []], [944762016, []], [996596744, []], [1108378657, []], [1160665044, []], [1296790704, []], [1350125108, []], [1500789906, []], [1570467936, []], [1733879664, []], [1804229352, []], [2005585725, []], [2073071594, []], [2288350614, []], [2383575244, []], [2617237700, []], [2706962016, []], [2989659288, []], [3077056400, []], [3383585526, []], [3501192601, []], [3823254666, []], [3939040644, []], [4334917664, []], [4438476108, []], [4851278652, []], [5004720600, []], [5447583900, []], [5584059450, []], [6116547294, []], [6240709552, []], [6803215608, []], [6985513088, []], [7568385264, []], [7740288600, []], [8451387252, []], [8587340258, []], [9322237881, []], [9549256236, []], [10325569807, []]]],[-1/504, 1, 33, 244, 1057, 3126, 8052, 16808, 33825, 59293, 103158, 161052, 257908, 371294, 554664, 762744, 1082401, 1419858, 1956669, 2476100, 3304182, 4101152, 5314716, 6436344, 8253300, 9768751, 12252702, 14408200, 17766056, 20511150, 25170552, 28629152, 34636833, 39296688, 46855314, 52541808, 62672701, 69343958, 81711300, 90595736, 105736950, 115856202, 135338016, 147008444, 170231964, 185349918, 212399352, 229345008, 264105844, 282492057, 322368783, 346445352, 392457758, 418195494, 475470600, 503448552, 568530600, 604168400, 676867950, 714924300, 806220408, 844596302, 944762016, 996596744, 1108378657, 1160665044, 1296790704, 1350125108, 1500789906, 1570467936, 1733879664, 1804229352, 2005585725, 2073071594, 2288350614, 2383575244, 2617237700, 2706962016, 2989659288, 3077056400, 3383585526, 3501192601, 3823254666, 3939040644, 4334917664, 4438476108, 4851278652, 5004720600, 5447583900, 5584059450, 6116547294, 6240709552, 6803215608, 6985513088, 7568385264, 7740288600, 8451387252, 8587340258, 9322237881, 9549256236, 10325569807],1.6.a.E.a

5.b,4,6,100,1,[[[0, []], [1, []], [31, []], [242, []], [993, []], [3125, []], [7502, []], [16806, []], [31775, []], [58807, []], [96875, []], [161052, []], [240306, []], [371292, []], [520986, []], [756250, []], [1016801, []], [1419856, []], [1823017, []], [2476100, []], [3103125, []], [4067052, []], [4992612, []], [6436342, []], [7689550, []], [9765625, []], [11510052, []], [14290100, []], [16688358, []], [20511150, []], [23443750, []], [28629152, []], [32537631, []], [38974584, []], [44015536, []], [52518750, []], [58395351, []], [69343956, []], [76759100, []], [89852664, []], [99296875, []], [115856202, []], [126078612, []], [147008442, []], [159924636, []], [183771875, []], [199526602, []], [229345006, []], [246065842, []], [282458443, []], [302734375, []], [343605152, []], [368692956, []], [418195492, []], [442993100, []], [503287500, []], [534010650, []], [599216200, []], [635845650, []], [714924300, []], [750956250, []], [844596302, []], [887503712, []], [988310442, []], [1041204193, []], [1160287500, []], [1208212104, []], [1350125106, []], [1409917008, []], [1557594764, []], [1628081250, []], [1804229352, []], [1868592425, []], [2073071592, []], [2149662636, []], [2363281250, []], [2458767300, []], [2706639912, []], [2785432584, []], [3077056400, []], [3177503125, []], [3472494301, []], [3591542262, []], [3939040642, []], [4038582636, []], [4437050000, []], [4557261702, []], [4963698300, []], [5117427300, []], [5584059450, []], [5696928125, []], [6239933352, []], [6391287606, []], [6928254784, []], [7109695186, []], [7737812500, []], [7874106702, []], [8587340256, []], [8756211733, []], [9470984964, []], [9697265625, []]]],[0, 1, 31, 242, 993, 3125, 7502, 16806, 31775, 58807, 96875, 161052, 240306, 371292, 520986, 756250, 1016801, 1419856, 1823017, 2476100, 3103125, 4067052, 4992612, 6436342, 7689550, 9765625, 11510052, 14290100, 16688358, 20511150, 23443750, 28629152, 32537631, 38974584, 44015536, 52518750, 58395351, 69343956, 76759100, 89852664, 99296875, 115856202, 126078612, 147008442, 159924636, 183771875, 199526602, 229345006, 246065842, 282458443, 302734375, 343605152, 368692956, 418195492, 442993100, 503287500, 534010650, 599216200, 635845650, 714924300, 750956250, 844596302, 887503712, 988310442, 1041204193, 1160287500, 1208212104, 1350125106, 1409917008, 1557594764, 1628081250, 1804229352, 1868592425, 2073071592, 2149662636, 2363281250, 2458767300, 2706639912, 2785432584, 3077056400, 3177503125, 3472494301, 3591542262, 3939040642, 4038582636, 4437050000, 4557261702, 4963698300, 5117427300, 5584059450, 5696928125, 6239933352, 6391287606, 6928254784, 7109695186, 7737812500, 7874106702, 8587340256, 8756211733, 9470984964, 9697265625],5.6.b.E.a

5.b,4,6,100,1,[[[-67/5, []], [1, []], [-31, []], [-242, []], [993, []], [1, []], [7502, []], [-16806, []], [-31775, []], [58807, []], [-31, []], [161052, []], [-240306, []], [-371292, []], [520986, []], [-242, []], [1016801, []], [-1419856, []], [-1823017, []], [2476100, []], [993, []], [4067052, []], [-4992612, []], [-6436342, []], [7689550, []], [1, []], [11510052, []], [-14290100, []], [-16688358, []], [20511150, []], [7502, []], [28629152, []], [-32537631, []], [-38974584, []], [44015536, []], [-16806, []], [58395351, []], [-69343956, []], [-76759100, []], [89852664, []], [-31775, []], [115856202, []], [-126078612, []], [-147008442, []], [159924636, []], [58807, []], [199526602, []], [-229345006, []], [-246065842, []], [282458443, []], [-31, []], [343605152, []], [-368692956, []], [-418195492, []], [442993100, []], [161052, []], [534010650, []], [-599216200, []], [-635845650, []], [714924300, []], [-240306, []], [844596302, []], [-887503712, []], [-988310442, []], [1041204193, []], [-371292, []], [1208212104, []], [-1350125106, []], [-1409917008, []], [1557594764, []], [520986, []], [1804229352, []], [-1868592425, []], [-2073071592, []], [2149662636, []], [-242, []], [2458767300, []], [-2706639912, []], [-2785432584, []], [3077056400, []], [1016801, []], [3472494301, []], [-3591542262, []], [-3939040642, []], [4038582636, []], [-1419856, []], [4557261702, []], [-4963698300, []], [-5117427300, []], [5584059450, []], [-1823017, []], [6239933352, []], [-6391287606, []], [-6928254784, []], [7109695186, []], [2476100, []], [7874106702, []], [-8587340256, []], [-8756211733, []], [9470984964, []], [993, []]]],[-67/5, 1, -31, -242, 993, 1, 7502, -16806, -31775, 58807, -31, 161052, -240306, -371292, 520986, -242, 1016801, -1419856, -1823017, 2476100, 993, 4067052, -4992612, -6436342, 7689550, 1, 11510052, -14290100, -16688358, 20511150, 7502, 28629152, -32537631, -38974584, 44015536, -16806, 58395351, -69343956, -76759100, 89852664, -31775, 115856202, -126078612, -147008442, 159924636, 58807, 199526602, -229345006, -246065842, 282458443, -31, 343605152, -368692956, -418195492, 442993100, 161052, 534010650, -599216200, -635845650, 714924300, -240306, 844596302, -887503712, -988310442, 1041204193, -371292, 1208212104, -1350125106, -1409917008, 1557594764, 520986, 1804229352, -1868592425, -2073071592, 2149662636, -242, 2458767300, -2706639912, -2785432584, 3077056400, 1016801, 3472494301, -3591542262, -3939040642, 4038582636, -1419856, 4557261702, -4963698300, -5117427300, 5584059450, -1823017, 6239933352, -6391287606, -6928254784, 7109695186, 2476100, 7874106702, -8587340256, -8756211733, 9470984964, 993],5.6.b.E.b

7.c,2,6,100,3,[[[0, [0]], [1, [0]], [31, [-1]], [243, [1]], [992, [-31]], [3124, [-1]], [7534, [-211]], [16807, [0]], [31745, [-992]], [59048, [242]], [96843, [-3156]], [161051, [1]], [241087, [-6510]], [371294, [0]], [521017, [-16807]], [759133, [2882]], [1015839, [-31745]], [1419857, [1]], [1830730, [-51304]], [2476098, [-1]], [3098977, [-97867]], [4084101, [16807]], [4992582, [-161019]], [6436342, [-1]], [7715027, [-208319]], [9762500, [-3124]], [11510114, [-371294]], [14348665, [58806]], [16672544, [-521017]], [20511150, [0]], [23536005, [-666909]], [28629151, [1]], [32506848, [-1015839]], [39135392, [161293]], [44015568, [-1419825]], [52505068, [-16807]], [58583118, [-1582922]], [69343956, [-1]], [76759037, [-2476130]], [90224442, [371294]], [99170388, [-3131745]], [115856202, [0]], [126623938, [-3546277]], [147008444, [0]], [159762623, [-4991558]], [184466194, [697202]], [199526601, [-6436374]], [229345006, [-1]], [246880622, [-6666451]], [282475249, [0]], [302634376, [-9862468]], [345025250, [1420099]], [368323648, [-11510114]], [418195493, [1]], [444867421, [-12466873]], [503123325, [-157926]], [533538215, [-16672544]], [601691815, [2475856]], [635845650, [-20511150]], [714924299, [1]], [753149278, [-20584837]], [844596300, [-1]], [887503682, [-28629119]], [992419736, [4067294]], [1040219137, [-32506848]], [1159922456, [-371294]], [1213358445, [-33974016]], [1350125107, [1]], [1408498175, [-44014544]], [1564031107, [6436100]], [1627640301, [-53042892]], [1804229352, [0]], [1874718824, [-50653262]], [2073071593, [1]], [2149662635, [-69343988]], [2372290624, [9006492]], [2456289185, [-76760061]], [2706784157, [16807]], [2797328996, [-78343034]], [3077056398, [-1]], [3173449291, [-100218964]], [3486725595, [14289859]], [3591542262, [-115856202]], [3939040644, [0]], [4051949209, [-109413570]], [4435633269, [-1416732]], [4557261764, [-147008444]], [4984209450, [20511150]], [5112564987, [-159729855]], [5584059448, [-1]], [5719149216, [-162155730]], [6240338258, [0]], [6384851233, [-199527625]], [6956883692, [28629393]], [7109695185, [-229345038]], [7735330151, [-2479223]], [7900179903, [-213326190]], [8587340258, [0]], [8756732719, [-282475249]], [9509739206, [39033148]], [9684303156, [-305833352]]]],[0, 2, 63, 485, 2015, 6249, 15279, 33614, 64482, 117854, 196842, 322101, 488684, 742588, 1058841, 1515384, 2063423, 2839713, 3712764, 4952197, 6295821, 8151395, 10146183, 12872685, 15638373, 19528124, 23391522, 28638524, 33866105, 41022300, 47738919, 57258301, 66029535, 78109491, 89450961, 105026943, 118749158, 138687913, 155994204, 180077590, 201472521, 231712404, 256794153, 294016888, 324516804, 368235186, 405489576, 458690013, 500427695, 564950498, 615131220, 688630401, 748157410, 836390985, 902201715, 1006404576, 1083748974, 1200907774, 1292202450, 1429848597, 1526883393, 1689192601, 1803636483, 1980772178, 2112945122, 2320216206, 2460690906, 2700250213, 2861010894, 3121626114, 3308323494, 3608458704, 3800090910, 4146143185, 4368669258, 4735574756, 4989338431, 5413551507, 5673001026, 6154112797, 6447117546, 6959161331, 7298940726, 7878081288, 8213311988, 8872683270, 9261531972, 9947907750, 10384859829, 11168118897, 11600454162, 12480676516, 12969230091, 13885137991, 14448735408, 15473139525, 16013685996, 17174680516, 17795940687, 18980445264, 19674439664],7.6.c.E.a

7.c,2,6,100,3,[[[-56, [43]], [1, [0]], [-31, [-32]], [1, [243]], [-31, [992]], [-3124, [-3125]], [7745, [211]], [1, [0]], [32737, [992]], [-59048, [-58806]], [-3156, [96843]], [1, [161051]], [-241087, [-247597]], [371294, [0]], [-31, [-32]], [756251, [-2882]], [-1015839, [-1047584]], [1, [1419857]], [-51304, [1830730]], [-2476098, [-2476099]], [3196844, [97867]], [1, [243]], [5153601, [161019]], [-6436342, [-6436343]], [-208319, [7715027]], [-3124, [9762500]], [-11510114, [-11881408]], [14289859, [-58806]], [-31, [992]], [20511150, [0]], [-23536005, [-24202914]], [1, [28629151]], [-1015839, [32506848]], [-39135392, [-38974099]], [45435393, [1419825]], [-3124, [-3125]], [60166040, [1582922]], [-69343956, [-69343957]], [-2476130, [76759037]], [371294, [90224442]], [-99170388, [-102302133]], [115856202, [0]], [7745, [211]], [147008444, [0]], [-159762623, [-164754181]], [697202, [184466194]], [-6436374, [199526601]], [-229345006, [-229345007]], [253547073, [6666451]], [1, [0]], [312496844, [9862468]], [-345025250, [-343605151]], [-11510114, [368323648]], [1, [418195493]], [-444867421, [-457334294]], [503281251, [157926]], [32737, [992]], [599215959, [-2475856]], [-635845650, [-656356800]], [1, [714924299]], [-20584837, [753149278]], [-844596300, [-844596301]], [916132801, [28629119]], [-59048, [-58806]], [1072725985, [32506848]], [-1159922456, [-1160293750]], [-33974016, [1213358445]], [1, [1350125107]], [-1408498175, [-1452512719]], [1557595007, [-6436100]], [-3156, [96843]], [1804229352, [0]], [-1874718824, [-1925372086]], [1, [2073071593]], [-69343988, [2149662635]], [-2372290624, [-2363284132]], [2533049246, [76760061]], [1, [161051]], [2875672030, [78343034]], [-3077056398, [-3077056399]], [-100218964, [3173449291]], [14289859, [3486725595]], [-3591542262, [-3707398464]], [3939040644, [0]], [-241087, [-247597]], [4437050001, [1416732]], [-4557261764, [-4704270208]], [20511150, [4984209450]], [-159729855, [5112564987]], [-5584059448, [-5584059449]], [5881304946, [162155730]], [371294, [0]], [6584378858, [199527625]], [-6956883692, [-6928254299]], [-229345038, [7109695185]], [-2479223, [7735330151]], [-7900179903, [-8113506093]], [8587340258, [0]], [-31, [-32]], [9470706058, [-39033148]], [-9684303156, [-9990136508]]]],[-155, 2, -30, -241, -1054, -3123, 15279, 2, 64482, -59290, -103155, -161049, -234577, 742588, -30, 1515384, -984094, -1419855, -1933338, -2476097, 6295821, -241, 10146183, -6436341, -8131665, -9768748, -11138820, 28638524, -1054, 41022300, -22869096, -28629149, -34538526, -39296685, 89450961, -3123, 118749158, -69343955, -81711297, -89481854, -96038643, 231712404, 15279, 294016888, -154771065, -183071790, -212399349, -229345005, 500427695, 2, 615131220, -346445349, -391343876, -418195491, -432400548, 1006404576, 64482, 1200907774, -615334500, -714924297, -794318952, -844596299, 1803636483, -59290, 2112945122, -1159551162, -1281306477, -1350125105, -1364483631, 3121626114, -103155, 3608458704, -1824065562, -2073071591, -2288350611, -2381297116, 4989338431, -161049, 5673001026, -3077056397, -3373887219, -3458145877, -3475686060, 7878081288, -234577, 8872683270, -4410253320, -4943187150, -5432024697, -5584059447, 11600454162, 742588, 12969230091, -6985513085, -7568385261, -7740288597, -7686853713, 17174680516, -30, 18980445264, -9378469804],7.6.c.E.b

8.b,5,6,100,1,[[[0, []], [1, []], [32, []], [242, []], [1024, []], [3124, []], [7744, []], [16808, []], [32768, []], [58807, []], [99968, []], [161050, []], [247808, []], [371292, []], [537856, []], [756008, []], [1048576, []], [1419858, []], [1881824, []], [2476098, []], [3198976, []], [4067536, []], [5153600, []], [6436344, []], [7929856, []], [9762501, []], [11881344, []], [14290100, []], [17211392, []], [20511148, []], [24192256, []], [28629152, []], [33554432, []], [38974100, []], [45435456, []], [52508192, []], [60218368, []], [69343956, []], [79235136, []], [89852664, []], [102367232, []], [115856202, []], [130161152, []], [147008442, []], [164915200, []], [183713068, []], [205963008, []], [229345008, []], [253755392, []], [282492057, []], [312400032, []], [343605636, []], [380203008, []], [418195492, []], [457283200, []], [503120200, []], [550764544, []], [599215716, []], [656356736, []], [714924298, []], [774152192, []], [844596300, []], [916132864, []], [988428056, []], [1073741824, []], [1159916208, []], [1247171200, []], [1350125106, []], [1453934592, []], [1557595248, []], [1680262144, []], [1804229352, []], [1926987776, []], [2073071594, []], [2219006592, []], [2362525242, []], [2535524352, []], [2706928400, []], [2875285248, []], [3077056400, []], [3275751424, []], [3472494301, []], [3707398464, []], [3939040642, []], [4165156864, []], [4435636392, []], [4704270144, []], [4963697816, []], [5277286400, []], [5584059450, []], [5878818176, []], [6240675936, []], [6590816256, []], [6928254784, []], [7339040256, []], [7735330152, []], [8120172544, []], [8587340258, []], [9039745824, []], [9470867350, []], [9996801024, []]]],[0, 1, 32, 242, 1024, 3124, 7744, 16808, 32768, 58807, 99968, 161050, 247808, 371292, 537856, 756008, 1048576, 1419858, 1881824, 2476098, 3198976, 4067536, 5153600, 6436344, 7929856, 9762501, 11881344, 14290100, 17211392, 20511148, 24192256, 28629152, 33554432, 38974100, 45435456, 52508192, 60218368, 69343956, 79235136, 89852664, 102367232, 115856202, 130161152, 147008442, 164915200, 183713068, 205963008, 229345008, 253755392, 282492057, 312400032, 343605636, 380203008, 418195492, 457283200, 503120200, 550764544, 599215716, 656356736, 714924298, 774152192, 844596300, 916132864, 988428056, 1073741824, 1159916208, 1247171200, 1350125106, 1453934592, 1557595248, 1680262144, 1804229352, 1926987776, 2073071594, 2219006592, 2362525242, 2535524352, 2706928400, 2875285248, 3077056400, 3275751424, 3472494301, 3707398464, 3939040642, 4165156864, 4435636392, 4704270144, 4963697816, 5277286400, 5584059450, 5878818176, 6240675936, 6590816256, 6928254784, 7339040256, 7735330152, 8120172544, 8587340258, 9039745824, 9470867350, 9996801024],8.6.b.E.a

8.b,5,6,100,1,[[[-361/2, []], [1, []], [1, []], [-242, []], [1, []], [-3124, []], [-242, []], [16808, []], [1, []], [58807, []], [-3124, []], [-161050, []], [-242, []], [-371292, []], [16808, []], [756008, []], [1, []], [1419858, []], [58807, []], [-2476098, []], [-3124, []], [-4067536, []], [-161050, []], [6436344, []], [-242, []], [9762501, []], [-371292, []], [-14290100, []], [16808, []], [-20511148, []], [756008, []], [28629152, []], [1, []], [38974100, []], [1419858, []], [-52508192, []], [58807, []], [-69343956, []], [-2476098, []], [89852664, []], [-3124, []], [115856202, []], [-4067536, []], [-147008442, []], [-161050, []], [-183713068, []], [6436344, []], [229345008, []], [-242, []], [282492057, []], [9762501, []], [-343605636, []], [-371292, []], [-418195492, []], [-14290100, []], [503120200, []], [16808, []], [599215716, []], [-20511148, []], [-714924298, []], [756008, []], [-844596300, []], [28629152, []], [988428056, []], [1, []], [1159916208, []], [38974100, []], [-1350125106, []], [1419858, []], [-1557595248, []], [-52508192, []], [1804229352, []], [58807, []], [2073071594, []], [-69343956, []], [-2362525242, []], [-2476098, []], [-2706928400, []], [89852664, []], [3077056400, []], [-3124, []], [3472494301, []], [115856202, []], [-3939040642, []], [-4067536, []], [-4435636392, []], [-147008442, []], [4963697816, []], [-161050, []], [5584059450, []], [-183713068, []], [-6240675936, []], [6436344, []], [-6928254784, []], [229345008, []], [7735330152, []], [-242, []], [8587340258, []], [282492057, []], [-9470867350, []], [9762501, []]]],[-361/2, 1, 1, -242, 1, -3124, -242, 16808, 1, 58807, -3124, -161050, -242, -371292, 16808, 756008, 1, 1419858, 58807, -2476098, -3124, -4067536, -161050, 6436344, -242, 9762501, -371292, -14290100, 16808, -20511148, 756008, 28629152, 1, 38974100, 1419858, -52508192, 58807, -69343956, -2476098, 89852664, -3124, 115856202, -4067536, -147008442, -161050, -183713068, 6436344, 229345008, -242, 282492057, 9762501, -343605636, -371292, -418195492, -14290100, 503120200, 16808, 599215716, -20511148, -714924298, 756008, -844596300, 28629152, 988428056, 1, 1159916208, 38974100, -1350125106, 1419858, -1557595248, -52508192, 1804229352, 58807, 2073071594, -69343956, -2362525242, -2476098, -2706928400, 89852664, 3077056400, -3124, 3472494301, 115856202, -3939040642, -4067536, -4435636392, -147008442, 4963697816, -161050, 5584059450, -183713068, -6240675936, 6436344, -6928254784, 229345008, 7735330152, -242, 8587340258, 282492057, -9470867350, 9762501],8.6.b.E.b

9.c,4,6,100,3,[[[0, [0]], [1, [0]], [32, [1]], [243, [0]], [1023, [31]], [3124, [-1]], [7776, [243]], [16807, [1]], [32737, [992]], [59049, [0]], [99969, [3093]], [161051, [1]], [248589, [7533]], [371292, [-1]], [537823, [16838]], [759132, [-243]], [1047584, [31745]], [1419858, [0]], [1889568, [59049]], [2476100, [0]], [3195883, [95852]], [4084101, [243]], [5153631, [161082]], [6436342, [-1]], [7955091, [241056]], [9762500, [-3124]], [11881345, [371261]], [14348907, [0]], [17193530, [522009]], [20511149, [1]], [24292467, [751599]], [28629150, [-1]], [33522687, [1015839]], [39135393, [243]], [45435456, [1419858]], [52505069, [-13682]], [60407127, [1830519]], [69343958, [0]], [79235200, [2476100]], [90223956, [-243]], [102271380, [3067263]], [115856200, [-1]], [130690989, [4091634]], [147008443, [1]], [164755142, [4993573]], [184469076, [-59049]], [205962945, [6436311]], [229345007, [1]], [254562912, [7714035]], [282475248, [16806]], [312403124, [9665656]], [345025494, [0]], [379831747, [11509060]], [418195494, [0]], [459165024, [14348907]], [503123325, [-157926]], [550209767, [16704289]], [601692300, [0]], [656356767, [20511180]], [714924298, [-1]], [776599569, [23292036]], [844596301, [1]], [916132801, [28629119]], [992436543, [59049]], [1072725985, [32506848]], [1159916207, [-374417]], [1252332333, [39142926]], [1350125106, [-1]], [1452514734, [44015598]], [1564031106, [-243]], [1680175890, [52080927]], [1804229352, [0]], [1933087113, [58576608]], [2073071594, [0]], [2219006656, [69343958]], [2372287500, [-759132]], [2533050300, [76759100]], [2706784156, [177857]], [2887166835, [90216423]], [3077056399, [1]], [3272684161, [98155541]], [3486784401, [0]], [3707398401, [115856169]], [3939040643, [1]], [4178027790, [126848187]], [4435636392, [-1419858]], [4704270175, [147008474]], [4984209207, [243]], [5272325595, [159794337]], [5584059450, [0]], [5903069481, [182638557]], [6240304645, [354486]], [6584377897, [199525610]], [6956883450, [-243]], [7339040223, [229345038]], [7735336400, [-2476100]], [8146012941, [246848877]], [8587340257, [1]], [9039191130, [282996234]], [9509900499, [59049]], [9987134344, [299538492]]]],[0, 2, 63, 486, 2015, 6249, 15309, 33613, 64482, 118098, 196845, 322101, 489645, 742585, 1058808, 1518507, 2063423, 2839716, 3720087, 4952200, 6295914, 8167959, 10146180, 12872685, 15669126, 19528124, 23391429, 28697814, 33865051, 41022297, 47833335, 57258301, 66029535, 78270543, 89451054, 105023820, 118983735, 138687916, 155994300, 180448155, 201475497, 231712401, 257290344, 294016885, 324516711, 368997201, 405489579, 458690013, 501411789, 564933690, 615140592, 690050988, 748154434, 836390988, 903981141, 1006404576, 1083715245, 1203384600, 1292202354, 1429848597, 1529907102, 1689192601, 1803636483, 1984814037, 2112945122, 2320206831, 2465521740, 2700250213, 2861013870, 3128062455, 3308270853, 3608458704, 3807597618, 4146143188, 4368669354, 4745334132, 4989341500, 5413390455, 5684117247, 6154112797, 6447212781, 6973568802, 7298940633, 7878081285, 8229207393, 8872692642, 9261531876, 9968418171, 10384856853, 11168118900, 11623500405, 12480254804, 12969230184, 13913767143, 14448735408, 15473148900, 16045177005, 17174680513, 17795386026, 19019741949, 19674730196],9.6.c.E.a

9.c,4,6,100,3,[[[-1172/3, [-751/3]], [1, [0]], [1, [32]], [1, [0]], [-1023, [-992]], [-3124, [-3125]], [1, [32]], [1, [16807]], [31745, [-992]], [1, [0]], [96876, [-3093]], [1, [161051]], [-1023, [-992]], [-371292, [-371293]], [-537823, [-520985]], [-3124, [-3125]], [31745, [1047584]], [1419858, [0]], [1, [32]], [2476100, [0]], [95852, [3195883]], [1, [16807]], [-5153631, [-4992549]], [-6436342, [-6436343]], [31745, [-992]], [-3124, [9762500]], [11510084, [-371261]], [1, [0]], [16671521, [-522009]], [1, [20511149]], [96876, [-3093]], [-28629150, [-28629151]], [-33522687, [-32506848]], [1, [161051]], [1419858, [45435456]], [52518751, [13682]], [-1023, [-992]], [69343958, [0]], [2476100, [79235200]], [-371292, [-371293]], [-102271380, [-99204117]], [-115856200, [-115856201]], [-537823, [-520985]], [1, [147008443]], [159761569, [-4993573]], [-3124, [-3125]], [199526634, [-6436311]], [1, [229345007]], [31745, [1047584]], [-282475248, [-282458442]], [-312403124, [-302737468]], [1419858, [0]], [11509060, [379831747]], [418195494, [0]], [1, [32]], [503281251, [157926]], [16704289, [550209767]], [2476100, [0]], [-656356767, [-635845587]], [-714924298, [-714924299]], [95852, [3195883]], [1, [844596301]], [887503682, [-28629119]], [1, [16807]], [1040219137, [-32506848]], [-374417, [1159916207]], [-5153631, [-4992549]], [-1350125106, [-1350125107]], [-1452514734, [-1408499136]], [-6436342, [-6436343]], [52080927, [1680175890]], [1804229352, [0]], [31745, [-992]], [2073071594, [0]], [69343958, [2219006656]], [-3124, [9762500]], [-2533050300, [-2456291200]], [-2706784156, [-2706606299]], [11510084, [-371261]], [1, [3077056399]], [3174528620, [-98155541]], [1, [0]], [3591542232, [-115856169]], [1, [3939040643]], [16671521, [-522009]], [-4435636392, [-4437056250]], [-4704270175, [-4557261701]], [1, [20511149]], [159794337, [5272325595]], [5584059450, [0]], [96876, [-3093]], [6239950159, [-354486]], [199525610, [6584377897]], [-28629150, [-28629151]], [-7339040223, [-7109695185]], [-7735336400, [-7737812500]], [-33522687, [-32506848]], [1, [8587340257]], [8756194896, [-282996234]], [1, [161051]], [9687595852, [-299538492]]]],[-531, 2, -30, 2, -1054, -3123, -30, -16805, 64482, 2, 196845, -161049, -1054, -371291, -554661, -3123, -984094, 2839716, -30, 4952200, -3004179, -16805, -5314713, -6436341, 64482, -9768748, 23391429, 2, 33865051, -20511147, 196845, -28629149, -34538526, -161049, -42595740, 105023820, -1054, 138687916, -74283000, -371291, -105338643, -115856199, -554661, -147008441, 324516711, -3123, 405489579, -229345005, -984094, -282492054, -322068780, 2839716, -356813627, 836390988, -30, 1006404576, -516801189, 4952200, -676867947, -714924297, -3004179, -844596299, 1803636483, -16805, 2112945122, -1160665041, -5314713, -1350125105, -1496530332, -6436341, -1576014036, 3608458704, 64482, 4146143188, -2080318740, -9768748, -2609809400, -2706962013, 23391429, -3077056397, 6447212781, 2, 7298940633, -3939040641, 33865051, -4434216534, -4851278649, -20511147, -4952736921, 11168118900, 196845, 12480254804, -6185326677, -28629149, -7568385261, -7732860300, -34538526, -8587340255, 17795386026, -161049, 19674730196],9.6.c.E.b

11.c,3,6,100,5,[[[0, [0, 0, 0]], [1, [0, 0, 0]], [31, [-1, -1, -1]], [243, [0, 1, 0]], [992, [-32, -32, -31]], [3125, [1, 0, 0]], [7533, [-242, -211, -243]], [16807, [0, 0, 1]], [31744, [-1024, -1023, -992]], [59048, [-1, 242, -1]], [96876, [-3093, -3125, -3125]], [161051, [0, 0, 0]], [241057, [-7744, -6752, -7533]], [371292, [-1, -1, -1]], [521017, [-16807, -16806, -16775]], [759375, [243, 3125, 1]], [1015808, [-32767, -32736, -31744]], [1419857, [1, 0, 0]], [1830487, [-58838, -51305, -59080]], [2476099, [0, 1, 0]], [3100031, [-98977, -100001, -96876]], [4084102, [0, 16807, 243]], [4992581, [-161051, -161051, -161051]], [6436344, [0, 0, 0]], [7713823, [-247809, -215822, -241057]], [9765625, [3125, 1, 0]], [11510051, [-371325, -371325, -371324]], [14348664, [-242, 58806, -243]], [16672544, [-537823, -537792, -519993]], [20511149, [0, 0, 1]], [23540868, [-748474, -659374, -759343]], [28629150, [-1, -1, -1]], [32505857, [-1048544, -1047552, -1015808]], [39135393, [0, 161051, 0]], [44015568, [-1419825, -1419857, -1419857]], [52521874, [16806, -1, 3124]], [58575827, [-1882816, -1641759, -1831511]], [69343957, [0, 0, 1]], [76759069, [-2476098, -2476067, -2476099]], [90223956, [-242, 371050, -243]], [99200992, [-3167264, -3196907, -3100031]], [115856201, [0, 1, 0]], [126607162, [-4067295, -3546035, -4076326]], [147008444, [0, 0, 0]], [159762592, [-5153632, -5153632, -4992581]], [184525001, [55924, 756250, -2882]], [199526664, [-6436344, -6436344, -6436344]], [229345007, [0, 1, 0]], [246842336, [-7929645, -6906304, -7713823]], [282475249, [1, 0, 16807]], [302737500, [-9665624, -9765593, -9765625]], [345025251, [243, 1419857, 1]], [368321632, [-11882400, -11882399, -11511075]], [418195492, [-1, -1, -1]], [444808342, [-14297602, -12467115, -14356440]], [503284375, [161051, 0, 0]], [533521409, [-17210336, -17192537, -16639776]], [601692056, [-1, 2476341, -1]], [635845619, [-20511149, -20511148, -20511117]], [714924299, [0, 0, 1]], [753310658, [-23951410, -21100211, -23539844]], [844596301, [1, 0, 0]], [887503649, [-28629183, -28629183, -28629182]], [992419979, [-16807, 4067295, 42242]], [1040187423, [-33553409, -33521665, -32505857]], [1160287501, [368168, -3125, -3125]], [1213197183, [-38974342, -33981761, -39135393]], [1350125108, [0, 0, 0]], [1408498175, [-45434401, -45435425, -44015568]], [1564031592, [0, 6436344, 0]], [1628194900, [-51984083, -52518782, -52421906]], [1804229351, [1, 0, 0]], [1874426221, [-60250354, -52477482, -58608595]], [2073071593, [0, 0, 1]], [2149662667, [-69343957, -69343956, -69343925]], [2373046874, [759374, 9765867, 3124]], [2456290209, [-79235136, -79234144, -76759069]], [2706784157, [0, 0, 161051]], [2796942394, [-89860650, -78350599, -90231732]], [3077056398, [-1, -1, -1]], [3174431744, [-101349323, -102301023, -99200992]], [3486725352, [-58806, 14289858, -59048]], [3591542231, [-115856200, -115856169, -115856201]], [3939040643, [1, 0, 0]], [4051445991, [-130153197, -113473120, -126358330]], [4437053125, [1422982, 1, 0]], [4557261764, [-147008444, -147008444, -147008444]], [4984209208, [0, 20511149, 243]], [5112402944, [-164916224, -164755173, -159762592]], [5584059450, [0, 0, 0]], [5720330955, [-181979183, -160327883, -184617225]], [6240304644, [-16807, -16806, 354486]], [6384853248, [-205963008, -205963008, -199526664]], [6956883450, [-242, 28628908, -243]], [7109695217, [-229345006, -229344975, -229345007]], [7737809375, [2476099, 3125, 1]], [7898954995, [-253748640, -221001727, -246842336]], [8587340256, [-1, -1, -1]], [8756732720, [-282475217, -282458442, -281937425]], [9509739448, [-161051, 38974342, -161051]], [9687596876, [-309303093, -312502101, -302737500]]]],[0, 4, 127, 971, 4063, 12499, 30828, 67227, 130015, 235952, 396847, 644204, 986257, 1485171, 2134456, 3034131, 4160479, 5679427, 7491171, 9904395, 12695978, 16319358, 20453477, 25745376, 31559980, 39059374, 47154178, 57336335, 68285784, 82044595, 96330663, 114516603, 133135332, 156380521, 180321811, 210067567, 239659394, 277375827, 314464540, 360525259, 406268170, 463424803, 518118304, 588033776, 654350213, 737290712, 817415688, 917380027, 1009919116, 1129884188, 1240146842, 1378680903, 1508562402, 1672781971, 1820354525, 2012976449, 2185128285, 2404291885, 2604915890, 2859697195, 3081834097, 3378385203, 3635902144, 3965587186, 4260330623, 4640788086, 4964880228, 5400500432, 5768878094, 6249690024, 6669704371, 7216917403, 7669041315, 8292286371, 8806682506, 9481659131, 10060389185, 10826975577, 11446212557, 12308225595, 13000578314, 13932729404, 14713737494, 15756162571, 16575768611, 17746789517, 18670072388, 19916325440, 20939045765, 22336237800, 23408248111, 24960897703, 26150865672, 27798905377, 29126815856, 30948758275, 32317412683, 34349361027, 35873801964, 38000305552, 39674930198],11.6.c.E.a

11.c,3,6,100,5,[[[-3064/11, [9336/11, 3873/11, 7325/11]], [1, [0, 0, 0]], [-31, [-32, -32, -32]], [1, [0, 243, 0]], [-31, [-32, -32, 992]], [1, [3125, 0, 0]], [-31, [7744, 211, -32]], [1, [0, 0, 16807]], [-31, [-32, 32736, 992]], [-59048, [-59049, -58806, -59049]], [99969, [3093, -32, -32]], [1, [0, 0, 0]], [248801, [7744, 211, 992]], [-371292, [-371293, -371293, -371293]], [-31, [-32, 537792, 16775]], [1, [3125, 243, 759375]], [-31, [1048544, 32736, 992]], [1, [1419857, 0, 0]], [-59080, [-51305, -58838, 1830487]], [1, [0, 2476099, 0]], [-3100031, [-3196907, -3200032, -3199008]], [4084102, [0, 243, 16807]], [-31, [-32, -32, -32]], [6436344, [0, 0, 0]], [-7713823, [-7954880, -7929645, -7961632]], [1, [3125, 9765625, 0]], [-371324, [-371325, -371325, 11510051]], [-59048, [14289858, -58806, -59049]], [-31, [17210336, 537792, 17799]], [1, [0, 0, 20511149]], [99969, [10869, 24300211, 759343]], [-28629150, [-28629151, -28629151, -28629151]], [33554401, [1048544, 32736, 992]], [1, [0, 243, 0]], [45435393, [1419825, -32, -32]], [-52521874, [-52518750, -52521875, -52505068]], [189752, [-51305, 60407338, 1831511]], [1, [0, 0, 69343957]], [-31, [79235136, 2476067, -32]], [-371292, [89852906, -371050, -371293]], [-3100031, [-3196907, -3167264, 99200992]], [1, [0, 115856201, 0]], [-126607162, [-130683488, -130153197, -130674457]], [147008444, [0, 0, 0]], [-31, [-32, -32, 992]], [184469077, [-55924, -58806, 700326]], [-199526664, [-205963008, -205963008, -205963008]], [1, [0, 229345007, 0]], [-7713823, [-6906304, -7929645, 246842336]], [1, [282475249, 0, 16807]], [99969, [312503093, 9765593, -32]], [1, [1419857, 243, 345025251]], [-371324, [-371325, 379832707, 11511075]], [-418195492, [-418195493, -418195493, -418195493]], [459105944, [14297602, -58838, 1830487]], [1, [3125, 0, 0]], [550731745, [17210336, 570560, 17799]], [-601692056, [-601692057, -599215715, -601692057]], [-31, [-32, 656356736, 20511117]], [1, [0, 0, 714924299]], [-2851199, [774410869, 21100211, -2439633]], [1, [844596301, 0, 0]], [-28629182, [-28629183, -28629183, 887503649]], [4025053, [-59049, 992377737, -42242]], [-1040187423, [-1072693280, -1073709088, -1073740832]], [1159919333, [-368168, -371293, -371293]], [-31, [7744, 211, -32]], [1350125108, [0, 0, 0]], [-1408498175, [-1452513743, -1453933600, -1453932576]], [6436344, [0, 1564031592, 0]], [-52421906, [-52518782, -51984083, 1628194900]], [1, [1804229351, 0, 0]], [-7772872, [1926903703, 52477482, -6131113]], [1, [0, 0, 2073071593]], [-31, [-32, 2219006592, 69343925]], [-2373046874, [-2373043750, -2363281007, -2372287500]], [2535525345, [79235136, 2476067, 992]], [1, [0, 0, 16807]], [2886803044, [89860650, -371082, 11510051]], [-3077056398, [-3077056399, -3077056399, -3077056399]], [-3100031, [-2148331, 3273632736, 99200992]], [-59048, [14289858, -58806, 3486725352]], [-31, [3707398400, 115856169, -32]], [1, [3939040643, 0, 0]], [-126358330, [-113473120, -130153197, 4051445991]], [1, [1422982, 4437053125, 0]], [-4557261764, [-4704270208, -4704270208, -4704270208]], [4984209208, [0, 243, 20511149]], [-31, [-32, 32736, 992]], [5584059450, [0, 0, 0]], [-5720330955, [-5904948180, -5880658838, -5902310138]], [-371292, [-371293, 6239950158, -354486]], [-199526664, [-205963008, -205963008, 6384853248]], [-28629150, [6928254542, -28628908, -28629151]], [-31, [7339040192, 229344975, -32]], [1, [3125, 2476099, 7737809375]], [25840609, [-6906304, 8145797331, 246842336]], [-8587340256, [-8587340257, -8587340257, -8587340257]], [9039207937, [282475217, 537792, 16775]], [-59048, [-59049, -58806, -59049]], [9996899969, [309303093, 6565593, -3199008]]]],[-32790/11, 4, -28, -239, -1052, -3121, -8047, -16803, -33820, -59288, 396847, 4, 986257, -371289, -554659, -762739, -1082396, -1419853, -1956664, -2476095, -2804177, 16319358, -28, 25745376, -7009135, -9768746, -12252697, -14408195, -17766051, -20511145, -24670547, -28629147, 133135332, -239, 180321811, -52541803, -61428536, -69343953, -81711295, -90595731, -105236945, -115856197, -114917506, 588033776, -1052, 737290712, -180217632, -229345003, -262861679, -282492052, -321868778, -346445347, -392457753, -418195489, 1820354525, -3121, 2185128285, -604168395, -676867945, -714924295, -804476243, -844596297, -944762011, -976176234, -940606492, 4640788086, -8047, 5400500432, -1273612781, -1538286216, -1733379659, -1804229347, -2004341560, -2073071589, -2288350609, -2383575239, 10060389185, -16803, 11446212557, -3077056395, -3383085521, -3501192596, -3823254661, -3939040639, -4313252994, -4438476103, -4116236432, 19916325440, -33820, 22336237800, -5193406664, -6240709547, -6771033888, -6985513083, -7568385259, -7740288595, -8282370927, -8587340253, 35873801964, -59288, 39674930198],11.6.c.E.b

12.b,11,6,100,1,[[[0, []], [1, []], [32, []], [243, []], [1024, []], [3124, []], [7776, []], [16806, []], [32768, []], [59049, []], [99968, []], [161052, []], [248832, []], [371294, []], [537792, []], [759132, []], [1048576, []], [1419856, []], [1889568, []], [2476098, []], [3198976, []], [4083858, []], [5153664, []], [6436344, []], [7962624, []], [9762501, []], [11881408, []], [14348907, []], [17209344, []], [20511148, []], [24292224, []], [28629150, []], [33554432, []], [39135636, []], [45435392, []], [52501944, []], [60466176, []], [69343958, []], [79235136, []], [90224442, []], [102367232, []], [115856200, []], [130683456, []], [147008442, []], [164917248, []], [184469076, []], [205963008, []], [229345008, []], [254803968, []], [282458443, []], [312400032, []], [345025008, []], [380205056, []], [418195492, []], [459165024, []], [503126448, []], [550699008, []], [601691814, []], [656356736, []], [714924300, []], [777351168, []], [844596302, []], [916132800, []], [992377494, []], [1073741824, []], [1159922456, []], [1252340352, []], [1350125106, []], [1453932544, []], [1564031592, []], [1680062208, []], [1804229352, []], [1934917632, []], [2073071594, []], [2219006656, []], [2372287743, []], [2535524352, []], [2706639912, []], [2887182144, []], [3077056398, []], [3275751424, []], [3486784401, []], [3707398400, []], [3939040644, []], [4181870592, []], [4435630144, []], [4704270144, []], [4984208964, []], [5277351936, []], [5584059448, []], [5903010432, []], [6239966964, []], [6590816256, []], [6956883450, []], [7339040256, []], [7735330152, []], [8153726976, []], [8587340258, []], [9038670176, []], [9509959548, []], [9996801024, []]]],[0, 1, 32, 243, 1024, 3124, 7776, 16806, 32768, 59049, 99968, 161052, 248832, 371294, 537792, 759132, 1048576, 1419856, 1889568, 2476098, 3198976, 4083858, 5153664, 6436344, 7962624, 9762501, 11881408, 14348907, 17209344, 20511148, 24292224, 28629150, 33554432, 39135636, 45435392, 52501944, 60466176, 69343958, 79235136, 90224442, 102367232, 115856200, 130683456, 147008442, 164917248, 184469076, 205963008, 229345008, 254803968, 282458443, 312400032, 345025008, 380205056, 418195492, 459165024, 503126448, 550699008, 601691814, 656356736, 714924300, 777351168, 844596302, 916132800, 992377494, 1073741824, 1159922456, 1252340352, 1350125106, 1453932544, 1564031592, 1680062208, 1804229352, 1934917632, 2073071594, 2219006656, 2372287743, 2535524352, 2706639912, 2887182144, 3077056398, 3275751424, 3486784401, 3707398400, 3939040644, 4181870592, 4435630144, 4704270144, 4984208964, 5277351936, 5584059448, 5903010432, 6239966964, 6590816256, 6956883450, 7339040256, 7735330152, 8153726976, 8587340258, 9038670176, 9509959548, 9996801024],12.6.b.E.a

12.b,11,6,100,1,[[[-1681, []], [1, []], [1, []], [1, []], [1, []], [-3124, []], [1, []], [-16806, []], [1, []], [1, []], [-3124, []], [161052, []], [1, []], [371294, []], [-16806, []], [-3124, []], [1, []], [-1419856, []], [1, []], [-2476098, []], [-3124, []], [-16806, []], [161052, []], [6436344, []], [1, []], [9762501, []], [371294, []], [1, []], [-16806, []], [-20511148, []], [-3124, []], [-28629150, []], [1, []], [161052, []], [-1419856, []], [52501944, []], [1, []], [69343958, []], [-2476098, []], [371294, []], [-3124, []], [-115856200, []], [-16806, []], [-147008442, []], [161052, []], [-3124, []], [6436344, []], [229345008, []], [1, []], [282458443, []], [9762501, []], [-1419856, []], [371294, []], [-418195492, []], [1, []], [-503126448, []], [-16806, []], [-2476098, []], [-20511148, []], [714924300, []], [-3124, []], [844596302, []], [-28629150, []], [-16806, []], [1, []], [-1159922456, []], [161052, []], [-1350125106, []], [-1419856, []], [6436344, []], [52501944, []], [1804229352, []], [1, []], [2073071594, []], [69343958, []], [9762501, []], [-2476098, []], [-2706639912, []], [371294, []], [-3077056398, []], [-3124, []], [1, []], [-115856200, []], [3939040644, []], [-16806, []], [4435630144, []], [-147008442, []], [-20511148, []], [161052, []], [-5584059448, []], [-3124, []], [-6239966964, []], [6436344, []], [-28629150, []], [229345008, []], [7735330152, []], [1, []], [8587340258, []], [282458443, []], [161052, []], [9762501, []]]],[-1681, 1, 1, 1, 1, -3124, 1, -16806, 1, 1, -3124, 161052, 1, 371294, -16806, -3124, 1, -1419856, 1, -2476098, -3124, -16806, 161052, 6436344, 1, 9762501, 371294, 1, -16806, -20511148, -3124, -28629150, 1, 161052, -1419856, 52501944, 1, 69343958, -2476098, 371294, -3124, -115856200, -16806, -147008442, 161052, -3124, 6436344, 229345008, 1, 282458443, 9762501, -1419856, 371294, -418195492, 1, -503126448, -16806, -2476098, -20511148, 714924300, -3124, 844596302, -28629150, -16806, 1, -1159922456, 161052, -1350125106, -1419856, 6436344, 52501944, 1804229352, 1, 2073071594, 69343958, 9762501, -2476098, -2706639912, 371294, -3077056398, -3124, 1, -115856200, 3939040644, -16806, 4435630144, -147008442, -20511148, 161052, -5584059448, -3124, -6239966964, 6436344, -28629150, 229345008, 7735330152, 1, 8587340258, 282458443, 161052, 9762501],12.6.b.E.b

12.b,11,6,100,1,[[[0, []], [1, []], [-32, []], [-1, []], [1024, []], [-3124, []], [32, []], [16806, []], [-32768, []], [1, []], [99968, []], [-161052, []], [-1024, []], [371294, []], [-537792, []], [3124, []], [1048576, []], [-1419856, []], [-32, []], [2476098, []], [-3198976, []], [-16806, []], [5153664, []], [-6436344, []], [32768, []], [9762501, []], [-11881408, []], [-1, []], [17209344, []], [-20511148, []], [-99968, []], [28629150, []], [-33554432, []], [161052, []], [45435392, []], [-52501944, []], [1024, []], [69343958, []], [-79235136, []], [-371294, []], [102367232, []], [-115856200, []], [537792, []], [147008442, []], [-164917248, []], [-3124, []], [205963008, []], [-229345008, []], [-1048576, []], [282458443, []], [-312400032, []], [1419856, []], [380205056, []], [-418195492, []], [32, []], [503126448, []], [-550699008, []], [-2476098, []], [656356736, []], [-714924300, []], [3198976, []], [844596302, []], [-916132800, []], [16806, []], [1073741824, []], [-1159922456, []], [-5153664, []], [1350125106, []], [-1453932544, []], [6436344, []], [1680062208, []], [-1804229352, []], [-32768, []], [2073071594, []], [-2219006656, []], [-9762501, []], [2535524352, []], [-2706639912, []], [11881408, []], [3077056398, []], [-3275751424, []], [1, []], [3707398400, []], [-3939040644, []], [-17209344, []], [4435630144, []], [-4704270144, []], [20511148, []], [5277351936, []], [-5584059448, []], [99968, []], [6239966964, []], [-6590816256, []], [-28629150, []], [7339040256, []], [-7735330152, []], [33554432, []], [8587340258, []], [-9038670176, []], [-161052, []], [9996801024, []]]],[0, 1, -32, -1, 1024, -3124, 32, 16806, -32768, 1, 99968, -161052, -1024, 371294, -537792, 3124, 1048576, -1419856, -32, 2476098, -3198976, -16806, 5153664, -6436344, 32768, 9762501, -11881408, -1, 17209344, -20511148, -99968, 28629150, -33554432, 161052, 45435392, -52501944, 1024, 69343958, -79235136, -371294, 102367232, -115856200, 537792, 147008442, -164917248, -3124, 205963008, -229345008, -1048576, 282458443, -312400032, 1419856, 380205056, -418195492, 32, 503126448, -550699008, -2476098, 656356736, -714924300, 3198976, 844596302, -916132800, 16806, 1073741824, -1159922456, -5153664, 1350125106, -1453932544, 6436344, 1680062208, -1804229352, -32768, 2073071594, -2219006656, -9762501, 2535524352, -2706639912, 11881408, 3077056398, -3275751424, 1, 3707398400, -3939040644, -17209344, 4435630144, -4704270144, 20511148, 5277351936, -5584059448, 99968, 6239966964, -6590816256, -28629150, 7339040256, -7735330152, 33554432, 8587340258, -9038670176, -161052, 9996801024],12.6.b.E.c

12.b,11,6,100,1,[[[0, []], [1, []], [-1, []], [-243, []], [1, []], [3124, []], [243, []], [-16806, []], [-1, []], [59049, []], [-3124, []], [-161052, []], [-243, []], [371294, []], [16806, []], [-759132, []], [1, []], [1419856, []], [-59049, []], [-2476098, []], [3124, []], [4083858, []], [161052, []], [-6436344, []], [243, []], [9762501, []], [-371294, []], [-14348907, []], [-16806, []], [20511148, []], [759132, []], [-28629150, []], [-1, []], [39135636, []], [-1419856, []], [-52501944, []], [59049, []], [69343958, []], [2476098, []], [-90224442, []], [-3124, []], [115856200, []], [-4083858, []], [-147008442, []], [-161052, []], [184469076, []], [6436344, []], [-229345008, []], [-243, []], [282458443, []], [-9762501, []], [-345025008, []], [371294, []], [418195492, []], [14348907, []], [-503126448, []], [16806, []], [601691814, []], [-20511148, []], [-714924300, []], [-759132, []], [844596302, []], [28629150, []], [-992377494, []], [1, []], [1159922456, []], [-39135636, []], [-1350125106, []], [1419856, []], [1564031592, []], [52501944, []], [-1804229352, []], [-59049, []], [2073071594, []], [-69343958, []], [-2372287743, []], [-2476098, []], [2706639912, []], [90224442, []], [-3077056398, []], [3124, []], [3486784401, []], [-115856200, []], [-3939040644, []], [4083858, []], [4435630144, []], [147008442, []], [-4984208964, []], [161052, []], [5584059448, []], [-184469076, []], [-6239966964, []], [-6436344, []], [6956883450, []], [229345008, []], [-7735330152, []], [243, []], [8587340258, []], [-282458443, []], [-9509959548, []], [9762501, []]]],[0, 1, -1, -243, 1, 3124, 243, -16806, -1, 59049, -3124, -161052, -243, 371294, 16806, -759132, 1, 1419856, -59049, -2476098, 3124, 4083858, 161052, -6436344, 243, 9762501, -371294, -14348907, -16806, 20511148, 759132, -28629150, -1, 39135636, -1419856, -52501944, 59049, 69343958, 2476098, -90224442, -3124, 115856200, -4083858, -147008442, -161052, 184469076, 6436344, -229345008, -243, 282458443, -9762501, -345025008, 371294, 418195492, 14348907, -503126448, 16806, 601691814, -20511148, -714924300, -759132, 844596302, 28629150, -992377494, 1, 1159922456, -39135636, -1350125106, 1419856, 1564031592, 52501944, -1804229352, -59049, 2073071594, -69343958, -2372287743, -2476098, 2706639912, 90224442, -3077056398, 3124, 3486784401, -115856200, -3939040644, 4083858, 4435630144, 147008442, -4984208964, 161052, 5584059448, -184469076, -6239966964, -6436344, 6956883450, 229345008, -7735330152, 243, 8587340258, -282458443, -9509959548, 9762501],12.6.b.E.d

13.b,12,6,100,1,[[[0, []], [1, []], [31, []], [244, []], [993, []], [3124, []], [7564, []], [16806, []], [31775, []], [59293, []], [96844, []], [161050, []], [242292, []], [371293, []], [520986, []], [762256, []], [1016801, []], [1419858, []], [1838083, []], [2476098, []], [3102132, []], [4100664, []], [4992550, []], [6436344, []], [7753100, []], [9762501, []], [11510083, []], [14408200, []], [16688358, []], [20511150, []], [23629936, []], [28629150, []], [32537631, []], [39296200, []], [44015598, []], [52501944, []], [58877949, []], [69343956, []], [76759038, []], [90595492, []], [99265100, []], [115856200, []], [127120584, []], [147008444, []], [159922650, []], [185231332, []], [199526664, []], [229345006, []], [248099444, []], [282458443, []], [302637531, []], [346445352, []], [368693949, []], [418195494, []], [446654200, []], [503120200, []], [534010650, []], [604167912, []], [635845650, []], [714924298, []], [756920208, []], [844596302, []], [887503650, []], [996478158, []], [1041204193, []], [1159919332, []], [1218182200, []], [1350125106, []], [1409918994, []], [1570467936, []], [1627560264, []], [1804229350, []], [1884035075, []], [2073071592, []], [2149662636, []], [2382050244, []], [2458765314, []], [2706606300, []], [2808460252, []], [3077056400, []], [3176486324, []], [3501192601, []], [3591542200, []], [3939040642, []], [4071959352, []], [4435636392, []], [4557261764, []], [5004720600, []], [5117363750, []], [5584059448, []], [5742171292, []], [6239950158, []], [6391289592, []], [6985512600, []], [7109695186, []], [7735330152, []], [7939181964, []], [8587340256, []], [8756211733, []], [9549137650, []], [9694163493, []]]],[0, 1, 31, 244, 993, 3124, 7564, 16806, 31775, 59293, 96844, 161050, 242292, 371293, 520986, 762256, 1016801, 1419858, 1838083, 2476098, 3102132, 4100664, 4992550, 6436344, 7753100, 9762501, 11510083, 14408200, 16688358, 20511150, 23629936, 28629150, 32537631, 39296200, 44015598, 52501944, 58877949, 69343956, 76759038, 90595492, 99265100, 115856200, 127120584, 147008444, 159922650, 185231332, 199526664, 229345006, 248099444, 282458443, 302637531, 346445352, 368693949, 418195494, 446654200, 503120200, 534010650, 604167912, 635845650, 714924298, 756920208, 844596302, 887503650, 996478158, 1041204193, 1159919332, 1218182200, 1350125106, 1409918994, 1570467936, 1627560264, 1804229350, 1884035075, 2073071592, 2149662636, 2382050244, 2458765314, 2706606300, 2808460252, 3077056400, 3176486324, 3501192601, 3591542200, 3939040642, 4071959352, 4435636392, 4557261764, 5004720600, 5117363750, 5584059448, 5742171292, 6239950158, 6391289592, 6985512600, 7109695186, 7735330152, 7939181964, 8587340256, 8756211733, 9549137650, 9694163493],13.6.b.E.a

13.b,12,6,100,1,[[[-33463/13, []], [1, []], [-31, []], [244, []], [993, []], [-3124, []], [-7564, []], [-16806, []], [-31775, []], [59293, []], [96844, []], [-161050, []], [242292, []], [1, []], [520986, []], [-762256, []], [1016801, []], [1419858, []], [-1838083, []], [-2476098, []], [-3102132, []], [-4100664, []], [4992550, []], [6436344, []], [-7753100, []], [9762501, []], [-31, []], [14408200, []], [-16688358, []], [20511150, []], [23629936, []], [-28629150, []], [-32537631, []], [-39296200, []], [-44015598, []], [52501944, []], [58877949, []], [-69343956, []], [76759038, []], [244, []], [99265100, []], [-115856200, []], [127120584, []], [147008444, []], [-159922650, []], [-185231332, []], [-199526664, []], [-229345006, []], [248099444, []], [282458443, []], [-302637531, []], [346445352, []], [993, []], [418195494, []], [-446654200, []], [503120200, []], [534010650, []], [-604167912, []], [-635845650, []], [-714924298, []], [-756920208, []], [844596302, []], [887503650, []], [-996478158, []], [1041204193, []], [-3124, []], [1218182200, []], [-1350125106, []], [1409918994, []], [1570467936, []], [-1627560264, []], [-1804229350, []], [-1884035075, []], [-2073071592, []], [2149662636, []], [2382050244, []], [-2458765314, []], [2706606300, []], [-7564, []], [3077056400, []], [-3176486324, []], [3501192601, []], [3591542200, []], [-3939040642, []], [-4071959352, []], [-4435636392, []], [-4557261764, []], [5004720600, []], [5117363750, []], [-5584059448, []], [5742171292, []], [-16806, []], [6391289592, []], [-6985512600, []], [7109695186, []], [7735330152, []], [-7939181964, []], [-8587340256, []], [-8756211733, []], [-9549137650, []], [9694163493, []]]],[-33463/13, 1, -31, 244, 993, -3124, -7564, -16806, -31775, 59293, 96844, -161050, 242292, 1, 520986, -762256, 1016801, 1419858, -1838083, -2476098, -3102132, -4100664, 4992550, 6436344, -7753100, 9762501, -31, 14408200, -16688358, 20511150, 23629936, -28629150, -32537631, -39296200, -44015598, 52501944, 58877949, -69343956, 76759038, 244, 99265100, -115856200, 127120584, 147008444, -159922650, -185231332, -199526664, -229345006, 248099444, 282458443, -302637531, 346445352, 993, 418195494, -446654200, 503120200, 534010650, -604167912, -635845650, -714924298, -756920208, 844596302, 887503650, -996478158, 1041204193, -3124, 1218182200, -1350125106, 1409918994, 1570467936, -1627560264, -1804229350, -1884035075, -2073071592, 2149662636, 2382050244, -2458765314, 2706606300, -7564, 3077056400, -3176486324, 3501192601, 3591542200, -3939040642, -4071959352, -4435636392, -4557261764, 5004720600, 5117363750, -5584059448, 5742171292, -16806, 6391289592, -6985512600, 7109695186, 7735330152, -7939181964, -8587340256, -8756211733, -9549137650, 9694163493],13.6.b.E.b

13.c,3,6,100,3,[[[0, [0]], [1, [0]], [32, [1]], [243, [1]], [1023, [31]], [3126, [0]], [7775, [274]], [16806, [-1]], [32737, [992]], [59048, [242]], [100032, [3126]], [161051, [1]], [248558, [8525]], [371293, [0]], [537793, [16775]], [759618, [3126]], [1047584, [31745]], [1419856, [-1]], [1889294, [66550]], [2476098, [-1]], [3197898, [96906]], [4083859, [16564]], [5153631, [161082]], [6436343, [1]], [7954099, [272801]], [9768751, [0]], [11881376, [371293]], [14348665, [58806]], [17192569, [519994]], [20511149, [1]], [24304650, [856524]], [28629152, [0]], [33522687, [1015839]], [39135392, [161293]], [45435393, [1419825]], [52535556, [-3126]], [60398602, [2070552]], [69343957, [1]], [79235137, [2476067]], [90224199, [371293]], [102335862, [3100992]], [115856201, [1]], [130666924, [4597343]], [147008442, [-1]], [164755142, [4993573]], [184584048, [756492]], [205962975, [6436374]], [229345008, [0]], [254531167, [8729874]], [282458442, [-16806]], [312600032, [9768751]], [345025009, [1419614]], [379832739, [11510083]], [418195494, [0]], [459098474, [16171651]], [503445426, [3126]], [550179014, [16639807]], [601691815, [2475856]], [656356767, [20511180]], [714924298, [-1]], [776992308, [26649150]], [844596300, [-1]], [916132864, [28629152]], [992360930, [4008246]], [1072725985, [32506848]], [1160661918, [0]], [1252171251, [44135475]], [1350125107, [1]], [1452512719, [44014544]], [1564031348, [6436585]], [1681140918, [52438650]], [1804229350, [-1]], [1932814312, [66257906]], [2073071594, [0]], [2219006623, [69343988]], [2373806493, [9768751]], [2533048285, [76758046]], [2706623107, [-144244]], [2886803075, [101734282]], [3077056400, [0]], [3274747584, [99234870]], [3486725595, [14289859]], [3707398431, [115856232]], [3939040644, [0]], [4177274273, [143031117]], [4438469856, [-3126]], [4704270145, [147008411]], [4984209206, [20511391]], [5272325595, [159794337]], [5584059449, [1]], [5905933044, [208035300]], [6239950158, [-371293]], [6584378858, [199527625]], [6956883936, [28629152]], [7339040256, [229345008]], [7740282348, [-3126]], [8144997102, [279355725]], [8587340256, [-1]], [9038686950, [281937456]], [9509739206, [39033148]], [9993432273, [302831281]]]],[0, 2, 63, 485, 2015, 6252, 15276, 33613, 64482, 117854, 196938, 322101, 488591, 742586, 1058811, 1516110, 2063423, 2839713, 3712038, 4952197, 6298890, 8151154, 10146180, 12872685, 15635397, 19537502, 23391459, 28638524, 33865144, 41022297, 47752776, 57258304, 66029535, 78109491, 89450961, 105074238, 118726652, 138687913, 155994207, 180077105, 201570732, 231712401, 256736505, 294016885, 324516711, 368411604, 405489576, 458690016, 500332460, 564933690, 615431313, 688630404, 748155395, 836390988, 902025297, 1006887726, 1083718221, 1200907774, 1292202354, 1429848597, 1527335466, 1689192601, 1803636576, 1980713614, 2112945122, 2321323836, 2460207027, 2700250213, 2861010894, 3121626111, 3309843186, 3608458701, 3799370718, 4146143188, 4368669258, 4737844235, 4989338524, 5413390458, 5671871868, 6154112800, 6450260298, 6959161331, 7298940630, 7878081288, 8211517429, 8876942838, 9261531879, 9947907021, 10384856853, 11168118897, 11603830788, 12480271609, 12969230091, 13885138720, 14448735504, 15480567822, 16010638479, 17174680513, 17795436444, 18980445264, 19684033265],13.6.c.E.a

13.c,3,6,100,3,[[[-2131, [-2881]], [1, [0]], [1, [32]], [1, [243]], [-1023, [-992]], [3126, [0]], [-7775, [-7501]], [-16806, [-16807]], [31745, [-992]], [-59048, [-58806]], [3126, [100032]], [1, [161051]], [240033, [-8525]], [1, [0]], [521018, [-16775]], [3126, [759618]], [31745, [1047584]], [-1419856, [-1419857]], [1822744, [-66550]], [-2476098, [-2476099]], [-3197898, [-3100992]], [4067295, [-16564]], [-5153631, [-4992549]], [1, [6436343]], [272801, [7954099]], [9768751, [0]], [1, [32]], [14289859, [-58806]], [519994, [17192569]], [1, [20511149]], [-24304650, [-23448126]], [28629152, [0]], [-33522687, [-32506848]], [-39135392, [-38974099]], [44015568, [-1419825]], [-52535556, [-52538682]], [2070552, [60398602]], [1, [69343957]], [76759070, [-2476067]], [1, [243]], [99234870, [-3100992]], [1, [115856201]], [4597343, [130666924]], [-147008442, [-147008443]], [159761569, [-4993573]], [-184584048, [-183827556]], [-205962975, [-199526601]], [229345008, [0]], [-254531167, [-245801293]], [-16806, [282458442]], [9768751, [312600032]], [343605395, [-1419614]], [-1023, [-992]], [418195494, [0]], [16171651, [459098474]], [3126, [503445426]], [-550179014, [-533539207]], [599215959, [-2475856]], [-656356767, [-635845587]], [-714924298, [-714924299]], [750343158, [-26649150]], [-844596300, [-844596301]], [28629152, [916132864]], [4008246, [992360930]], [1040219137, [-32506848]], [3126, [0]], [1208035776, [-44135475]], [1, [1350125107]], [44014544, [1452512719]], [-1564031348, [-1557594763]], [1628702268, [-52438650]], [-1804229350, [-1804229351]], [-1932814312, [-1866556406]], [2073071594, [0]], [-2219006623, [-2149662635]], [9768751, [2373806493]], [76758046, [2533048285]], [2706767351, [144244]], [-7775, [-7501]], [3077056400, [0]], [99234870, [3274747584]], [14289859, [3486725595]], [-3707398431, [-3591542199]], [3939040644, [0]], [-4177274273, [-4034243156]], [-4438469856, [-4438472982]], [4557261734, [-147008411]], [-4984209206, [-4963697815]], [159794337, [5272325595]], [1, [5584059449]], [5697897744, [-208035300]], [-16806, [-16807]], [6384851233, [-199527625]], [28629152, [6956883936]], [229345008, [7339040256]], [-7740282348, [-7740285474]], [7865641377, [-279355725]], [-8587340256, [-8587340257]], [-9038686950, [-8756749494]], [9470706058, [-39033148]], [-9993432273, [-9690600992]]]],[-1381, 2, -30, -241, -1054, 6252, -8049, -16805, 64482, -59290, -93780, -161049, 488591, 2, 1058811, -753366, -984094, -1419855, 3712038, -2476097, -3294804, 8151154, -5314713, -6436341, -7408497, 19537502, -30, 28638524, -16152581, -20511147, -25161174, 57258304, -34538526, -39296685, 89450961, -52532430, -56257498, -69343955, 155994207, -241, 201570732, -115856199, -121472238, -147008441, 324516711, -185340540, -212399349, 458690016, -263261041, -282492054, -293062530, 688630404, -1054, 836390988, -426755172, -503439174, -566818821, 1200907774, -676867947, -714924297, 1527335466, -844596299, -858874560, -984344438, 2112945122, 6252, 2460207027, -1350125105, -1364483631, -1570467933, 3309843186, -1804229349, -1999072218, 4146143188, -2288350611, -2354268991, -2379532193, 5413390458, -8049, 6154112800, -3076277844, -3458145877, -3823254663, 7878081288, -4320305390, -4438466730, 9261531879, -5004720597, -4952736921, -5584059447, 11603830788, -16805, 12969230091, -6899625632, -6880350240, -7740279222, 16010638479, -8587340255, -9320624406, 18980445264, -10296263554],13.6.c.E.b

13.e,4,6,100,3,[[[0, [0]], [1, [0]], [32, [1]], [243, [-1]], [1023, [33]], [3124, [0]], [7777, [210]], [16808, [-1]], [32735, [1056]], [59048, [-242]], [99968, [3124]], [161051, [1]], [248622, [6963]], [371293, [0]], [537857, [16775]], [759132, [-3124]], [1047520, [33791]], [1419856, [1]], [1889778, [51062]], [2476100, [-1]], [3195852, [103092]], [4084343, [-17050]], [5153631, [161084]], [6436343, [-1]], [7955661, [222817]], [9762501, [0]], [11881376, [371293]], [14348665, [-58806]], [17194617, [553608]], [20511149, [-1]], [24295348, [656040]], [28629150, [0]], [33520641, [1081311]], [39135394, [-160809]], [45435391, [1419889]], [52508192, [-3124]], [60414090, [1693032]], [69343957, [1]], [79235201, [2476067]], [90224199, [-371293]], [102264140, [3298944]], [115856201, [1]], [130716026, [3521693]], [147008442, [1]], [164755140, [5315739]], [184465952, [-756008]], [205962977, [6436310]], [229345006, [0]], [254581151, [7129902]], [282492056, [-16808]], [312400032, [9762501]], [345025009, [-1419614]], [379832739, [12252669]], [418195494, [0]], [459216086, [12408067]], [503123324, [3124]], [550210936, [17715457]], [601692299, [-2476342]], [656356769, [20511116]], [714924300, [-1]], [776695128, [21752412]], [844596300, [1]], [916132800, [28629150]], [992478542, [-4126342]], [1072660513, [34601952]], [1159919332, [0]], [1252493417, [33828697]], [1350125107, [1]], [1452512655, [46856304]], [1564031348, [-6436585]], [1680265268, [52405100]], [1804229352, [-1]], [1933191832, [54177266]], [2073071592, [0]], [2219006623, [69343990]], [2372287743, [-9762501]], [2533050333, [81710244]], [2706945209, [-144244]], [2887545661, [77971530]], [3077056400, [0]], [3272452480, [105563084]], [3486725595, [-14289859]], [3707398431, [115856234]], [3939040642, [0]], [4178845539, [116778519]], [4435630144, [3124]], [4704270143, [147008475]], [4984209206, [-20511391]], [5272003429, [170103647]], [5584059449, [1]], [5903666472, [159517688]], [6240692744, [-371293]], [6584378922, [212398263]], [6956883450, [-28629150]], [7339040192, [229345006]], [7735336400, [-3124]], [8146597074, [228156621]], [8587340258, [-1]], [9039762600, [281937392]], [9509739690, [-38915536]], [9987038523, [322162533]]]],[0, 2, 65, 485, 2079, 6248, 15764, 33615, 66526, 117854, 203060, 322103, 504207, 742586, 1092489, 1515140, 2128831, 2839713, 3830618, 4952199, 6494796, 8151636, 10468346, 12872685, 16134139, 19525002, 24134045, 28638524, 34942842, 41022297, 49246736, 57258300, 68122593, 78109979, 92290671, 105013260, 122521212, 138687915, 160946469, 180077105, 207827224, 231712403, 264953745, 294016885, 334826019, 368175896, 418362264, 458690012, 516292204, 564967304, 634562565, 688630404, 771918147, 836390988, 930840239, 1006249772, 1118137329, 1200908256, 1333224654, 1429848599, 1575142668, 1689192601, 1860894750, 1980830742, 2179922978, 2319838664, 2538815531, 2700250215, 2951881614, 3121626111, 3412935636, 3608458703, 3920560930, 4146143184, 4507357236, 4734812985, 5147810910, 5413746174, 5853062852, 6154112800, 6650468044, 6959161331, 7530653096, 7878081284, 8474469597, 8871263412, 9555548761, 9947907021, 10714110505, 11168118899, 11966850632, 12481014195, 13381156107, 13885137750, 14907425390, 15470669676, 16521350769, 17174680515, 18361462592, 18980563844, 20296239579],13.6.e.E.a

13.e,4,6,100,3,[[[-1517, [-1519]], [1, [0]], [1, [32]], [1, [-243]], [-1023, [1056]], [-3124, [0]], [7777, [-7987]], [16808, [-16807]], [-33791, [1056]], [-59048, [58806]], [-3124, [-99968]], [1, [161051]], [255585, [-6963]], [1, [0]], [554632, [-16775]], [-3124, [759132]], [-33791, [-1047520]], [-1419856, [1419857]], [-1940840, [51062]], [2476100, [-2476099]], [3195852, [-3298944]], [-4067293, [-17050]], [-5153631, [5314715]], [1, [-6436343]], [222817, [7955661]], [9762501, [0]], [1, [32]], [14289859, [58806]], [553608, [17194617]], [1, [-20511149]], [-24295348, [24951388]], [-28629150, [0]], [33520641, [-34601952]], [39135394, [-38974585]], [-46855280, [1419889]], [-52508192, [52505068]], [-1693032, [-60414090]], [1, [69343957]], [81711268, [-2476067]], [1, [-243]], [105563084, [-3298944]], [1, [115856201]], [-3521693, [-130716026]], [-147008442, [147008443]], [-170070879, [5315739]], [184465952, [-183709944]], [205962977, [-212399287]], [-229345006, [0]], [-254581151, [261711053]], [16808, [-282492056]], [9762501, [312400032]], [343605395, [1419614]], [-1023, [1056]], [418195494, [0]], [12408067, [459216086]], [-3124, [-503123324]], [-550210936, [567926393]], [-599215957, [-2476342]], [656356769, [-676867885]], [714924300, [-714924299]], [-798447540, [21752412]], [-844596300, [844596301]], [-28629150, [-916132800]], [-4126342, [992478542]], [1107262465, [-34601952]], [-3124, [0]], [1286322114, [-33828697]], [1, [1350125107]], [-46856304, [-1452512655]], [-1564031348, [1557594763]], [-1732670368, [52405100]], [1804229352, [-1804229351]], [1933191832, [-1987369098]], [-2073071592, [0]], [-2219006623, [2288350613]], [9762501, [-2372287743]], [81710244, [2533050333]], [2706800965, [144244]], [7777, [-7987]], [3077056400, [0]], [105563084, [3272452480]], [14289859, [-3486725595]], [-3707398431, [3823254665]], [-3939040642, [0]], [4178845539, [-4295624058]], [4435630144, [-4435633268]], [-4851278618, [147008475]], [-4984209206, [4963697815]], [-170103647, [-5272003429]], [1, [5584059449]], [6063184160, [-159517688]], [16808, [-16807]], [6796777185, [-212398263]], [-28629150, [6956883450]], [-229345006, [-7339040192]], [-7735336400, [7735333276]], [-8374753695, [228156621]], [8587340258, [-8587340257]], [9039762600, [-9321699992]], [-9470824154, [-38915536]], [-9987038523, [10309201056]]]],[-4553, 2, 34, -241, -990, -6248, 7567, 16809, -66526, -59290, -106216, 161053, 504207, 2, 1092489, 752884, -1115102, -1419855, -3830618, 2476101, 3092760, -8151636, -4992547, -6436341, 8401295, 19525002, 34, 28638524, 18301833, -20511147, -23639308, -57258300, 32439330, 39296203, -92290671, -52511316, -63800154, 69343959, 160946469, -241, 207827224, 115856203, -137759412, -147008441, -334826019, 185221960, 199526667, -458690012, -247451249, -282458440, 331925034, 688630404, -990, 836390988, 484032220, -503129572, -532495479, -1200908256, 635845653, 714924301, -1575142668, -844596299, -973391100, 984225858, 2179922978, -6248, 2538815531, 1350125109, -1546225263, -1570467933, -3412935636, 1804229353, 1879014566, -4146143184, -2149662633, -2352762741, 2696470821, 5413746174, 7567, 6154112800, 3483578648, -3458145877, -3591542197, -7878081284, 4062067020, 4435627020, -9555548761, -5004720597, -5612210723, 5584059451, 11966850632, 16809, 13381156107, 6899625150, -7797730204, -7735339524, -16521350769, 8587340259, 8757825208, -18980563844, -9664875990],13.6.e.E.b

15.e,2,6,100,4,[[[0, [0]], [1, [0]], [32, [-1]], [243, [0]], [1023, [-32]], [3125, [0]], [7776, [-243]], [16807, [1]], [32736, [-1023]], [59049, [0]], [100000, [-3125]], [161050, [0]], [248589, [-7776]], [371293, [-1]], [537825, [-16775]], [759375, [0]], [1047553, [-32736]], [1419857, [-1]], [1889568, [-59049]], [2476098, [0]], [3196875, [-100000]], [4084101, [243]], [5153600, [-161050]], [6436343, [1]], [7954848, [-248589]], [9765625, [0]], [11881375, [-371325]], [14348907, [0]], [17193593, [-536801]], [20511150, [0]], [24300000, [-759375]], [28629152, [0]], [33521696, [-1047553]], [39135150, [0]], [45435423, [-1419889]], [52521875, [3125]], [60407127, [-1889568]], [69343957, [1]], [79235136, [-2476098]], [90224199, [-243]], [102300000, [-3196875]], [115856200, [0]], [130691475, [-4076325]], [147008443, [-1]], [164754150, [-5153600]], [184528125, [0]], [205962977, [-6436311]], [229345007, [-1]], [254555379, [-7954848]], [282475248, [16807]], [312500000, [-9765625]], [345025251, [-243]], [379832707, [-11882399]], [418195493, [1]], [459165024, [-14348907]], [503281250, [0]], [550194975, [-17160825]], [601691814, [0]], [656356800, [-20511150]], [714924300, [0]], [776840625, [-24300000]], [844596302, [0]], [916132864, [-28629152]], [992436543, [59049]], [1072694271, [-33521696]], [1160290625, [-3125]], [1252324800, [-39135150]], [1350125107, [1]], [1452513679, [-45436447]], [1564031349, [243]], [1680703125, [-52421875]], [1804229350, [0]], [1933028064, [-60407127]], [2073071593, [-1]], [2219006625, [-69343925]], [2373046875, [0]], [2533048254, [-79235136]], [2706767350, [161050]], [2887174125, [-90231975]], [3077056398, [0]], [3273603125, [-102300000]], [3486784401, [0]], [3707398400, [-115856200]], [3939040643, [1]], [4178043099, [-130442643]], [4437053125, [-3125]], [4704270175, [-147008475]], [4984209450, [0]], [5272132800, [-164754150]], [5584059450, [0]], [5904900000, [-184528125]], [6240321452, [354486]], [6584378921, [-205961953]], [6956883936, [0]], [7339040223, [-229345039]], [7737806250, [0]], [8145772128, [-254555379]], [8587340257, [1]], [9039224743, [-281937424]], [9509841450, [0]], [9990234375, [-312500000]]]],[0, 2, 64, 486, 2046, 6250, 15552, 33614, 65472, 118098, 200000, 322100, 497178, 742586, 1075650, 1518750, 2095106, 2839714, 3779136, 4952196, 6393750, 8168202, 10307200, 12872686, 15909696, 19531250, 23762750, 28697814, 34387186, 41022300, 48600000, 57258304, 67043392, 78270300, 90870846, 105043750, 120814254, 138687914, 158470272, 180448398, 204600000, 231712400, 261382950, 294016886, 329508300, 369056250, 411925954, 458690014, 509110758, 564950496, 625000000, 690050502, 759665414, 836390986, 918330048, 1006562500, 1100389950, 1203383628, 1312713600, 1429848600, 1553681250, 1689192604, 1832265728, 1984873086, 2145388542, 2320581250, 2504649600, 2700250214, 2905027358, 3128062698, 3361406250, 3608458700, 3866056128, 4146143186, 4438013250, 4746093750, 5066096508, 5413534700, 5774348250, 6154112796, 6547206250, 6973568802, 7414796800, 7878081286, 8356086198, 8874106250, 9408540350, 9968418900, 10544265600, 11168118900, 11809800000, 12480642904, 13168757842, 13913767872, 14678080446, 15475612500, 16291544256, 17174680514, 18078449486, 19019682900, 19980468750],15.6.e.E.a

15.e,2,6,100,4,[[[-3091, [4831]], [1, [0]], [1, [-32]], [1, [0]], [-1023, [-32]], [1, [0]], [1, [-32]], [1, [16807]], [-1023, [32736]], [1, [0]], [1, [-32]], [-161050, [0]], [-1023, [-32]], [1, [-371293]], [537825, [16775]], [1, [0]], [1047553, [32736]], [1, [-1419857]], [1, [-32]], [-2476098, [0]], [-1023, [-32]], [1, [16807]], [-161050, [5153600]], [1, [6436343]], [-1023, [32736]], [1, [0]], [-11881375, [-371325]], [1, [0]], [536801, [-17193593]], [20511150, [0]], [1, [-32]], [28629152, [0]], [1047553, [-33521696]], [-161050, [0]], [-45435423, [-1419889]], [1, [16807]], [-1023, [-32]], [1, [69343957]], [-2476098, [79235136]], [1, [-371293]], [-1023, [32736]], [-115856200, [0]], [537825, [16775]], [1, [-147008443]], [164754150, [5153600]], [1, [0]], [205962977, [6436311]], [1, [-229345007]], [1047553, [32736]], [-282475248, [16807]], [1, [-32]], [1, [-1419857]], [-11882399, [379832707]], [1, [418195493]], [1, [-32]], [-161050, [0]], [-550194975, [-17160825]], [-2476098, [0]], [20511150, [-656356800]], [714924300, [0]], [-1023, [-32]], [844596302, [0]], [28629152, [-916132864]], [1, [16807]], [-1072694271, [-33521696]], [1, [-371293]], [-161050, [5153600]], [1, [1350125107]], [-45436447, [1452513679]], [1, [6436343]], [537825, [16775]], [-1804229350, [0]], [-1023, [32736]], [1, [-2073071593]], [2219006625, [69343925]], [1, [0]], [2533048254, [79235136]], [-161050, [-2706767350]], [-11881375, [-371325]], [-3077056398, [0]], [1047553, [32736]], [1, [0]], [-115856200, [3707398400]], [1, [3939040643]], [536801, [-17193593]], [1, [-1419857]], [-4704270175, [-147008475]], [20511150, [0]], [164754150, [-5272132800]], [5584059450, [0]], [1, [-32]], [6240321452, [-354486]], [205961953, [-6584378921]], [28629152, [0]], [-7339040223, [-229345039]], [-2476098, [0]], [1047553, [-33521696]], [1, [8587340257]], [-281937424, [9039224743]], [-161050, [0]], [-1023, [-32]]]],[-6182, 2, 2, 2, -2046, 2, 2, 2, -2046, 2, 2, -322100, -2046, 2, 1075650, 2, 2095106, 2, 2, -4952196, -2046, 2, -322100, 2, -2046, 2, -23762750, 2, 1073602, 41022300, 2, 57258304, 2095106, -322100, -90870846, 2, -2046, 2, -4952196, 2, -2046, -231712400, 1075650, 2, 329508300, 2, 411925954, 2, 2095106, -564950496, 2, 2, -23764798, 2, 2, -322100, -1100389950, -4952196, 41022300, 1429848600, -2046, 1689192604, 57258304, 2, -2145388542, 2, -322100, 2, -90872894, 2, 1075650, -3608458700, -2046, 2, 4438013250, 2, 5066096508, -322100, -23762750, -6154112796, 2095106, 2, -231712400, 2, 1073602, 2, -9408540350, 41022300, 329508300, 11168118900, 2, 12480642904, 411923906, 57258304, -14678080446, -4952196, 2095106, 2, -563874848, -322100, -2046],15.6.e.E.b

15.e,2,6,100,4,[[[0, [0]], [1, [0]], [-1, [32]], [0, [-243]], [-1023, [-32]], [-1, [0]], [7776, [243]], [1, [16807]], [1023, [-32736]], [-59049, [0]], [1, [-32]], [161050, [0]], [-7776, [248589]], [1, [-371293]], [-537825, [-16775]], [0, [243]], [1047553, [32736]], [-1, [1419857]], [59049, [-1889568]], [-2476098, [0]], [1023, [32]], [4084101, [-243]], [-161050, [5153600]], [-1, [-6436343]], [-7954848, [-248589]], [1, [0]], [11881375, [371325]], [0, [14348907]], [536801, [-17193593]], [-20511150, [0]], [-7776, [-243]], [28629152, [0]], [-1047553, [33521696]], [0, [-39135150]], [-45435423, [-1419889]], [-1, [-16807]], [60407127, [1889568]], [1, [69343957]], [2476098, [-79235136]], [-90224199, [-243]], [-1023, [32736]], [115856200, [0]], [-4076325, [130691475]], [1, [-147008443]], [-164754150, [-5153600]], [59049, [0]], [205962977, [6436311]], [-1, [229345007]], [7954848, [-254555379]], [-282475248, [16807]], [-1, [32]], [345025251, [243]], [-11882399, [379832707]], [-1, [-418195493]], [-459165024, [-14348907]], [-161050, [0]], [550194975, [17160825]], [0, [601691814]], [20511150, [-656356800]], [-714924300, [0]], [7776, [-248589]], [844596302, [0]], [-28629152, [916132864]], [-59049, [-992436543]], [-1072694271, [-33521696]], [-1, [371293]], [1252324800, [39135150]], [1, [1350125107]], [45436447, [-1452513679]], [-1564031349, [243]], [537825, [16775]], [1804229350, [0]], [-60407127, [1933028064]], [1, [-2073071593]], [-2219006625, [-69343925]], [0, [-243]], [2533048254, [79235136]], [161050, [2706767350]], [90231975, [-2887174125]], [-3077056398, [0]], [-1047553, [-32736]], [3486784401, [0]], [-115856200, [3707398400]], [-1, [-3939040643]], [-4178043099, [-130442643]], [1, [-1419857]], [4704270175, [147008475]], [0, [4984209450]], [164754150, [-5272132800]], [-5584059450, [0]], [-59049, [1889568]], [6240321452, [-354486]], [-205961953, [6584378921]], [0, [-6956883936]], [-7339040223, [-229345039]], [2476098, [0]], [8145772128, [254555379]], [1, [8587340257]], [281937424, [-9039224743]], [-9509841450, [0]], [-1023, [-32]]]],[0, 2, 31*t - 33, -242*t, 0, -3126, 211*t + 7777, 16806*t + 16808, -33759*t - 31713, -59050, 3093*t + 100001, 0, 249612*t - 7808, -371292*t + 371294, -33550*t - 1075650, -2882*t, 65472*t + 2095106, 1419856*t - 1419858, -1889567*t + 59081, 0, -99968*t - 3195852, 16564*t + 4084102, 5314650*t + 4992550, -6436342*t - 6436344, -281325*t - 7953825, 9765626, 0, 14348906*t, -16656792*t + 17730394, -41022300, 99757*t - 10901, 57258304, 32474143*t - 34569249, -39296200*t, 0, -13682*t - 52521876, 1889536*t + 60406104, 69343956*t + 69343958, -81711234*t - 76759038, 371050*t - 90224200, 3229611*t + 102298977, 0, 130153650*t - 4059550, -147008442*t + 147008444, -10307200*t - 329508300, 62174, 12872622*t + 411925954, 229345006*t - 229345008, -253507826*t + 7922112, 0, -9765593*t - 312500001, -1419614*t + 345025252, 391715106*t + 367950308, -418195492*t - 418195494, -14348875*t - 459165025, 503120200, 0, 604167912*t, -635845650*t + 676867950, -1429848600, -3445464*t + 107776, 1689192604, 887503712*t - 944762016, -992436542*t - 75856, 0, 368168*t - 1160290626, 44288750*t + 1252163750, 1350125106*t + 1350125108, -1497950126*t - 1407077232, -6436100*t - 1564031350, 52438650*t + 1681240950, 0, 1933029087*t - 60374391, -2073071592*t + 2073071594, -138687850*t - 4438013250, 9765382*t, 158470272*t + 5066096508, 2706928400*t - 2706606300, -2899055500*t + 90603300, 0, -102332736*t - 3274650678, 3486784402, 3823254600*t + 3591542200, -3939040642*t - 3939040644, -113249050*t - 4178579900, -1416732*t + 4437053126, 0, 4963698300*t, -5107378650*t + 5436886950, -11168118900, 1886443*t - 159049, -708972*t + 12480642904, 6378416968*t - 6790340874, -6928254784*t, 0, -7735330152, 221033683*t + 8146819681, 8587340256*t + 8587340258, -9321162167*t - 8757287319, -9509680400, 312499968*t + 9990233352],15.6.e.E.c

15.e,2,6,100,4,[[[0, [0]], [1, [0]], [-32, [1]], [0, [-1]], [1023, [-32]], [-3125, [0]], [1, [32]], [16807, [1]], [-32736, [1023]], [-1, [0]], [100000, [-3125]], [-161050, [0]], [-32, [-1023]], [371293, [-1]], [-537825, [16775]], [0, [3125]], [1047553, [-32736]], [-1419857, [1]], [32, [-1]], [2476098, [0]], [-3196875, [100000]], [1, [-16807]], [5153600, [-161050]], [-6436343, [-1]], [1023, [32736]], [9765625, [0]], [-11881375, [371325]], [0, [1]], [17193593, [-536801]], [-20511150, [0]], [-3125, [-100000]], [28629152, [0]], [-33521696, [1047553]], [0, [161050]], [45435423, [-1419889]], [-52521875, [-3125]], [-1023, [32]], [69343957, [1]], [-79235136, [2476098]], [-1, [-371293]], [102300000, [-3196875]], [-115856200, [0]], [16775, [537825]], [147008443, [-1]], [-164754150, [5153600]], [3125, [0]], [205962977, [-6436311]], [-229345007, [1]], [-32736, [-1047553]], [282475248, [16807]], [-312500000, [9765625]], [1, [1419857]], [379832707, [-11882399]], [-418195493, [-1]], [-1, [-32]], [503281250, [0]], [-550194975, [17160825]], [0, [-2476098]], [656356800, [-20511150]], [-714924300, [0]], [100000, [3196875]], [844596302, [0]], [-916132864, [28629152]], [-16807, [-1]], [1072694271, [-33521696]], [-1160290625, [3125]], [-161050, [-5153600]], [1350125107, [1]], [-1452513679, [45436447]], [-1, [6436343]], [1680703125, [-52421875]], [-1804229350, [0]], [32736, [-1023]], [2073071593, [-1]], [-2219006625, [69343925]], [0, [-9765625]], [2533048254, [-79235136]], [-2706767350, [-161050]], [371325, [11881375]], [3077056398, [0]], [-3273603125, [102300000]], [1, [0]], [3707398400, [-115856200]], [-3939040643, [-1]], [-536801, [-17193593]], [4437053125, [-3125]], [-4704270175, [147008475]], [0, [20511150]], [5272132800, [-164754150]], [-5584059450, [0]], [-100000, [3125]], [6240321452, [354486]], [-6584378921, [205961953]], [0, [-28629152]], [7339040223, [-229345039]], [-7737806250, [0]], [1047553, [33521696]], [8587340257, [1]], [-9039224743, [281937424]], [161050, [0]], [9990234375, [-312500000]]]],[0, 2, -31*t - 33, 242*t, 0, -3126, -211*t + 7777, -16806*t + 16808, 33759*t - 31713, -59050, -3093*t + 100001, 0, -249612*t - 7808, 371292*t + 371294, 33550*t - 1075650, 2882*t, -65472*t + 2095106, -1419856*t - 1419858, 1889567*t + 59081, 0, 99968*t - 3195852, -16564*t + 4084102, -5314650*t + 4992550, 6436342*t - 6436344, 281325*t - 7953825, 9765626, 0, -14348906*t, 16656792*t + 17730394, -41022300, -99757*t - 10901, 57258304, -32474143*t - 34569249, 39296200*t, 0, 13682*t - 52521876, -1889536*t + 60406104, -69343956*t + 69343958, 81711234*t - 76759038, -371050*t - 90224200, -3229611*t + 102298977, 0, -130153650*t - 4059550, 147008442*t + 147008444, 10307200*t - 329508300, 62174, -12872622*t + 411925954, -229345006*t - 229345008, 253507826*t + 7922112, 0, 9765593*t - 312500001, 1419614*t + 345025252, -391715106*t + 367950308, 418195492*t - 418195494, 14348875*t - 459165025, 503120200, 0, -604167912*t, 635845650*t + 676867950, -1429848600, 3445464*t + 107776, 1689192604, -887503712*t - 944762016, 992436542*t - 75856, 0, -368168*t - 1160290626, -44288750*t + 1252163750, -1350125106*t + 1350125108, 1497950126*t - 1407077232, 6436100*t - 1564031350, -52438650*t + 1681240950, 0, -1933029087*t - 60374391, 2073071592*t + 2073071594, 138687850*t - 4438013250, -9765382*t, -158470272*t + 5066096508, -2706928400*t - 2706606300, 2899055500*t + 90603300, 0, 102332736*t - 3274650678, 3486784402, -3823254600*t + 3591542200, 3939040642*t - 3939040644, 113249050*t - 4178579900, 1416732*t + 4437053126, 0, -4963698300*t, 5107378650*t + 5436886950, -11168118900, -1886443*t - 159049, 708972*t + 12480642904, -6378416968*t - 6790340874, 6928254784*t, 0, -7735330152, -221033683*t + 8146819681, -8587340256*t + 8587340258, 9321162167*t - 8757287319, -9509680400, -312499968*t + 9990233352],15.6.e.E.d

16.e,5,6,100,4,[[[0, [0]], [1, [0]], [32, [0]], [243, [-1]], [1024, [0]], [3125, [1]], [7776, [-32]], [16806, [0]], [32768, [0]], [59048, [-243]], [100000, [32]], [161051, [1]], [248832, [-1024]], [371293, [-1]], [537792, [0]], [759376, [-2882]], [1048576, [0]], [1419858, [0]], [1889536, [-7776]], [2476099, [-1]], [3200000, [1024]], [4083858, [-16806]], [5153632, [32]], [6436342, [0]], [7962624, [-32768]], [9765624, [3125]], [11881376, [-32]], [14348664, [-59048]], [17209344, [0]], [20511149, [-1]], [24300032, [-92224]], [28629152, [0]], [33554432, [0]], [39135394, [-160808]], [45435456, [0]], [52518750, [16806]], [60465152, [-248832]], [69343957, [1]], [79235168, [-32]], [90224198, [-371536]], [102400000, [32768]], [115856200, [0]], [130683456, [-537792]], [147008443, [1]], [164916224, [1024]], [184525243, [-700327]], [205962944, [0]], [229345008, [0]], [254803968, [-1048576]], [282458443, [0]], [312499968, [100000]], [345025494, [-1419858]], [380204032, [-1024]], [418195493, [1]], [459157248, [-1889536]], [503284374, [164176]], [550699008, [0]], [601692056, [-2476342]], [656356768, [-32]], [714924299, [1]], [777601024, [-2951168]], [844596301, [-1]], [916132864, [0]], [992360688, [-4083858]], [1073741824, [0]], [1160290626, [368168]], [1252332608, [-5145856]], [1350125107, [-1]], [1453934592, [0]], [1564031106, [-6436342]], [1680600000, [537792]], [1804229350, [0]], [1934884864, [-7962624]], [2073071592, [0]], [2219006624, [32]], [2373049757, [-9006249]], [2535525376, [-1024]], [2706623106, [16806]], [2887174336, [-11889152]], [3077056400, [0]], [3276800000, [1048576]], [3486725353, [-14348664]], [3707398400, [0]], [3939040643, [-1]], [4181870592, [-17209344]], [4437056250, [1419858]], [4704270176, [32]], [4984209206, [-20511392]], [5277319168, [32768]], [5584059448, [0]], [5904807776, [-22410464]], [6239950158, [-16806]], [6590814208, [0]], [6956883936, [-28629152]], [7339040256, [0]], [7737809376, [2472974]], [8153726976, [-33554432]], [8587340258, [0]], [9038670176, [0]], [9509739691, [-39076345]], [9999998976, [3200000]]]],[0, 2, 64, 486, 2048, 6250, 15552, 33612, 65536, 118096, 200000, 322102, 497664, 742586, 1075584, 1518752, 2097152, 2839716, 3779072, 4952198, 6400000, 8167716, 10307264, 12872684, 15925248, 19531248, 23762752, 28697328, 34418688, 41022298, 48600064, 57258304, 67108864, 78270788, 90870912, 105037500, 120930304, 138687914, 158470336, 180448396, 204800000, 231712400, 261366912, 294016886, 329832448, 369050486, 411925888, 458690016, 509607936, 564916886, 624999936, 690050988, 760408064, 836390986, 918314496, 1006568748, 1101398016, 1203384112, 1312713536, 1429848598, 1555202048, 1689192602, 1832265728, 1984721376, 2147483648, 2320581252, 2504665216, 2700250214, 2907869184, 3128062212, 3361200000, 3608458700, 3869769728, 4146143184, 4438013248, 4746099514, 5071050752, 5413246212, 5774348672, 6154112800, 6553600000, 6973450706, 7414796800, 7878081286, 8363741184, 8874112500, 9408540352, 9968418412, 10554638336, 11168118896, 11809615552, 12479900316, 13181628416, 13913767872, 14678080512, 15475618752, 16307453952, 17174680516, 18077340352, 19019479382, 19999997952],16.6.e.E.a

16.e,5,6,100,4,[[[-15123/2, [6241/2]], [1, [0]], [1, [0]], [1, [-243]], [1, [0]], [1, [3125]], [1, [-243]], [-16806, [0]], [1, [0]], [-59048, [-243]], [1, [3125]], [1, [161051]], [1, [-243]], [1, [-371293]], [-16806, [0]], [759376, [2882]], [1, [0]], [1419858, [0]], [-59048, [-243]], [1, [-2476099]], [1, [3125]], [-16806, [4083858]], [1, [161051]], [-6436342, [0]], [1, [-243]], [-9765624, [3125]], [1, [-371293]], [-59048, [14348664]], [-16806, [0]], [1, [-20511149]], [759376, [2882]], [28629152, [0]], [1, [0]], [39135394, [160808]], [1419858, [0]], [-16806, [-52518750]], [-59048, [-243]], [1, [69343957]], [1, [-2476099]], [-90224198, [-371536]], [1, [3125]], [-115856200, [0]], [-16806, [4083858]], [1, [147008443]], [1, [161051]], [700327, [-184525243]], [-6436342, [0]], [229345008, [0]], [1, [-243]], [282458443, [0]], [-9765624, [3125]], [1419858, [-345025494]], [1, [-371293]], [1, [418195493]], [-59048, [14348664]], [-503284374, [164176]], [-16806, [0]], [-601692056, [-2476342]], [1, [-20511149]], [1, [714924299]], [759376, [2882]], [1, [-844596301]], [28629152, [0]], [992360688, [4083858]], [1, [0]], [1160290626, [-368168]], [39135394, [160808]], [1, [-1350125107]], [1419858, [0]], [-6436342, [1564031106]], [-16806, [-52518750]], [-1804229350, [0]], [-59048, [-243]], [-2073071592, [0]], [1, [69343957]], [-9006249, [2373049757]], [1, [-2476099]], [-16806, [-2706623106]], [-90224198, [-371536]], [3077056400, [0]], [1, [3125]], [3486725353, [14348664]], [-115856200, [0]], [1, [-3939040643]], [-16806, [4083858]], [1419858, [4437056250]], [1, [147008443]], [-4984209206, [-20511392]], [1, [161051]], [-5584059448, [0]], [700327, [-184525243]], [-16806, [6239950158]], [-6436342, [0]], [28629152, [-6956883936]], [229345008, [0]], [7737809376, [-2472974]], [1, [-243]], [8587340258, [0]], [282458443, [0]], [39076345, [-9509739691]], [-9765624, [3125]]]],[-15123, 2, 2, 2, 2, 2, 2, -33612, 2, -118096, 2, 2, 2, 2, -33612, 1518752, 2, 2839716, -118096, 2, 2, -33612, 2, -12872684, 2, -19531248, 2, -118096, -33612, 2, 1518752, 57258304, 2, 78270788, 2839716, -33612, -118096, 2, 2, -180448396, 2, -231712400, -33612, 2, 2, 1400654, -12872684, 458690016, 2, 564916886, -19531248, 2839716, 2, 2, -118096, -1006568748, -33612, -1203384112, 2, 2, 1518752, 2, 57258304, 1984721376, 2, 2320581252, 78270788, 2, 2839716, -12872684, -33612, -3608458700, -118096, -4146143184, 2, -18012498, 2, -33612, -180448396, 6154112800, 2, 6973450706, -231712400, 2, -33612, 2839716, 2, -9968418412, 2, -11168118896, 1400654, -33612, -12872684, 57258304, 458690016, 15475618752, 2, 17174680516, 564916886, 78152690, -19531248],16.6.e.E.b

17.b,16,6,100,1,[[[0, []], [1, []], [33, []], [242, []], [1057, []], [3124, []], [7986, []], [16806, []], [33825, []], [58807, []], [103092, []], [161050, []], [255794, []], [371294, []], [554598, []], [756008, []], [1082401, []], [1419857, []], [1940631, []], [2476100, []], [3302068, []], [4067052, []], [5314650, []], [6436342, []], [8185650, []], [9762501, []], [12252702, []], [14290100, []], [17763942, []], [20511148, []], [24948264, []], [28629150, []], [34636833, []], [38974100, []], [46855281, []], [52501944, []], [62158999, []], [69343956, []], [81711300, []], [89853148, []], [105669300, []], [115856200, []], [134212716, []], [147008444, []], [170229850, []], [183713068, []], [212399286, []], [229345008, []], [261941042, []], [282458443, []], [322162533, []], [343605394, []], [392457758, []], [418195494, []], [471573300, []], [503120200, []], [568462950, []], [599216200, []], [676867884, []], [714924300, []], [799100456, []], [844596300, []], [944761950, []], [988310442, []], [1108378657, []], [1159922456, []], [1286145300, []], [1350125108, []], [1500788849, []], [1557594764, []], [1732564152, []], [1804229350, []], [1989146775, []], [2073071592, []], [2288350548, []], [2362525242, []], [2617237700, []], [2706606300, []], [2965153884, []], [3077056398, []], [3381420724, []], [3472494301, []], [3823254600, []], [3939040644, []], [4298873964, []], [4435633268, []], [4851278652, []], [4963697816, []], [5447516250, []], [5584059450, []], [6062531244, []], [6239966964, []], [6803213494, []], [6928254300, []], [7568385264, []], [7735336400, []], [8382113586, []], [8587340256, []], [9321128619, []], [9470867350, []], [10318963557, []]]],[0, 1, 33, 242, 1057, 3124, 7986, 16806, 33825, 58807, 103092, 161050, 255794, 371294, 554598, 756008, 1082401, 1419857, 1940631, 2476100, 3302068, 4067052, 5314650, 6436342, 8185650, 9762501, 12252702, 14290100, 17763942, 20511148, 24948264, 28629150, 34636833, 38974100, 46855281, 52501944, 62158999, 69343956, 81711300, 89853148, 105669300, 115856200, 134212716, 147008444, 170229850, 183713068, 212399286, 229345008, 261941042, 282458443, 322162533, 343605394, 392457758, 418195494, 471573300, 503120200, 568462950, 599216200, 676867884, 714924300, 799100456, 844596300, 944761950, 988310442, 1108378657, 1159922456, 1286145300, 1350125108, 1500788849, 1557594764, 1732564152, 1804229350, 1989146775, 2073071592, 2288350548, 2362525242, 2617237700, 2706606300, 2965153884, 3077056398, 3381420724, 3472494301, 3823254600, 3939040644, 4298873964, 4435633268, 4851278652, 4963697816, 5447516250, 5584059450, 6062531244, 6239966964, 6803213494, 6928254300, 7568385264, 7735336400, 8382113586, 8587340256, 9321128619, 9470867350, 10318963557],17.6.b.E.a

17.b,16,6,100,1,[[[-11582, []], [1, []], [33, []], [-242, []], [1057, []], [-3124, []], [-7986, []], [-16806, []], [33825, []], [58807, []], [-103092, []], [-161050, []], [-255794, []], [371294, []], [-554598, []], [756008, []], [1082401, []], [1, []], [1940631, []], [2476100, []], [-3302068, []], [4067052, []], [-5314650, []], [-6436342, []], [-8185650, []], [9762501, []], [12252702, []], [-14290100, []], [-17763942, []], [-20511148, []], [24948264, []], [-28629150, []], [34636833, []], [38974100, []], [33, []], [52501944, []], [62158999, []], [-69343956, []], [81711300, []], [-89853148, []], [-105669300, []], [-115856200, []], [134212716, []], [147008444, []], [-170229850, []], [-183713068, []], [-212399286, []], [229345008, []], [-261941042, []], [282458443, []], [322162533, []], [-242, []], [392457758, []], [418195494, []], [-471573300, []], [503120200, []], [-568462950, []], [-599216200, []], [-676867884, []], [714924300, []], [799100456, []], [-844596300, []], [-944761950, []], [-988310442, []], [1108378657, []], [-1159922456, []], [1286145300, []], [1350125108, []], [1057, []], [1557594764, []], [1732564152, []], [-1804229350, []], [1989146775, []], [-2073071592, []], [-2288350548, []], [-2362525242, []], [2617237700, []], [2706606300, []], [-2965153884, []], [-3077056398, []], [-3381420724, []], [3472494301, []], [-3823254600, []], [3939040644, []], [4298873964, []], [-3124, []], [4851278652, []], [4963697816, []], [-5447516250, []], [5584059450, []], [-6062531244, []], [-6239966964, []], [-6803213494, []], [6928254300, []], [7568385264, []], [-7735336400, []], [-8382113586, []], [-8587340256, []], [9321128619, []], [-9470867350, []], [10318963557, []]]],[-11582, 1, 33, -242, 1057, -3124, -7986, -16806, 33825, 58807, -103092, -161050, -255794, 371294, -554598, 756008, 1082401, 1, 1940631, 2476100, -3302068, 4067052, -5314650, -6436342, -8185650, 9762501, 12252702, -14290100, -17763942, -20511148, 24948264, -28629150, 34636833, 38974100, 33, 52501944, 62158999, -69343956, 81711300, -89853148, -105669300, -115856200, 134212716, 147008444, -170229850, -183713068, -212399286, 229345008, -261941042, 282458443, 322162533, -242, 392457758, 418195494, -471573300, 503120200, -568462950, -599216200, -676867884, 714924300, 799100456, -844596300, -944761950, -988310442, 1108378657, -1159922456, 1286145300, 1350125108, 1057, 1557594764, 1732564152, -1804229350, 1989146775, -2073071592, -2288350548, -2362525242, 2617237700, 2706606300, -2965153884, -3077056398, -3381420724, 3472494301, -3823254600, 3939040644, 4298873964, -3124, 4851278652, 4963697816, -5447516250, 5584059450, -6062531244, -6239966964, -6803213494, 6928254300, 7568385264, -7735336400, -8382113586, -8587340256, 9321128619, -9470867350, 10318963557],17.6.b.E.b

17.c,4,6,100,4,[[[0, [0]], [1, [0]], [31, [0]], [243, [-1]], [993, [0]], [3125, [-1]], [7533, [-31]], [16807, [1]], [31775, [0]], [59048, [-243]], [96875, [-31]], [161051, [1]], [241299, [-993]], [371294, [0]], [521017, [31]], [759374, [-3368]], [1016801, [0]], [1419857, [0]], [1830488, [-7533]], [2476098, [0]], [3103125, [-993]], [4084102, [-16564]], [4992581, [31]], [6436343, [1]], [7721325, [-31775]], [9765624, [-3125]], [11510114, [0]], [14348664, [-59048]], [16689351, [993]], [20511149, [-1]], [23540594, [-104408]], [28629151, [-1]], [32537631, [0]], [39135394, [-160808]], [44015567, [0]], [52521876, [-13682]], [58634664, [-241299]], [69343957, [-1]], [76759038, [0]], [90224442, [-371294]], [99296875, [-31775]], [115856201, [1]], [126607162, [-513484]], [147008442, [0]], [159923643, [993]], [184524757, [-818423]], [199526633, [31]], [229345008, [0]], [247082643, [-1016801]], [282475248, [16807]], [302734344, [-96875]], [345025251, [-1419857]], [368694942, [0]], [418195492, [0]], [444808584, [-1830488]], [503284376, [-157926]], [534042425, [31775]], [601691814, [-2476098]], [635845619, [-31]], [714924298, [0]], [754058382, [-3344424]], [844596301, [1]], [887503681, [-31]], [992419979, [-4025053]], [1041204193, [0]], [1160293750, [-371294]], [1213197214, [-4985048]], [1350125108, [0]], [1409918001, [0]], [1564031350, [-6436100]], [1628178156, [-424142]], [1804229351, [-1]], [1876250200, [-7721325]], [2073071593, [-1]], [2149662667, [-31]], [2373043507, [-10524999]], [2458765314, [0]], [2706784156, [177858]], [2796957702, [-11510114]], [3077056399, [1]], [3177503125, [-1016801]], [3486725353, [-14348664]], [3591542231, [31]], [3939040642, [0]], [4055513286, [-16448052]], [4437053125, [-1419857]], [4557261702, [0]], [4984209206, [-20511392]], [5117395525, [31775]], [5584059450, [0]], [5720267467, [-25371113]], [6240338258, [371294]], [6391288599, [993]], [6956883692, [-28629394]], [7109695248, [0]], [7737806250, [-2476098]], [7906644333, [-32537631]], [8587340257, [-1]], [8756732688, [521017]], [9509739691, [-39076345]], [9697264632, [-3103125]]]],[0, 2, 62, 486, 1986, 6250, 15066, 33614, 63550, 118096, 193750, 322102, 482598, 742588, 1042034, 1518748, 2033602, 2839714, 3660976, 4952196, 6206250, 8168204, 9985162, 12872686, 15442650, 19531248, 23020228, 28697328, 33378702, 41022298, 47081188, 57258302, 65075262, 78270788, 88031134, 105043752, 117269328, 138687914, 153518076, 180448884, 198593750, 231712402, 253214324, 294016884, 319847286, 369049514, 399053266, 458690016, 494165286, 564950496, 605468688, 690050502, 737389884, 836390984, 889617168, 1006568752, 1068084850, 1203383628, 1271691238, 1429848596, 1508116764, 1689192602, 1775007362, 1984839958, 2082408386, 2320587500, 2426394428, 2700250216, 2819836002, 3128062700, 3256356312, 3608458702, 3752500400, 4146143186, 4299325334, 4746087014, 4917530628, 5413568312, 5593915404, 6154112798, 6355006250, 6973450706, 7183084462, 7878081284, 8111026572, 8874106250, 9114523404, 9968418412, 10234791050, 11168118900, 11440534934, 12480676516, 12782577198, 13913767384, 14219390496, 15475612500, 15813288666, 17174680514, 17513465376, 19019479382, 19394529264],17.6.c.E.a

17.c,4,6,100,4,[[[-6931, [8851]], [1, [0]], [-31, [0]], [1, [-243]], [993, [0]], [1, [-3125]], [-31, [7533]], [1, [16807]], [-31775, [0]], [-59048, [-243]], [-31, [96875]], [1, [161051]], [993, [-241299]], [371294, [0]], [-31, [-521017]], [-759374, [-3368]], [1016801, [0]], [1, [0]], [1830488, [7533]], [-2476098, [0]], [993, [-3103125]], [4084102, [16564]], [-31, [-4992581]], [1, [6436343]], [-31775, [7721325]], [-9765624, [-3125]], [-11510114, [0]], [-59048, [14348664]], [993, [16689351]], [1, [-20511149]], [23540594, [104408]], [1, [-28629151]], [-32537631, [0]], [39135394, [160808]], [-31, [0]], [52521876, [13682]], [-58634664, [-241299]], [1, [-69343957]], [76759038, [0]], [371294, [-90224442]], [-31775, [99296875]], [1, [115856201]], [-126607162, [-513484]], [-147008442, [0]], [993, [159923643]], [-818423, [184524757]], [-31, [-199526633]], [229345008, [0]], [1016801, [-247082643]], [-282475248, [16807]], [302734344, [96875]], [1, [-243]], [368694942, [0]], [-418195492, [0]], [1830488, [-444808584]], [503284376, [157926]], [-31775, [-534042425]], [-2476098, [601691814]], [-31, [635845619]], [-714924298, [0]], [-754058382, [-3344424]], [1, [844596301]], [-31, [887503681]], [4025053, [-992419979]], [1041204193, [0]], [371294, [-1160293750]], [-1213197214, [-4985048]], [1350125108, [0]], [993, [0]], [1564031350, [6436100]], [-1628178156, [-424142]], [1, [-1804229351]], [1876250200, [7721325]], [1, [-2073071593]], [-31, [2149662667]], [-10524999, [2373043507]], [-2458765314, [0]], [-2706784156, [177858]], [-11510114, [2796957702]], [1, [3077056399]], [1016801, [-3177503125]], [3486725353, [14348664]], [-31, [-3591542231]], [-3939040642, [0]], [4055513286, [16448052]], [1, [-3125]], [4557261702, [0]], [-4984209206, [-20511392]], [-31775, [-5117395525]], [5584059450, [0]], [25371113, [-5720267467]], [371294, [6240338258]], [993, [6391288599]], [-6956883692, [-28629394]], [-7109695248, [0]], [-2476098, [7737806250]], [-32537631, [7906644333]], [1, [-8587340257]], [8756732688, [-521017]], [39076345, [-9509739691]], [-9697264632, [-3103125]]]],[-13862, 2, -62, 2, 1986, 2, -62, 2, -63550, -118096, -62, 2, 1986, 742588, -62, -1518748, 2033602, 2, 3660976, -4952196, 1986, 8168204, -62, 2, -63550, -19531248, -23020228, -118096, 1986, 2, 47081188, 2, -65075262, 78270788, -62, 105043752, -117269328, 2, 153518076, 742588, -63550, 2, -253214324, -294016884, 1986, -1636846, -62, 458690016, 2033602, -564950496, 605468688, 2, 737389884, -836390984, 3660976, 1006568752, -63550, -4952196, -62, -1429848596, -1508116764, 2, -62, 8050106, 2082408386, 742588, -2426394428, 2700250216, 1986, 3128062700, -3256356312, 2, 3752500400, 2, -62, -21049998, -4917530628, -5413568312, -23020228, 2, 2033602, 6973450706, -62, -7878081284, 8111026572, 2, 9114523404, -9968418412, -63550, 11168118900, 50742226, 742588, 1986, -13913767384, -14219390496, -4952196, -65075262, 2, 17513465376, 78152690, -19394529264],17.6.c.E.b

17.d,2,6,100,8,[[[0, [0, 0, 0]], [1, [0, 0, 0]], [32, [0, 1, 0]], [243, [0, 0, -1]], [1023, [0, 32, 0]], [3125, [0, 0, 1]], [7776, [1, 243, -32]], [16807, [-1, 0, 0]], [32736, [0, 1023, 0]], [59049, [0, -1, -243]], [100000, [-1, 3125, 32]], [161051, [1, 0, 0]], [248589, [32, 7776, -1023]], [371292, [0, 0, 0]], [537824, [-32, 16807, -1]], [759375, [0, 1, -2882]], [1047553, [0, 32736, 0]], [1419857, [0, 0, 0]], [1889569, [243, 59017, -7776]], [2476099, [0, 1, 0]], [3196875, [-32, 100000, 1023]], [4084100, [-243, 0, -16807]], [5153632, [32, 161051, 1]], [6436343, [1, 0, 0]], [7954848, [1023, 248589, -32736]], [9765625, [0, -1, 3125]], [11881344, [0, 371292, 0]], [14348907, [-1, -243, -59049]], [17193561, [-1023, 537824, -32]], [20511149, [0, 0, 1]], [24299999, [2882, 759407, -92224]], [28629151, [0, 0, -1]], [33521696, [0, 1047553, 0]], [39135394, [243, 0, -161051]], [45435424, [0, 1419857, 0]], [52521876, [-3125, 0, 16807]], [60407159, [7776, 1888545, -248589]], [69343957, [0, 0, -1]], [79235167, [0, 2476131, 0]], [90223956, [0, 0, -371292]], [102300000, [-1023, 3196875, 32736]], [115856201, [-1, 0, 0]], [130691200, [9031, 4084100, -538067]], [147008443, [0, -1, 0]], [164755173, [1023, 5153632, 32]], [184528125, [1, -2882, -700326]], [205962976, [32, 6436343, 1]], [229345006, [0, 0, 0]], [254555379, [32736, 7954848, -1047553]], [282475249, [-16807, 1, 0]], [312500001, [-3125, 9765593, 100000]], [345025251, [0, 0, -1419857]], [379831716, [0, 11881344, 0]], [418195493, [0, 1, 0]], [459165267, [59017, 14341131, -1889569]], [503284374, [3125, 0, 161051]], [550193952, [-32736, 17193561, -1023]], [601692057, [1, 243, -2476099]], [656356768, [-1, 20511149, 32]], [714924299, [0, -1, 0]], [776840593, [92224, 24301023, -2948286]], [844596301, [-1, 0, 0]], [916132832, [1, 28629151, -32]], [992436300, [-59049, -16807, -4084100]], [1072694271, [0, 33521696, 0]], [1160287500, [0, 0, 371292]], [1252332608, [168827, 39135394, -5153389]], [1350125108, [0, 0, 0]], [1452513711, [0, 45435424, 0]], [1564031350, [243, 0, -6436343]], [1680700032, [-116807, 52521876, 534699]], [1804229351, [0, 0, -1]], [1933029087, [248589, 60374391, -7954848]], [2073071593, [0, 0, 1]], [2219006624, [1, 69343957, -32]], [2373046875, [-1, 2882, -9006250]], [2533049245, [0, 79236191, 0]], [2706784157, [-144244, -1, 0]], [2887166592, [371292, 90223956, -11881344]], [3077056399, [1, 0, 0]], [3273603125, [-32736, 102300000, 1047553]], [3486784400, [-243, -59049, -14348907]], [3707398432, [-32, 115856201, -1]], [3939040643, [0, 1, 0]], [4178034300, [289235, 130691200, -17201337]], [4437053125, [0, 0, 1419857]], [4704270177, [0, 147008411, 0]], [4984209207, [0, 1, -20510906]], [5272165536, [32736, 164755173, 1023]], [5584059448, [0, 0, 0]], [5904902882, [700358, 184435901, -22410431]], [6240304644, [-371292, 0, 0]], [6584378889, [1023, 205962976, 32]], [6956883693, [0, -1, -28629394]], [7339040192, [0, 229345006, 0]], [7737809375, [-1, 3125, 2476099]], [8145772128, [1047553, 254555379, -33521696]], [8587340257, [0, 0, 1]], [9039207967, [-537824, 282475281, -16807]], [9509900742, [59049, -161051, -39135394]], [9990234407, [-100000, 312498977, 3196875]]]],[0, 4, 128, 972, 4092, 12500, 31104, 67228, 130944, 236196, 400000, 644204, 994356, 1485168, 2151296, 3037500, 4190212, 5679428, 7558276, 9904396, 12787500, 16336400, 20614528, 25745372, 31819392, 39062500, 47525376, 57395628, 68774244, 82044596, 97199996, 114516604, 134086784, 156541576, 181741696, 210087504, 241628636, 277375828, 316940668, 360895824, 409200000, 463424804, 522764800, 588033772, 659020692, 738112500, 823851904, 917380024, 1018221516, 1129900996, 1250000004, 1380101004, 1519326864, 1672781972, 1836661068, 2013137496, 2200775808, 2406768228, 2625427072, 2859697196, 3107362372, 3378385204, 3664531328, 3969745200, 4290777084, 4641150000, 5009330432, 5400500432, 5810054844, 6256125400, 6722800128, 7216917404, 7732116348, 8292286372, 8876026496, 9492187500, 10132196980, 10827136628, 11548666368, 12308225596, 13094412500, 13947137600, 14829593728, 15756162572, 16712137200, 17748212500, 18817080708, 19936836828, 21088662144, 22336237792, 23619611528, 24961218576, 26337515556, 27827534772, 29356160768, 30951237500, 32583088512, 34349361028, 36156831868, 38039602968, 39960937628],17.6.d.E.a

17.d,2,6,100,8,[[[-81708/17, [-22352/17, -160881/17, 67869/17]], [1, [0, 0, 0]], [1, [0, 32, 0]], [1, [0, 0, -243]], [-1023, [0, 32, 0]], [1, [0, 0, 3125]], [1, [7776, 32, -243]], [1, [-16807, 0, 0]], [-1023, [0, -32736, 0]], [1, [0, -59049, -243]], [1, [-100000, 32, 3125]], [1, [161051, 0, 0]], [-1023, [7776, 32, 248589]], [-371292, [0, 0, 0]], [1, [-16807, 32, -537824]], [1, [0, 759375, 2882]], [1047553, [0, -32736, 0]], [1, [0, 0, 0]], [1889569, [7776, -59017, -243]], [1, [0, 2476099, 0]], [-1023, [-100000, 32, -3196875]], [-4084100, [-16807, 0, -243]], [1, [161051, 32, 5153632]], [1, [6436343, 0, 0]], [-1023, [-7954848, -32736, 248589]], [1, [0, -9765625, 3125]], [-371292, [0, -11881344, 0]], [1, [-14348907, -59049, -243]], [-1023, [17193561, 32, -537824]], [1, [0, 0, 20511149]], [-24299999, [-92224, 759407, 2882]], [1, [0, 0, -28629151]], [1047553, [0, 33521696, 0]], [39135394, [161051, 0, -243]], [1, [0, 32, 0]], [52521876, [-16807, 0, 3125]], [1888545, [7776, 60407159, 248589]], [1, [0, 0, -69343957]], [-79235167, [0, 2476131, 0]], [-371292, [0, 0, 90223956]], [-1023, [102300000, -32736, -3196875]], [1, [-115856201, 0, 0]], [-4084100, [-9031, -130691200, -538067]], [1, [0, -147008443, 0]], [-1023, [-164755173, 32, 5153632]], [1, [184528125, 700326, 2882]], [1, [6436343, 32, 205962976]], [-229345006, [0, 0, 0]], [1047553, [-7954848, -32736, -254555379]], [1, [-16807, 282475249, 0]], [312500001, [-100000, -9765593, 3125]], [1, [0, 0, -243]], [379831716, [0, -11881344, 0]], [1, [0, 418195493, 0]], [1889569, [-14341131, -59017, -459165267]], [-503284374, [161051, 0, 3125]], [-1023, [17193561, -32736, 550193952]], [1, [601692057, 2476099, -243]], [1, [-656356768, 32, 20511149]], [1, [0, -714924299, 0]], [-24301023, [-92224, -776840593, -2948286]], [1, [-844596301, 0, 0]], [1, [916132832, 32, -28629151]], [-4084100, [-16807, -59049, 992436300]], [-1072694271, [0, 33521696, 0]], [-371292, [0, 0, -1160287500]], [39135394, [168827, 1252332608, 5153389]], [1350125108, [0, 0, 0]], [-1023, [0, 32, 0]], [1564031350, [6436343, 0, -243]], [52521876, [-116807, 1680700032, -534699]], [1, [0, 0, -1804229351]], [-1933029087, [-7954848, 60374391, 248589]], [1, [0, 0, 2073071593]], [1, [2219006624, 32, -69343957]], [1, [-2373046875, -9006250, 2882]], [-79236191, [0, -2533049245, 0]], [1, [144244, -2706784157, 0]], [-371292, [-2887166592, -11881344, 90223956]], [1, [3077056399, 0, 0]], [1047553, [102300000, -32736, 3273603125]], [-3486784400, [-14348907, -59049, -243]], [1, [-115856201, 32, -3707398432]], [1, [0, 3939040643, 0]], [4178034300, [17201337, -130691200, -289235]], [1, [0, 0, 3125]], [4704270177, [0, -147008411, 0]], [1, [0, 4984209207, 20510906]], [-1023, [-164755173, -32736, -5272165536]], [-5584059448, [0, 0, 0]], [-22410431, [184435901, 700358, 5904902882]], [-371292, [6240304644, 0, 0]], [-1023, [-6584378889, 32, 205962976]], [1, [0, -6956883693, -28629394]], [-229345006, [0, -7339040192, 0]], [1, [-7737809375, 2476099, 3125]], [1047553, [8145772128, 33521696, -254555379]], [1, [0, 0, 8587340257]], [-9039207967, [-16807, 282475281, -537824]], [39135394, [161051, -59049, -9509900742]], [312498977, [-100000, 9990234407, -3196875]]]],[-326832/17, 4, 4, 4, -4092, 4, 4, 4, -4092, 4, 4, 4, -4092, -1485168, 4, 4, 4190212, 4, 7558276, 4, -4092, -16336400, 4, 4, -4092, 4, -1485168, 4, -4092, 4, -97199996, 4, 4190212, 156541576, 4, 210087504, 7554180, 4, -316940668, -1485168, -4092, 4, -16336400, 4, -4092, 4, 4, -917380024, 4190212, 4, 1250000004, 4, 1519326864, 4, 7558276, -2013137496, -4092, 4, 4, 4, -97204092, 4, 4, -16336400, -4290777084, -1485168, 156541576, 5400500432, -4092, 6256125400, 210087504, 4, -7732116348, 4, 4, 4, -316944764, 4, -1485168, 4, 4190212, -13947137600, 4, 4, 16712137200, 4, 18817080708, 4, -4092, -22336237792, -89641724, -1485168, -4092, 4, -917380024, 4, 4190212, 4, -36156831868, 156541576, 1249995908],17.6.d.E.b

19.c,7,6,100,3,[[[0, [0]], [1, [0]], [32, [1]], [243, [1]], [1023, [31]], [3125, [1]], [7775, [274]], [16808, [0]], [32737, [992]], [59048, [242]], [99999, [3156]], [161052, [0]], [248558, [8525]], [371292, [-1]], [537856, [16808]], [759374, [3367]], [1047584, [31745]], [1419857, [1]], [1889294, [66550]], [2476099, [0]], [3196844, [97867]], [4084344, [16808]], [5153664, [161052]], [6436342, [-1]], [7954099, [272801]], [9765624, [3124]], [11881345, [371261]], [14348665, [58806]], [17194584, [521048]], [20511148, [-1]], [24296601, [863751]], [28629152, [0]], [33522687, [1015839]], [39135636, [161052]], [45435423, [1419888]], [52525000, [16808]], [60398602, [2070552]], [69343958, [0]], [79235168, [2476099]], [90223957, [371050]], [102302133, [3131745]], [115856201, [1]], [130682200, [4605392]], [147008443, [1]], [164756196, [4992612]], [184524758, [815056]], [205962945, [6436311]], [229345006, [-1]], [254531167, [8729874]], [282492057, [0]], [312496844, [9862468]], [345025250, [1420099]], [379831747, [11509060]], [418195492, [-1]], [459098474, [16171651]], [503287500, [161052]], [550243496, [16673536]], [601692057, [2476099]], [656356737, [20511117]], [714924299, [1]], [776735225, [26880658]], [844596300, [-1]], [916132864, [28629152]], [992478784, [4067536]], [1072725985, [32506848]], [1160287501, [368168]], [1252179300, [44128248]], [1350125106, [-1]], [1452513680, [44016559]], [1564031107, [6436100]], [1680783192, [53046048]], [1804229351, [1]], [1932814312, [66257906]], [2073071593, [1]], [2219006656, [69343958]], [2373043508, [10521632]], [2533049277, [76759069]], [2706962016, [0]], [2886795574, [101726507]], [3077056399, [1]], [3273668255, [100218964]], [3486725595, [14289859]], [3707398431, [115856232]], [3939040644, [0]], [4177762864, [143288200]], [4437053124, [1422981]], [4704270175, [147008474]], [4984208965, [20510906]], [5272359324, [159763584]], [5584059448, [-1]], [5903977200, [209791494]], [6240675936, [-16808]], [6584377897, [199525610]], [6956883936, [28629152]], [7339040193, [229344975]], [7737809375, [2476099]], [8144997102, [279355725]], [8587340257, [1]], [9039745824, [282492057]], [9509798496, [38974584]], [9990136508, [305833352]]]],[0, 2, 63, 485, 2015, 6249, 15276, 33616, 64482, 117854, 196842, 322104, 488591, 742585, 1058904, 1515381, 2063423, 2839713, 3712038, 4952198, 6295821, 8151880, 10146276, 12872685, 15635397, 19528124, 23391429, 28638524, 33868120, 41022297, 47729451, 57258304, 66029535, 78110220, 89450958, 105033192, 118726652, 138687916, 155994237, 180076864, 201472521, 231712401, 256759008, 294016885, 324519780, 368234460, 405489579, 458690013, 500332460, 564984114, 615131220, 688630401, 748154434, 836390985, 902025297, 1006413948, 1083813456, 1200908015, 1292202357, 1429848597, 1526589792, 1689192601, 1803636576, 1980890032, 2112945122, 2320206834, 2460230352, 2700250213, 2861010801, 3121626114, 3308520336, 3608458701, 3799370718, 4146143185, 4368669354, 4735565384, 4989339485, 5413924032, 5671864641, 6154112797, 6447117546, 6959161331, 7298940630, 7878081288, 8212237528, 8872683267, 9261531876, 9947907024, 10384955064, 11168118897, 11598162906, 12481368680, 12969230184, 13885138720, 14448735411, 15473142651, 16010638479, 17174680513, 17796999591, 18980622408, 19674439664],19.6.c.E.a

19.c,7,6,100,3,[[[-103279/19, [-437948/19]], [1, [0]], [1, [32]], [1, [243]], [-1023, [-992]], [1, [3125]], [-7775, [-7501]], [16808, [0]], [31745, [-992]], [-59048, [-58806]], [-99999, [-96843]], [161052, [0]], [240033, [-8525]], [-371292, [-371293]], [16808, [537856]], [-759374, [-756007]], [31745, [1047584]], [1, [1419857]], [1822744, [-66550]], [1, [0]], [3098977, [-97867]], [16808, [4084344]], [161052, [5153664]], [-6436342, [-6436343]], [272801, [7954099]], [-9765624, [-9762500]], [11510084, [-371261]], [14289859, [-58806]], [-17194584, [-16673536]], [-20511148, [-20511149]], [23432850, [-863751]], [28629152, [0]], [-33522687, [-32506848]], [161052, [39135636]], [-45435423, [-44015535]], [16808, [52525000]], [2070552, [60398602]], [69343958, [0]], [1, [32]], [89852907, [-371050]], [3131745, [102302133]], [1, [115856201]], [-130682200, [-126076808]], [1, [147008443]], [-164756196, [-159763584]], [183709702, [-815056]], [199526634, [-6436311]], [-229345006, [-229345007]], [-254531167, [-245801293]], [282492057, [0]], [302634376, [-9862468]], [-345025250, [-343605151]], [11509060, [379831747]], [-418195492, [-418195493]], [16171651, [459098474]], [161052, [503287500]], [533569960, [-16673536]], [1, [243]], [635845620, [-20511117]], [1, [714924299]], [26880658, [776735225]], [-844596300, [-844596301]], [28629152, [916132864]], [-992478784, [-988411248]], [1040219137, [-32506848]], [1159919333, [-368168]], [-1252179300, [-1208051052]], [-1350125106, [-1350125107]], [1408497121, [-44016559]], [1557595007, [-6436100]], [-1680783192, [-1627737144]], [1, [1804229351]], [-1932814312, [-1866556406]], [1, [2073071593]], [69343958, [2219006656]], [2362521876, [-10521632]], [-1023, [-992]], [2706962016, [0]], [101726507, [2886795574]], [1, [3077056399]], [-3273668255, [-3173449291]], [14289859, [3486725595]], [-3707398431, [-3591542199]], [3939040644, [0]], [4034474664, [-143288200]], [-4437053124, [-4435630143]], [-4704270175, [-4557261701]], [4963698059, [-20510906]], [5112595740, [-159763584]], [-5584059448, [-5584059449]], [209791494, [5903977200]], [-6240675936, [-6240692744]], [199525610, [6584377897]], [28629152, [6956883936]], [7109695218, [-229344975]], [1, [3125]], [7865641377, [-279355725]], [1, [8587340257]], [282492057, [9039745824]], [-9509798496, [-9470823912]], [305833352, [9990136508]]]],[231390/19, 2, -30, -241, -1054, -3123, -8049, 33616, 64482, -59290, -103155, 322104, 488591, -371291, -504240, -762741, -984094, -1419855, 3712038, 2, 6295821, -4050728, -4831560, -6436341, -7408497, -9768748, 23391429, 28638524, -17715632, -20511147, 47729451, 57258304, -34538526, -38813532, -46855311, -52491384, -56257498, 138687916, -30, 180076864, -96038643, -115856199, -135287592, -147008441, -169748808, 368234460, 405489579, -229345005, -263261041, 564984114, 615131220, -346445349, -356813627, -418195491, -426755172, -502965396, 1083813456, -241, 1292202357, -714924297, -722973909, -844596299, -858874560, -996546320, 2112945122, 2320206834, -1296307548, -1350125105, 2861010801, 3121626114, -1733829240, -1804229349, -1999072218, -2073071591, -2080318740, 4735565384, -1054, 5413924032, -2683342560, -3077056397, -3373887219, -3458145877, -3823254663, 7878081288, 8212237528, -4438476105, -4851278649, 9947907024, 10384955064, -5584059447, -5484394212, -6240659128, -6185326677, -6899625632, 14448735411, -3123, 16010638479, -8587340255, -8474761710, -9548773080, -9378469804],19.6.c.E.b

19.e,4,6,100,9,[[[0, [0, 0, 0, 0, 0]], [1, [0, 0, 0, 0, 0]], [32, [1, 0, 0, 0, 0]], [243, [0, 0, 0, 1, 0]], [1024, [32, 1, 0, 0, 0]], [3125, [-1, 0, 0, -1, 0]], [7776, [243, 0, 0, 32, 1]], [16806, [0, 0, -1, 0, 0]], [32768, [1024, 32, 1, 0, 0]], [59049, [0, -1, 0, 243, -1]], [100000, [3093, -1, 0, -32, -1]], [161051, [0, 0, 1, 0, 0]], [248831, [7776, 243, -1, 1024, 32]], [371293, [0, 0, 0, 0, 1]], [537792, [16806, 0, -32, -1, 0]], [759375, [-243, 1, 0, 2882, 0]], [1048576, [32768, 1024, 32, 1, 0]], [1419857, [1, 0, 0, 0, 0]], [1889569, [59049, -32, 0, 7776, 211]], [2476099, [0, 0, 0, 0, 0]], [3200001, [98976, 3093, 0, -1024, -32]], [4083858, [1, 0, -243, 16807, 0]], [5153632, [161051, 0, 32, 1, 0]], [6436343, [0, 1, 0, 0, 0]], [7962592, [248831, 7776, 211, 32767, 1024]], [9765625, [-3125, 0, 0, -3125, 1]], [11881375, [371293, 0, -1, 0, 32]], [14348907, [0, -243, 1, 59049, -243]], [17209344, [537792, 16806, -1024, -32, -1]], [20511149, [0, -1, 0, 0, -1]], [24300000, [751599, -211, 1, 92224, 2882]], [28629150, [0, 0, -1, 0, 0]], [33554432, [1048576, 32768, 1024, 32, 1]], [39135393, [-1, 0, 243, 161050, 0]], [45435424, [1419889, 1, 0, 0, 0]], [52518750, [-16807, 0, -3125, -16806, 0]], [60465965, [1889569, 58025, -243, 248832, 6752]], [69343958, [0, 0, 0, 0, 0]], [79235168, [2476099, 0, 0, 0, 0]], [90224200, [0, 0, 0, 371293, 243]], [102400032, [3167233, 98976, 3125, -32768, -1024]], [115856201, [0, 0, 0, 1, 0]], [130683456, [4083890, 1, -7776, 537581, 16807]], [147008443, [-1, 0, 0, -1, 0]], [164916224, [5153632, 161051, 1024, 32, 1]], [184528124, [-59049, -2882, -1, 700326, -3125]], [205962976, [6436343, 32, 1, 0, 0]], [229345007, [0, -1, 0, 0, -1]], [254802944, [7962592, 248831, 6752, 1048787, 32767]], [282458442, [0, 0, -16806, 0, 0]], [312499999, [9665625, -3125, -1, -100000, -3093]], [345025251, [243, 0, 0, 1419857, 1]], [380204000, [11881375, 371293, -32, -1, 1024]], [418195493, [0, 1, 0, 0, 0]], [459165267, [14348907, -7776, 32, 1889569, 51273]], [503284375, [-161050, 0, 3125, -161051, 0]], [550699009, [17209344, 537792, -15961, -1024, -32]], [601692057, [0, 0, 0, 2476099, 0]], [656356769, [20511149, -32, 0, 0, -32]], [714924299, [1, 0, 0, 0, 0]], [777597118, [24051168, 752623, -3093, 2951169, 92224]], [844596301, [0, 1, 0, 0, 0]], [916132800, [28629150, 0, -32, -1, 0]], [992377494, [243, -16807, -59049, 4084101, -16806]], [1073741823, [33554432, 1048576, 32767, 1024, 32]], [1160290625, [-371293, 0, 1, -371293, 3125]], [1252332576, [39135361, -1, 7776, 5153843, 161050]], [1350125107, [0, -1, 0, 0, -1]], [1453933568, [45436448, 1419889, 1, 0, 0]], [1564031348, [0, 243, -1, 6436343, 0]], [1680600000, [51980926, -16807, -100000, -540917, -16806]], [1804229351, [-1, 0, 0, -1, 0]], [1934910880, [60465965, 1856801, 51273, 7962381, 216064]], [2073071593, [0, 0, 0, 1, 0]], [2219006656, [69343958, 0, 0, 0, 0]], [2373046876, [-759375, 3125, 0, 9006250, 243]], [2535525376, [79235168, 2476099, 0, 0, 0]], [2706623107, [0, 0, -144244, 0, 0]], [2887174157, [90224200, 0, -243, 11881376, 379069]], [3077056399, [0, 0, 0, 1, 0]], [3276801024, [101351456, 3167233, 100000, -1045451, -32768]], [3486784401, [-1, -59049, 243, 14348906, -59049]], [3707398432, [115856201, 0, 0, 32, 1]], [3939040642, [0, 0, -1, 0, 0]], [4181853785, [130684480, 4083890, -265638, 17202592, 537581]], [4437053125, [-1416732, -1, 0, -1419857, -1]], [4704270176, [147008411, -1, 0, -32, -1]], [4984209207, [0, -243, 1, 20511149, -243]], [5277319167, [164916224, 5153632, 193818, 1024, 32]], [5584059449, [0, 0, 0, 0, 1]], [5904903093, [182638556, -151273, 211, 22410431, 600326]], [6239950158, [0, 1, -371293, 0, 16807]], [6590815232, [205962976, 6437367, 32, 1, 0]], [6956883450, [1, 0, -243, 28629151, 0]], [7339040225, [229345007, -32, 0, 0, -32]], [7737809375, [-2476099, 0, 0, -2476099, 0]], [8153694209, [254802944, 7962592, 216064, 33561184, 1048787]], [8587340257, [1, 0, 0, 0, 0]], [9038670144, [282458442, 0, -537792, -16806, 0]], [9509900499, [-243, -161050, 59049, 39135150, -161051]], [10000003093, [309299999, 9665625, -32, -3200001, -98976]]]],[0, 6, 192, 1458, 6144, 18750, 46656, 100839, 196605, 354294, 600000, 966303, 1492989, 2227758, 3226848, 4556250, 6291360, 8519142, 11337414, 14856594, 19200006, 24503877, 30921696, 38618058, 47774919, 58593750, 71288253, 86093439, 103259136, 123066894, 145799997, 171774903, 201323520, 234811629, 272612544, 315121875, 362796519, 416063748, 475411008, 541345200, 614390817, 695137206, 784124064, 882050658, 989494272, 1107168747, 1235777853, 1376070042, 1528797408, 1694801070, 1874999997, 2070151506, 2281224096, 2509172958, 2754991506, 3019696875, 3304241937, 3610152342, 3938140614, 4289545794, 4665591987, 5067577806, 5496796896, 5954442111, 6442352637, 6961743747, 7513972128, 8100750642, 8723601405, 9384188091, 10083900000, 10825376106, 11609311461, 12438429558, 13314039936, 14238281256, 15213152256, 16240171374, 17323045671, 18462338394, 19660506144, 20920705677, 22244390592, 23634243855, 25091919624, 26622318750, 28225621056, 29905255239, 31663333548, 33504356694, 35429417925, 37440814827, 39544891296, 41741301429, 44034241350, 46426856250, 48921517062, 51524041542, 54233634240, 57059225847, 60000018654],19.6.e.E.a

19.e,4,6,100,9,[[[-15807, [-8592, -11625, 1868, -6149, -5424]], [1, [0, 0, 0, 0, 0]], [1, [32, 0, 0, 0, 0]], [1, [0, 0, 0, 243, 0]], [1, [32, 1024, 0, 0, 0]], [1, [-3125, 0, 0, -3125, 0]], [1, [32, 0, 0, 243, 7776]], [-16806, [0, 0, -16807, 0, 0]], [1, [32, 1024, 32768, 0, 0]], [1, [0, -59049, 0, 243, -59049]], [1, [-3093, -100000, 0, -3125, -100000]], [1, [0, 0, 161051, 0, 0]], [-248831, [32, 1024, -248832, 243, 7776]], [1, [0, 0, 0, 0, 371293]], [-16806, [-537792, 0, -16807, -537824, 0]], [1, [-3125, 759375, 0, -2882, 0]], [1, [32, 1024, 32768, 1048576, 0]], [1, [1419857, 0, 0, 0, 0]], [1889569, [32, -59049, 0, 243, -51273]], [1, [0, 0, 0, 0, 0]], [3200001, [-3093, -98976, 0, -3125, -100000]], [-16806, [4084101, 0, -16807, 243, 0]], [1, [32, 0, 161051, 5153632, 0]], [1, [0, 6436343, 0, 0, 0]], [-248831, [-7962592, 1024, -216064, -7962381, 7776]], [1, [-3125, 0, 0, -3125, 9765625]], [-11881375, [32, 0, -11881376, 0, 371293]], [1, [0, -59049, 14348907, 243, -59049]], [-16806, [-537792, -17209344, -16807, -537824, -17210368]], [1, [0, -20511149, 0, 0, -20511149]], [1, [-3093, 659375, 24300000, -2882, -92224]], [-28629150, [0, 0, -28629151, 0, 0]], [1, [32, 1024, 32768, 1048576, 33554432]], [1, [-39135393, 0, 161051, -39135150, 0]], [1, [1419889, 45435424, 0, 0, 0]], [-16806, [-3125, 0, -16807, 52518750, 0]], [1640737, [60466208, -58025, -248832, 243, -51273]], [69343958, [0, 0, 0, 0, 0]], [1, [32, 0, 0, 0, 0]], [90224200, [0, 0, 0, 243, 371293]], [3200001, [102396907, -98976, 32768, -3125, -100000]], [1, [0, 0, 0, 115856201, 0]], [-16806, [3546309, 130691232, -16807, -537581, 7776]], [1, [-147008443, 0, 0, -147008443, 0]], [1, [32, 1024, 161051, 5153632, 164916224]], [-184528124, [-3125, 700326, -184528125, -2882, -59049]], [1, [32, 6436343, 205962976, 0, 0]], [1, [0, -229345007, 0, 0, -229345007]], [-248831, [-7962592, -254802944, -216064, -6913805, -254796192]], [-16806, [0, 0, 282458442, 0, 0]], [-312499999, [-3093, -100000, -312500000, -3125, 9665625]], [1, [1419857, 0, 0, 243, 345025251]], [-11881375, [-380204000, 1024, -11881376, -380204032, 371293]], [1, [0, 418195493, 0, 0, 0]], [1889569, [32, -59049, 14348907, 459165267, -51273]], [1, [503281250, 0, 161051, -3125, 0]], [550714970, [-537792, -17209344, 15961, -537824, -17210368]], [1, [0, 0, 0, 243, 0]], [656356769, [32, -20511149, 0, 0, -20511149]], [1, [714924299, 0, 0, 0, 0]], [2951169, [-3093, 660399, 24051168, 777597118, -92224]], [1, [0, 844596301, 0, 0, 0]], [-28629150, [-916132800, 0, -28629151, -916132832, 0]], [-16806, [4084101, -59049, -16807, 243, 992377494]], [-1073741823, [32, 1024, -1073709056, 1048576, 33554432]], [1, [-3125, 0, 1160290625, -3125, 371293]], [1, [-39135361, -1252332576, 161051, -33981518, -1252324800]], [1, [0, -1350125107, 0, 0, -1350125107]], [1, [1419889, 45436448, 1453933568, 0, 0]], [-1564031348, [0, 6436343, -1564031349, 243, 0]], [-16806, [-540917, -100000, -16807, 51980926, 1680600000]], [1, [-1804229351, 0, 0, -1804229351, 0]], [1640737, [52503584, 1934859607, -216064, -7962381, -51273]], [1, [0, 0, 0, 2073071593, 0]], [69343958, [2219006656, 0, 0, 0, 0]], [2373046876, [-3125, 759375, 0, -2882, 9765625]], [1, [32, 1024, 0, 0, 0]], [2706767351, [0, 0, 144244, 0, 0]], [78342824, [2887174400, 0, -11881376, 243, 379069]], [1, [0, 0, 0, 3077056399, 0]], [3200001, [102396907, 3276701024, 32768, 1045451, -100000]], [1, [-3486784401, -59049, 14348907, -3486784158, -59049]], [1, [32, 0, 0, 115856201, 3707398432]], [-3939040642, [0, 0, -3939040643, 0, 0]], [-265638, [3546309, 113481888, 4181853785, -537581, -17202592]], [1, [1416732, -4437053125, 0, -3125, -4437053125]], [1, [-147008411, -4704270176, 0, -147008443, -4704270176]], [1, [0, -20511149, 4984209207, 243, -20511149]], [-5277319167, [32, 1024, -5277125349, 5153632, 164916224]], [1, [0, 0, 0, 0, 5584059449]], [-182638556, [-5904903093, 600326, -160228125, -5904902882, -151273]], [-16806, [0, 6240321451, -16807, 0, 371293]], [1, [32, 6437367, 205962976, 6590815232, 0]], [-28629150, [6956883693, 0, -28629151, 243, 0]], [7339040225, [32, -229345007, 0, 0, -229345007]], [1, [-3125, 0, 0, -3125, 0]], [8153478145, [-7962592, -254802944, -216064, -6913805, -221241760]], [1, [8587340257, 0, 0, 0, 0]], [-16806, [-537792, 0, 282458442, 9038670144, 0]], [1, [-39135393, 9509841450, 161051, -39135150, -59049]], [-309299999, [-10000003093, -98976, -312500000, -10000003125, 9665625]]]],[-100446, 6, 6, 6, 6, 6, 6, -50415, -98298, 6, 6, -483147, -746490, 6, -50415, 6, -98298, 6, 11337414, 6, 19200006, -50415, -483147, 6, -844794, 6, -35644122, -43046715, -50415, 6, -72899994, -85887447, -98298, -483147, 6, -50415, 10590918, 416063748, 6, 541345200, 19101702, 6, -50415, 6, -483147, -553584369, -617888922, 6, -844794, -847476162, -937499994, 6, -35644122, 6, -31709307, -483147, 3304241937, 6, 3938140614, 6, -54446490, 6, -85887447, -50415, -3221323770, -3480871869, -483147, 6, -4361800698, -4692094041, -50415, 6, 10492614, 6, 416063748, 14238281256, 6, 16240171374, 505701072, 6, 19101702, -43046715, 6, -11817121923, -12547155183, 6, 6, -14952627615, -15832538955, 6, -615146961, -50415, -617888922, -85887447, 44034241350, 6, 48921517062, 6, -847476162, -483147, -918299994],19.6.e.E.b

