3.b,2,7,100,1,[[[0, []], [1, []], [63, []], [729, []], [4033, []], [15624, []], [45927, []], [117650, []], [258111, []], [531441, []], [984312, []], [1771560, []], [2940057, []], [4826810, []], [7411950, []], [11389896, []], [16519105, []], [24137568, []], [33480783, []], [47045882, []], [63011592, []], [85766850, []], [111608280, []], [148035888, []], [188162919, []], [244125001, []], [304089030, []], [387420489, []], [474482450, []], [594823320, []], [717563448, []], [887503682, []], [1057222719, []], [1291467240, []], [1520666784, []], [1838163600, []], [2143301553, []], [2565726410, []], [2963890566, []], [3518744490, []], [4032726264, []], [4750104240, []], [5403311550, []], [6321363050, []], [7144701480, []], [8303234184, []], [9326260944, []], [10779215328, []], [12042427545, []], [13841404851, []], [15379875063, []], [17596287072, []], [19466524730, []], [22164361128, []], [24407490807, []], [27678853440, []], [30366759150, []], [34296447978, []], [37473869160, []], [42180533640, []], [45935450568, []], [51520374362, []], [55912731966, []], [62524033650, []], [67662254017, []], [75414079440, []], [81362436120, []], [90458382170, []], [97346811744, []], [107918162352, []], [115804306800, []], [128100283920, []], [137170767951, []], [151334226290, []], [161640763830, []], [177967125729, []], [189736042106, []], [208424034000, []], [221680902870, []], [243087455522, []], [258094496520, []], [282429536481, []], [299256567120, []], [326940373368, []], [345897706050, []], [377125362432, []], [398245872150, []], [433626200280, []], [457259123160, []], [496981290960, []], [523103753592, []], [567874196500, []], [597028736304, []], [646990184178, []], [679090565664, []], [735044860368, []], [770715362151, []], [832972004930, []], [872008505613, []], [941479617960, []], [984556129033, []]]],[0, 1, 63, 729, 4033, 15624, 45927, 117650, 258111, 531441, 984312, 1771560, 2940057, 4826810, 7411950, 11389896, 16519105, 24137568, 33480783, 47045882, 63011592, 85766850, 111608280, 148035888, 188162919, 244125001, 304089030, 387420489, 474482450, 594823320, 717563448, 887503682, 1057222719, 1291467240, 1520666784, 1838163600, 2143301553, 2565726410, 2963890566, 3518744490, 4032726264, 4750104240, 5403311550, 6321363050, 7144701480, 8303234184, 9326260944, 10779215328, 12042427545, 13841404851, 15379875063, 17596287072, 19466524730, 22164361128, 24407490807, 27678853440, 30366759150, 34296447978, 37473869160, 42180533640, 45935450568, 51520374362, 55912731966, 62524033650, 67662254017, 75414079440, 81362436120, 90458382170, 97346811744, 107918162352, 115804306800, 128100283920, 137170767951, 151334226290, 161640763830, 177967125729, 189736042106, 208424034000, 221680902870, 243087455522, 258094496520, 282429536481, 299256567120, 326940373368, 345897706050, 377125362432, 398245872150, 433626200280, 457259123160, 496981290960, 523103753592, 567874196500, 597028736304, 646990184178, 679090565664, 735044860368, 770715362151, 832972004930, 872008505613, 941479617960, 984556129033],3.7.b.E.a

3.b,2,7,100,1,[[[-7/3, []], [1, []], [-63, []], [1, []], [4033, []], [-15624, []], [-63, []], [117650, []], [-258111, []], [1, []], [984312, []], [-1771560, []], [4033, []], [4826810, []], [-7411950, []], [-15624, []], [16519105, []], [-24137568, []], [-63, []], [47045882, []], [-63011592, []], [117650, []], [111608280, []], [-148035888, []], [-258111, []], [244125001, []], [-304089030, []], [1, []], [474482450, []], [-594823320, []], [984312, []], [887503682, []], [-1057222719, []], [-1771560, []], [1520666784, []], [-1838163600, []], [4033, []], [2565726410, []], [-2963890566, []], [4826810, []], [4032726264, []], [-4750104240, []], [-7411950, []], [6321363050, []], [-7144701480, []], [-15624, []], [9326260944, []], [-10779215328, []], [16519105, []], [13841404851, []], [-15379875063, []], [-24137568, []], [19466524730, []], [-22164361128, []], [-63, []], [27678853440, []], [-30366759150, []], [47045882, []], [37473869160, []], [-42180533640, []], [-63011592, []], [51520374362, []], [-55912731966, []], [117650, []], [67662254017, []], [-75414079440, []], [111608280, []], [90458382170, []], [-97346811744, []], [-148035888, []], [115804306800, []], [-128100283920, []], [-258111, []], [151334226290, []], [-161640763830, []], [244125001, []], [189736042106, []], [-208424034000, []], [-304089030, []], [243087455522, []], [-258094496520, []], [1, []], [299256567120, []], [-326940373368, []], [474482450, []], [377125362432, []], [-398245872150, []], [-594823320, []], [457259123160, []], [-496981290960, []], [984312, []], [567874196500, []], [-597028736304, []], [887503682, []], [679090565664, []], [-735044860368, []], [-1057222719, []], [832972004930, []], [-872008505613, []], [-1771560, []], [984556129033, []]]],[-7/3, 1, -63, 1, 4033, -15624, -63, 117650, -258111, 1, 984312, -1771560, 4033, 4826810, -7411950, -15624, 16519105, -24137568, -63, 47045882, -63011592, 117650, 111608280, -148035888, -258111, 244125001, -304089030, 1, 474482450, -594823320, 984312, 887503682, -1057222719, -1771560, 1520666784, -1838163600, 4033, 2565726410, -2963890566, 4826810, 4032726264, -4750104240, -7411950, 6321363050, -7144701480, -15624, 9326260944, -10779215328, 16519105, 13841404851, -15379875063, -24137568, 19466524730, -22164361128, -63, 27678853440, -30366759150, 47045882, 37473869160, -42180533640, -63011592, 51520374362, -55912731966, 117650, 67662254017, -75414079440, 111608280, 90458382170, -97346811744, -148035888, 115804306800, -128100283920, -258111, 151334226290, -161640763830, 244125001, 189736042106, -208424034000, -304089030, 243087455522, -258094496520, 1, 299256567120, -326940373368, 474482450, 377125362432, -398245872150, -594823320, 457259123160, -496981290960, 984312, 567874196500, -597028736304, 887503682, 679090565664, -735044860368, -1057222719, 832972004930, -872008505613, -1771560, 984556129033],3.7.b.E.b

4.b,3,7,100,1,[[[0, []], [1, []], [64, []], [728, []], [4096, []], [15626, []], [46592, []], [117648, []], [262144, []], [530713, []], [1000064, []], [1771560, []], [2981888, []], [4826810, []], [7529472, []], [11375728, []], [16777216, []], [24137570, []], [33965632, []], [47045880, []], [64004096, []], [85647744, []], [113379840, []], [148035888, []], [190840832, []], [244156251, []], [308915840, []], [386889776, []], [481886208, []], [594823322, []], [728046592, []], [887503680, []], [1073741824, []], [1289695680, []], [1544804480, []], [1838367648, []], [2173800448, []], [2565726410, []], [3010936320, []], [3513917680, []], [4096262144, []], [4750104242, []], [5481455616, []], [6321363048, []], [7256309760, []], [8292921338, []], [9474296832, []], [10779215328, []], [12213813248, []], [13841169553, []], [15626000064, []], [17572150960, []], [19770613760, []], [22164361130, []], [24760945664, []], [27682396560, []], [30840717312, []], [34249400640, []], [38068692608, []], [42180533640, []], [46594981888, []], [51520374362, []], [56800235520, []], [62437323024, []], [68719476736, []], [75423733060, []], [82540523520, []], [90458382168, []], [98867486720, []], [107770126464, []], [117655529472, []], [128100283920, []], [139123228672, []], [151334226290, []], [164206490240, []], [177745750728, []], [192699924480, []], [208420490880, []], [224890731520, []], [243087455520, []], [262160777216, []], [282042646705, []], [304006671488, []], [326940373368, []], [350813159424, []], [377173668820, []], [404567235072, []], [433031378416, []], [464403824640, []], [496981290962, []], [530746965632, []], [567864542880, []], [606354997248, []], [646102679040, []], [689869780992, []], [735138920880, []], [781684047872, []], [832972004930, []], [885834851392, []], [940189922280, []], [1000064004096, []]]],[0, 1, 64, 728, 4096, 15626, 46592, 117648, 262144, 530713, 1000064, 1771560, 2981888, 4826810, 7529472, 11375728, 16777216, 24137570, 33965632, 47045880, 64004096, 85647744, 113379840, 148035888, 190840832, 244156251, 308915840, 386889776, 481886208, 594823322, 728046592, 887503680, 1073741824, 1289695680, 1544804480, 1838367648, 2173800448, 2565726410, 3010936320, 3513917680, 4096262144, 4750104242, 5481455616, 6321363048, 7256309760, 8292921338, 9474296832, 10779215328, 12213813248, 13841169553, 15626000064, 17572150960, 19770613760, 22164361130, 24760945664, 27682396560, 30840717312, 34249400640, 38068692608, 42180533640, 46594981888, 51520374362, 56800235520, 62437323024, 68719476736, 75423733060, 82540523520, 90458382168, 98867486720, 107770126464, 117655529472, 128100283920, 139123228672, 151334226290, 164206490240, 177745750728, 192699924480, 208420490880, 224890731520, 243087455520, 262160777216, 282042646705, 304006671488, 326940373368, 350813159424, 377173668820, 404567235072, 433031378416, 464403824640, 496981290962, 530746965632, 567864542880, 606354997248, 646102679040, 689869780992, 735138920880, 781684047872, 832972004930, 885834851392, 940189922280, 1000064004096],4.7.b.E.a

4.b,3,7,100,1,[[[-61/4, []], [1, []], [1, []], [-728, []], [1, []], [15626, []], [-728, []], [-117648, []], [1, []], [530713, []], [15626, []], [-1771560, []], [-728, []], [4826810, []], [-117648, []], [-11375728, []], [1, []], [24137570, []], [530713, []], [-47045880, []], [15626, []], [85647744, []], [-1771560, []], [-148035888, []], [-728, []], [244156251, []], [4826810, []], [-386889776, []], [-117648, []], [594823322, []], [-11375728, []], [-887503680, []], [1, []], [1289695680, []], [24137570, []], [-1838367648, []], [530713, []], [2565726410, []], [-47045880, []], [-3513917680, []], [15626, []], [4750104242, []], [85647744, []], [-6321363048, []], [-1771560, []], [8292921338, []], [-148035888, []], [-10779215328, []], [-728, []], [13841169553, []], [244156251, []], [-17572150960, []], [4826810, []], [22164361130, []], [-386889776, []], [-27682396560, []], [-117648, []], [34249400640, []], [594823322, []], [-42180533640, []], [-11375728, []], [51520374362, []], [-887503680, []], [-62437323024, []], [1, []], [75423733060, []], [1289695680, []], [-90458382168, []], [24137570, []], [107770126464, []], [-1838367648, []], [-128100283920, []], [530713, []], [151334226290, []], [2565726410, []], [-177745750728, []], [-47045880, []], [208420490880, []], [-3513917680, []], [-243087455520, []], [15626, []], [282042646705, []], [4750104242, []], [-326940373368, []], [85647744, []], [377173668820, []], [-6321363048, []], [-433031378416, []], [-1771560, []], [496981290962, []], [8292921338, []], [-567864542880, []], [-148035888, []], [646102679040, []], [-10779215328, []], [-735138920880, []], [-728, []], [832972004930, []], [13841169553, []], [-940189922280, []], [244156251, []]]],[-61/4, 1, 1, -728, 1, 15626, -728, -117648, 1, 530713, 15626, -1771560, -728, 4826810, -117648, -11375728, 1, 24137570, 530713, -47045880, 15626, 85647744, -1771560, -148035888, -728, 244156251, 4826810, -386889776, -117648, 594823322, -11375728, -887503680, 1, 1289695680, 24137570, -1838367648, 530713, 2565726410, -47045880, -3513917680, 15626, 4750104242, 85647744, -6321363048, -1771560, 8292921338, -148035888, -10779215328, -728, 13841169553, 244156251, -17572150960, 4826810, 22164361130, -386889776, -27682396560, -117648, 34249400640, 594823322, -42180533640, -11375728, 51520374362, -887503680, -62437323024, 1, 75423733060, 1289695680, -90458382168, 24137570, 107770126464, -1838367648, -128100283920, 530713, 151334226290, 2565726410, -177745750728, -47045880, 208420490880, -3513917680, -243087455520, 15626, 282042646705, 4750104242, -326940373368, 85647744, 377173668820, -6321363048, -433031378416, -1771560, 496981290962, 8292921338, -567864542880, -148035888, 646102679040, -10779215328, -735138920880, -728, 832972004930, 13841169553, -940189922280, 244156251],4.7.b.E.b

5.c,2,7,100,4,[[[0, [0]], [1, [0]], [64, [1]], [729, [-1]], [4095, [64]], [15625, [0]], [46657, [665]], [117649, [1]], [262080, [4095]], [531440, [-729]], [1000000, [15625]], [1771562, [0]], [2985319, [42561]], [4826809, [-1]], [7529535, [117713]], [11390625, [-15625]], [16773121, [262080]], [24137569, [1]], [34012889, [484784]], [47045880, [0]], [63984375, [1000000]], [85766122, [-116920]], [113379968, [1771562]], [148035889, [-1]], [191060415, [2723175]], [244140625, [0]], [308915777, [4826745]], [387419760, [-531440]], [481772591, [7533631]], [594823320, [0]], [729015625, [10390625]], [887503682, [0]], [1073479744, [16773121]], [1291468698, [-1771562]], [1544804415, [24137633]], [1838265625, [15625]], [2176293456, [31026905]], [2565726409, [1]], [3010936320, [47045880]], [3518743760, [-4827538]], [4095000000, [63984375]], [4750104242, [0]], [5489148728, [78283242]], [6321363049, [-1]], [7254546390, [113379968]], [8303750000, [-11390625]], [9474296897, [148035825]], [10779215329, [1]], [12227867289, [174283199]], [13841287200, [117649]], [15625000000, [244140625]], [17596287802, [-24136840]], [19765782919, [308911681]], [22164361129, [-1]], [24795396080, [353407600]], [27680656250, [0]], [30833445825, [482034735]], [34296446520, [-47045880]], [38068692480, [594823320]], [42180533640, [0]], [46645609375, [665015625]], [51520374362, [0]], [56800235648, [887503682]], [62523385289, [-85234681]], [68702703615, [1073479744]], [75418890625, [-15625]], [82655768234, [1178088730]], [90458382169, [1]], [98843344991, [1544808511]], [107918163080, [-148036618]], [117648984375, [1839265625]], [128100283922, [0]], [139282780455, [1985190480]], [151334226289, [-1]], [164206490175, [2565726473]], [177978515625, [-244140625]], [192652878600, [3010936320]], [208422497738, [1771562]], [225204428178, [3209781328]], [243087455520, [0]], [262080015625, [4095000000]], [282429005041, [-387419760]], [304006671488, [4750104242]], [326940373369, [-1]], [351219752470, [5010244408]], [377149515625, [15625]], [404567235137, [6321362985]], [433626200280, [-594823320]], [464290968960, [7254546390]], [496981290960, [0]], [531451390625, [7574750000]], [567869252042, [4709160]], [606206965519, [9474292801]], [646990184178, [-887503682]], [689869781055, [10779215393]], [735091875000, [0]], [782583506497, [11154125465]], [832972004929, [1]], [885842263151, [13848816736]], [941478909280, [-1291468698]], [999755859375, [15625000000]]]],[0, 2, 128, 1458, 8190, 31250, 93314, 235298, 524160, 1062880, 2000000, 3543124, 5970638, 9653618, 15059070, 22781250, 33546242, 48275138, 68025778, 94091760, 127968750, 171532244, 226759936, 296071778, 382120830, 488281250, 617831554, 774839520, 963545182, 1189646640, 1458031250, 1775007364, 2146959488, 2582937396, 3089608830, 3676531250, 4352586912, 5131452818, 6021872640, 7037487520, 8190000000, 9500208484, 10978297456, 12642726098, 14509092780, 16607500000, 18948593794, 21558430658, 24455734578, 27682574400, 31250000000, 35192575604, 39531565838, 44328722258, 49590792160, 55361312500, 61666891650, 68592893040, 76137384960, 84361067280, 93291218750, 103040748724, 113600471296, 125046770578, 137405407230, 150837781250, 165311536468, 180916764338, 197686689982, 215836326160, 235297968750, 256200567844, 278565560910, 302668452578, 328412980350, 355957031250, 385305757200, 416844995476, 450408856356, 486174911040, 524160031250, 564858010082, 608013342976, 653880746738, 702439504940, 754299031250, 809134470274, 867252400560, 928581937920, 993962581920, 1062902781250, 1135738504084, 1212413931038, 1293980368356, 1379739562110, 1470183750000, 1565167012994, 1665944009858, 1771684526302, 1882957818560, 1999511718750],5.7.c.E.a

5.c,2,7,100,4,[[[-278/5, [-169/5]], [1, [0]], [1, [64]], [1, [-729]], [-4095, [64]], [1, [0]], [46657, [-665]], [1, [117649]], [-4095, [-262080]], [-531440, [-729]], [1, [64]], [1771562, [0]], [42561, [2985319]], [1, [-4826809]], [-7529535, [117713]], [1, [-729]], [16773121, [-262080]], [1, [24137569]], [-484784, [-34012889]], [-47045880, [0]], [-4095, [64]], [85766122, [116920]], [1771562, [113379968]], [1, [-148035889]], [-191060415, [2723175]], [1, [0]], [308915777, [-4826745]], [-531440, [387419760]], [-7533631, [-481772591]], [-594823320, [0]], [46657, [-665]], [887503682, [0]], [16773121, [1073479744]], [1771562, [-1291468698]], [-1544804415, [24137633]], [1, [117649]], [2176293456, [-31026905]], [1, [2565726409]], [-47045880, [-3010936320]], [-3518743760, [-4827538]], [-4095, [-262080]], [4750104242, [0]], [78283242, [5489148728]], [1, [-6321363049]], [-7254546390, [113379968]], [-531440, [-729]], [9474296897, [-148035825]], [1, [10779215329]], [-174283199, [-12227867289]], [-13841287200, [117649]], [1, [64]], [17596287802, [24136840]], [308911681, [19765782919]], [1, [-22164361129]], [-24795396080, [353407600]], [1771562, [0]], [30833445825, [-482034735]], [-47045880, [34296446520]], [-594823320, [-38068692480]], [-42180533640, [0]], [42561, [2985319]], [51520374362, [0]], [887503682, [56800235648]], [85234681, [-62523385289]], [-68702703615, [1073479744]], [1, [-4826809]], [82655768234, [-1178088730]], [1, [90458382169]], [-1544808511, [-98843344991]], [-107918163080, [-148036618]], [-7529535, [117713]], [128100283922, [0]], [1985190480, [139282780455]], [1, [-151334226289]], [-164206490175, [2565726473]], [1, [-729]], [192652878600, [-3010936320]], [1771562, [208422497738]], [-3209781328, [-225204428178]], [-243087455520, [0]], [16773121, [-262080]], [282429005041, [387419760]], [4750104242, [304006671488]], [1, [-326940373369]], [-351219752470, [5010244408]], [1, [24137569]], [404567235137, [-6321362985]], [-594823320, [433626200280]], [-7254546390, [-464290968960]], [-496981290960, [0]], [-484784, [-34012889]], [567869252042, [-4709160]], [9474292801, [606206965519]], [887503682, [-646990184178]], [-689869781055, [10779215393]], [-47045880, [0]], [782583506497, [-11154125465]], [1, [832972004929]], [-13848816736, [-885842263151]], [-941478909280, [-1291468698]], [-4095, [64]]]],[-556/5, 2, 2, 2, -8190, 2, 93314, 2, -8190, -1062880, 2, 3543124, 85122, 2, -15059070, 2, 33546242, 2, -969568, -94091760, -8190, 171532244, 3543124, 2, -382120830, 2, 617831554, -1062880, -15067262, -1189646640, 93314, 1775007364, 33546242, 3543124, -3089608830, 2, 4352586912, 2, -94091760, -7037487520, -8190, 9500208484, 156566484, 2, -14509092780, -1062880, 18948593794, 2, -348566398, -27682574400, 2, 35192575604, 617823362, 2, -49590792160, 3543124, 61666891650, -94091760, -1189646640, -84361067280, 85122, 103040748724, 1775007364, 170469362, -137405407230, 2, 165311536468, 2, -3089617022, -215836326160, -15059070, 256200567844, 3970380960, 2, -328412980350, 2, 385305757200, 3543124, -6419562656, -486174911040, 33546242, 564858010082, 9500208484, 2, -702439504940, 2, 809134470274, -1189646640, -14509092780, -993962581920, -969568, 1135738504084, 18948585602, 1775007364, -1379739562110, -94091760, 1565167012994, 2, -27697633472, -1882957818560, -8190],5.7.c.E.b

7.b,6,7,100,1,[[[0, []], [1, []], [65, []], [728, []], [4161, []], [15624, []], [47320, []], [117649, []], [266305, []], [530713, []], [1015560, []], [1771562, []], [3029208, []], [4826808, []], [7647185, []], [11374272, []], [17043521, []], [24137568, []], [34496345, []], [47045880, []], [65011464, []], [85648472, []], [115151530, []], [148035890, []], [193870040, []], [244125001, []], [313742520, []], [386889776, []], [489537489, []], [594823322, []], [739327680, []], [887503680, []], [1090785345, []], [1289697136, []], [1568941920, []], [1838147976, []], [2208296793, []], [2565726410, []], [3057982200, []], [3513916224, []], [4160749320, []], [4750104240, []], [5567150680, []], [6321363050, []], [7371469482, []], [8291859912, []], [9622332850, []], [10779215328, []], [12407683288, []], [13841287201, []], [15868125065, []], [17572149504, []], [20084348088, []], [22164361130, []], [25147835440, []], [27678884688, []], [31330516945, []], [34249400640, []], [38663515930, []], [42180533640, []], [47328345792, []], [51520374360, []], [57687739200, []], [62437853737, []], [69810262081, []], [75414048192, []], [83830313840, []], [90458382170, []], [100436420448, []], [107770127920, []], [119479618440, []], [128100283922, []], [141331525465, []], [151334226288, []], [166772216650, []], [177723000728, []], [195757906680, []], [208422497738, []], [228404554560, []], [243087455522, []], [266287972104, []], [282042646705, []], [308756775600, []], [326940373368, []], [356383291992, []], [377125362432, []], [410888598250, []], [433031378416, []], [471775818410, []], [496981290960, []], [538970894280, []], [567869134392, []], [615977338290, []], [646102679040, []], [700648996320, []], [735044829120, []], [794091731160, []], [832972004928, []], [899683668065, []], [940190983706, []], [1015804129161, []]]],[0, 1, 65, 728, 4161, 15624, 47320, 117649, 266305, 530713, 1015560, 1771562, 3029208, 4826808, 7647185, 11374272, 17043521, 24137568, 34496345, 47045880, 65011464, 85648472, 115151530, 148035890, 193870040, 244125001, 313742520, 386889776, 489537489, 594823322, 739327680, 887503680, 1090785345, 1289697136, 1568941920, 1838147976, 2208296793, 2565726410, 3057982200, 3513916224, 4160749320, 4750104240, 5567150680, 6321363050, 7371469482, 8291859912, 9622332850, 10779215328, 12407683288, 13841287201, 15868125065, 17572149504, 20084348088, 22164361130, 25147835440, 27678884688, 31330516945, 34249400640, 38663515930, 42180533640, 47328345792, 51520374360, 57687739200, 62437853737, 69810262081, 75414048192, 83830313840, 90458382170, 100436420448, 107770127920, 119479618440, 128100283922, 141331525465, 151334226288, 166772216650, 177723000728, 195757906680, 208422497738, 228404554560, 243087455522, 266287972104, 282042646705, 308756775600, 326940373368, 356383291992, 377125362432, 410888598250, 433031378416, 471775818410, 496981290960, 538970894280, 567869134392, 615977338290, 646102679040, 700648996320, 735044829120, 794091731160, 832972004928, 899683668065, 940190983706, 1015804129161],7.7.b.E.a

7.b,6,7,100,1,[[[-584, []], [1, []], [65, []], [-728, []], [4161, []], [-15624, []], [-47320, []], [1, []], [266305, []], [530713, []], [-1015560, []], [1771562, []], [-3029208, []], [-4826808, []], [65, []], [11374272, []], [17043521, []], [-24137568, []], [34496345, []], [-47045880, []], [-65011464, []], [-728, []], [115151530, []], [148035890, []], [-193870040, []], [244125001, []], [-313742520, []], [-386889776, []], [4161, []], [594823322, []], [739327680, []], [-887503680, []], [1090785345, []], [-1289697136, []], [-1568941920, []], [-15624, []], [2208296793, []], [2565726410, []], [-3057982200, []], [3513916224, []], [-4160749320, []], [-4750104240, []], [-47320, []], [6321363050, []], [7371469482, []], [-8291859912, []], [9622332850, []], [-10779215328, []], [-12407683288, []], [1, []], [15868125065, []], [17572149504, []], [-20084348088, []], [22164361130, []], [-25147835440, []], [-27678884688, []], [266305, []], [34249400640, []], [38663515930, []], [-42180533640, []], [47328345792, []], [-51520374360, []], [-57687739200, []], [530713, []], [69810262081, []], [75414048192, []], [-83830313840, []], [90458382170, []], [-100436420448, []], [-107770127920, []], [-1015560, []], [128100283922, []], [141331525465, []], [-151334226288, []], [166772216650, []], [-177723000728, []], [-195757906680, []], [1771562, []], [228404554560, []], [243087455522, []], [-266287972104, []], [282042646705, []], [-308756775600, []], [-326940373368, []], [-3029208, []], [377125362432, []], [410888598250, []], [-433031378416, []], [471775818410, []], [-496981290960, []], [-538970894280, []], [-4826808, []], [615977338290, []], [646102679040, []], [-700648996320, []], [735044829120, []], [-794091731160, []], [-832972004928, []], [65, []], [940190983706, []], [1015804129161, []]]],[-584, 1, 65, -728, 4161, -15624, -47320, 1, 266305, 530713, -1015560, 1771562, -3029208, -4826808, 65, 11374272, 17043521, -24137568, 34496345, -47045880, -65011464, -728, 115151530, 148035890, -193870040, 244125001, -313742520, -386889776, 4161, 594823322, 739327680, -887503680, 1090785345, -1289697136, -1568941920, -15624, 2208296793, 2565726410, -3057982200, 3513916224, -4160749320, -4750104240, -47320, 6321363050, 7371469482, -8291859912, 9622332850, -10779215328, -12407683288, 1, 15868125065, 17572149504, -20084348088, 22164361130, -25147835440, -27678884688, 266305, 34249400640, 38663515930, -42180533640, 47328345792, -51520374360, -57687739200, 530713, 69810262081, 75414048192, -83830313840, 90458382170, -100436420448, -107770127920, -1015560, 128100283922, 141331525465, -151334226288, 166772216650, -177723000728, -195757906680, 1771562, 228404554560, 243087455522, -266287972104, 282042646705, -308756775600, -326940373368, -3029208, 377125362432, 410888598250, -433031378416, 471775818410, -496981290960, -538970894280, -4826808, 615977338290, 646102679040, -700648996320, 735044829120, -794091731160, -832972004928, 65, 940190983706, 1015804129161],7.7.b.E.b

7.d,3,7,100,3,[[[0, [0]], [1, [0]], [63, [1]], [729, [1]], [4032, [63]], [15626, [-1]], [45926, [793]], [117649, [0]], [258049, [4032]], [531440, [730]], [984439, [15562]], [1771561, [-1]], [2939265, [50022]], [4826808, [0]], [7411887, [117649]], [11391355, [14896]], [16515135, [258049]], [24137569, [1]], [33479990, [578160]], [47045882, [-1]], [63004095, [980343]], [85766121, [117649]], [111608344, [1771497]], [148035888, [1]], [188113689, [3201409]], [244156250, [-15626]], [304088904, [4826808]], [387419759, [532170]], [474360768, [7411887]], [594823322, [0]], [717640469, [12344699]], [887503681, [1]], [1056968640, [16515135]], [1291467970, [1770831]], [1520666846, [24137633]], [1838383274, [-117649]], [2142720090, [36470070]], [2565726408, [1]], [2963890567, [47045818]], [3518743032, [4826808]], [4032277706, [62741951]], [4750104240, [0]], [5403147974, [93295657]], [6321363050, [0]], [7142934015, [111604248]], [8304282170, [10874810]], [9326260943, [148035952]], [10779215330, [-1]], [12039275366, [204890905]], [13841287201, [0]], [15381859376, [243156186]], [17596287800, [24138299]], [19461689856, [304088904]], [22164361129, [-1]], [24406912647, [421478639]], [27682412185, [-1787186]], [30359206801, [474360768]], [34296447979, [47045152]], [37473869286, [594823322]], [42180533641, [1]], [45929004912, [778654485]], [51520374362, [-1]], [55912731902, [887503745]], [62523384560, [85883770]], [67645992961, [1056968640]], [75423701808, [-4826808]], [81360711279, [1404801154]], [90458382169, [-1]], [97322678145, [1520670942]], [107918162351, [148036618]], [115818263911, [1830853738]], [128100283922, [0]], [137134617200, [2334085210]], [151334226289, [1]], [161640763703, [2565726472]], [177989921876, [232749270]], [189688996287, [2963886471]], [208422380089, [-117649]], [221675984208, [3827658744]], [243087455520, [1]], [258065757559, [4015500490]], [282429004311, [387951929]], [299256567120, [4750104240]], [326940373368, [0]], [345801587985, [5885038278]], [377173653195, [-24121944]], [398245872150, [6321363050]], [433626201738, [594823322]], [457149548521, [7142671871]], [496981290962, [-1]], [523158901900, [9000270010]], [567869134392, [0]], [596880700353, [9326265039]], [646990183448, [887504411]], [679090565791, [10779215266]], [735138952131, [-47061507]], [770513623425, [13113017190]], [832972004928, [0]], [872001093663, [13841287201]], [941478378570, [1292707360]], [984438984438, [15317855280]]]],[0, 2, 127, 1459, 8127, 31251, 92645, 235298, 520130, 1063610, 1984440, 3543121, 5928552, 9653616, 14941423, 22797606, 33288319, 48275139, 67538140, 94091763, 126988533, 171649891, 224988185, 296071777, 379428787, 488296874, 613004616, 775371688, 956133423, 1189646644, 1447625637, 1775007363, 2130452415, 2584706771, 3065471325, 3676648899, 4321910250, 5131452817, 5974826952, 7042312872, 8127297363, 9500208480, 10899591605, 12642726100, 14397472278, 16619439150, 18800557838, 21558430659, 24283441637, 27682574402, 31006874938, 35216713899, 39227468616, 44328722257, 49235303933, 55363037184, 61192774370, 68639941110, 75542561894, 84361067283, 92636664309, 103040748723, 112712967549, 125132652890, 136348954562, 150842576808, 164126223712, 180916764337, 196166027232, 215984361320, 233467381560, 256200567844, 276603319610, 302668452579, 325847253878, 356212593022, 382341879045, 416844642529, 447179627160, 486174911041, 520147015608, 565245960551, 603263238480, 653880746736, 697488214248, 754323184446, 802813107350, 867847226798, 921441768913, 993962581923, 1055318073810, 1135738268784, 1203087665745, 1294867871307, 1368960346848, 1470230842755, 1554140264040, 1665944009856, 1757843474527, 1884249464500, 1984195824156],7.7.d.E.a

7.d,3,7,100,3,[[[3900/49, [-30049/49]], [1, [0]], [-63, [64]], [1, [729]], [-63, [-4032]], [15626, [-15625]], [-46719, [793]], [1, [0]], [262081, [-4032]], [-531440, [532170]], [15562, [984439]], [1, [-1771561]], [2939265, [-2989287]], [-4826808, [0]], [-63, [64]], [11406251, [-14896]], [-16515135, [16773184]], [1, [24137569]], [-578160, [-33479990]], [47045882, [-47045881]], [-63984438, [980343]], [1, [729]], [113379841, [-1771497]], [-148035888, [148035889]], [3201409, [188113689]], [15626, [-244156250]], [304088904, [-308915712]], [-387951929, [532170]], [-63, [-4032]], [594823322, [0]], [-717640469, [729985168]], [1, [887503681]], [-16515135, [-1056968640]], [1291467970, [-1293238801]], [-1544804479, [24137633]], [15626, [-15625]], [2179190160, [-36470070]], [-2565726408, [2565726409]], [47045818, [2963890567]], [-4826808, [-3518743032]], [4032277706, [-4095019657]], [-4750104240, [0]], [-46719, [793]], [6321363050, [0]], [-7142934015, [7254538263]], [10874810, [8304282170]], [-148035952, [-9326260943]], [10779215330, [-10779215329]], [-12244166271, [204890905]], [1, [0]], [15625015562, [-243156186]], [-17596287800, [17620426099]], [304088904, [19461689856]], [1, [-22164361129]], [24406912647, [-24828391286]], [-27680624999, [-1787186]], [262081, [-4032]], [34343493131, [-47045152]], [-37473869286, [38068692608]], [1, [42180533641]], [-778654485, [-45929004912]], [51520374362, [-51520374361]], [-56800235647, [887503745]], [-531440, [532170]], [68702961601, [-1056968640]], [-75423701808, [75418875000]], [1404801154, [81360711279]], [1, [-90458382169]], [97322678145, [-98843349087]], [-108066198969, [148036618]], [15562, [984439]], [128100283922, [0]], [-137134617200, [139468702410]], [1, [151334226289]], [-2565726472, [-161640763703]], [177989921876, [-178222671146]], [-192652882758, [2963886471]], [1, [-1771561]], [225503642952, [-3827658744]], [-243087455520, [243087455521]], [4015500490, [258065757559]], [-387951929, [-282429004311]], [299256567120, [-304006671360]], [-326940373368, [0]], [2939265, [-2989287]], [377149531251, [24121944]], [-398245872150, [404567235200]], [594823322, [433626201738]], [-7142671871, [-457149548521]], [496981290962, [-496981290961]], [-532159171910, [9000270010]], [-4826808, [0]], [606206965392, [-9326265039]], [-646990183448, [647877687859]], [10779215266, [679090565791]], [47061507, [-735138952131]], [770513623425, [-783626640615]], [-832972004928, [0]], [-63, [64]], [942771085930, [-1292707360]], [-984438984438, [999756839718]]]],[-22249/49, 2, -62, 731, -4158, 15627, -92645, 2, 520130, -530710, 1015563, -1771559, 2889243, -9653616, -62, 22797606, -16257086, 24137571, -34636310, 47045883, -126988533, 731, 224988185, -148035887, 194516507, -244124998, 299262096, -775371688, -4158, 1189646644, -705295770, 887503683, -1089998910, 1289697139, -3065471325, 15627, 4321910250, -2565726407, 3057982203, -3528396648, 3969535755, -9500208480, -92645, 12642726100, -7031329767, 8326031790, -9622332847, 10779215331, -24283441637, 2, 31006874938, -17572149501, 20069867664, -22164361127, 23985434008, -55363037184, 520130, 68639941110, -36879045964, 42180533643, -47486313882, 51520374363, -112712967549, -530710, 136348954562, -75428528616, 84170313587, -90458382167, 95802007203, -215984361320, 1015563, 256200567844, -134800531990, 151334226291, -166772216647, 177757172606, -382341879045, -1771559, 447179627160, -243087455519, 266096758539, -283204908169, 294506462880, -653880746736, 2889243, 754323184446, -391924509100, 434815848382, -471434892263, 496981290963, -1055318073810, -9653616, 1203087665745, -646102679037, 700648996323, -735044829117, 757400606235, -1665944009856, -62, 1884249464500, -969121129158],7.7.d.E.b

8.d,3,7,100,1,[[[0, []], [1, []], [64, []], [730, []], [4096, []], [15624, []], [46720, []], [117648, []], [262144, []], [532171, []], [999936, []], [1771562, []], [2990080, []], [4826808, []], [7529472, []], [11405520, []], [16777216, []], [24137570, []], [34058944, []], [47045882, []], [63995904, []], [85883040, []], [113379968, []], [148035888, []], [191365120, []], [244125001, []], [308915712, []], [387952660, []], [481886208, []], [594823320, []], [729953280, []], [887503680, []], [1073741824, []], [1293240260, []], [1544804480, []], [1838132352, []], [2179772416, []], [2565726408, []], [3010936448, []], [3523569840, []], [4095737856, []], [4750104242, []], [5496514560, []], [6321363050, []], [7256317952, []], [8314639704, []], [9474296832, []], [10779215328, []], [12247367680, []], [13841169553, []], [15624000064, []], [17620426100, []], [19770605568, []], [22164361128, []], [24828970240, []], [27678884688, []], [30840717312, []], [34343493860, []], [38068692480, []], [42180533642, []], [46717009920, []], [51520374360, []], [56800235520, []], [62608853808, []], [68719476736, []], [75414048192, []], [82767376640, []], [90458382170, []], [98867486720, []], [108066198240, []], [117640470528, []], [128100283920, []], [139505434624, []], [151334226290, []], [164206490112, []], [178211250730, []], [192699932672, []], [208420726176, []], [225508469760, []], [243087455520, []], [262127222784, []], [282817489141, []], [304006671488, []], [326940373370, []], [351776931840, []], [377125393680, []], [404567235200, []], [434221023600, []], [464404348928, []], [496981290962, []], [532136941056, []], [567864307584, []], [606354997248, []], [647877686400, []], [689869780992, []], [735044860368, []], [783831531520, []], [832972004930, []], [885834851392, []], [942773921102, []], [999936004096, []]]],[0, 1, 64, 730, 4096, 15624, 46720, 117648, 262144, 532171, 999936, 1771562, 2990080, 4826808, 7529472, 11405520, 16777216, 24137570, 34058944, 47045882, 63995904, 85883040, 113379968, 148035888, 191365120, 244125001, 308915712, 387952660, 481886208, 594823320, 729953280, 887503680, 1073741824, 1293240260, 1544804480, 1838132352, 2179772416, 2565726408, 3010936448, 3523569840, 4095737856, 4750104242, 5496514560, 6321363050, 7256317952, 8314639704, 9474296832, 10779215328, 12247367680, 13841169553, 15624000064, 17620426100, 19770605568, 22164361128, 24828970240, 27678884688, 30840717312, 34343493860, 38068692480, 42180533642, 46717009920, 51520374360, 56800235520, 62608853808, 68719476736, 75414048192, 82767376640, 90458382170, 98867486720, 108066198240, 117640470528, 128100283920, 139505434624, 151334226290, 164206490112, 178211250730, 192699932672, 208420726176, 225508469760, 243087455520, 262127222784, 282817489141, 304006671488, 326940373370, 351776931840, 377125393680, 404567235200, 434221023600, 464404348928, 496981290962, 532136941056, 567864307584, 606354997248, 647877686400, 689869780992, 735044860368, 783831531520, 832972004930, 885834851392, 942773921102, 999936004096],8.7.d.E.a

8.d,3,7,100,1,[[[-2763/2, []], [1, []], [1, []], [730, []], [1, []], [-15624, []], [730, []], [-117648, []], [1, []], [532171, []], [-15624, []], [1771562, []], [730, []], [-4826808, []], [-117648, []], [-11405520, []], [1, []], [24137570, []], [532171, []], [47045882, []], [-15624, []], [-85883040, []], [1771562, []], [-148035888, []], [730, []], [244125001, []], [-4826808, []], [387952660, []], [-117648, []], [-594823320, []], [-11405520, []], [-887503680, []], [1, []], [1293240260, []], [24137570, []], [1838132352, []], [532171, []], [-2565726408, []], [47045882, []], [-3523569840, []], [-15624, []], [4750104242, []], [-85883040, []], [6321363050, []], [1771562, []], [-8314639704, []], [-148035888, []], [-10779215328, []], [730, []], [13841169553, []], [244125001, []], [17620426100, []], [-4826808, []], [-22164361128, []], [387952660, []], [-27678884688, []], [-117648, []], [34343493860, []], [-594823320, []], [42180533642, []], [-11405520, []], [-51520374360, []], [-887503680, []], [-62608853808, []], [1, []], [75414048192, []], [1293240260, []], [90458382170, []], [24137570, []], [-108066198240, []], [1838132352, []], [-128100283920, []], [532171, []], [151334226290, []], [-2565726408, []], [178211250730, []], [47045882, []], [-208420726176, []], [-3523569840, []], [-243087455520, []], [-15624, []], [282817489141, []], [4750104242, []], [326940373370, []], [-85883040, []], [-377125393680, []], [6321363050, []], [-434221023600, []], [1771562, []], [496981290962, []], [-8314639704, []], [567864307584, []], [-148035888, []], [-647877686400, []], [-10779215328, []], [-735044860368, []], [730, []], [832972004930, []], [13841169553, []], [942773921102, []], [244125001, []]]],[-2763/2, 1, 1, 730, 1, -15624, 730, -117648, 1, 532171, -15624, 1771562, 730, -4826808, -117648, -11405520, 1, 24137570, 532171, 47045882, -15624, -85883040, 1771562, -148035888, 730, 244125001, -4826808, 387952660, -117648, -594823320, -11405520, -887503680, 1, 1293240260, 24137570, 1838132352, 532171, -2565726408, 47045882, -3523569840, -15624, 4750104242, -85883040, 6321363050, 1771562, -8314639704, -148035888, -10779215328, 730, 13841169553, 244125001, 17620426100, -4826808, -22164361128, 387952660, -27678884688, -117648, 34343493860, -594823320, 42180533642, -11405520, -51520374360, -887503680, -62608853808, 1, 75414048192, 1293240260, 90458382170, 24137570, -108066198240, 1838132352, -128100283920, 532171, 151334226290, -2565726408, 178211250730, 47045882, -208420726176, -3523569840, -243087455520, -15624, 282817489141, 4750104242, 326940373370, -85883040, -377125393680, 6321363050, -434221023600, 1771562, 496981290962, -8314639704, 567864307584, -148035888, -647877686400, -10779215328, -735044860368, 730, 832972004930, 13841169553, 942773921102, 244125001],8.7.d.E.b

9.d,2,7,100,3,[[[0, [0]], [1, [0]], [64, [1]], [729, [0]], [4095, [65]], [15626, [-1]], [46656, [729]], [117649, [-1]], [262079, [4160]], [531441, [0]], [1000065, [15561]], [1771561, [1]], [2985255, [47385]], [4826808, [1]], [7529537, [117584]], [11391354, [-729]], [16773056, [266239]], [24137568, [0]], [34012224, [531441]], [47045882, [0]], [63988535, [1011530]], [85766121, [-729]], [113379903, [1771626]], [148035890, [-1]], [191055591, [3032640]], [244156250, [-15626]], [308915711, [4826873]], [387420489, [0]], [481772720, [7643025]], [594823321, [1]], [729047385, [11343969]], [887503680, [1]], [1073475585, [17039295]], [1291467969, [729]], [1544804352, [24137568]], [1838383273, [-133274]], [2176250895, [34543665]], [2565726410, [0]], [3010936448, [47045882]], [3518743032, [729]], [4095250614, [64737921]], [4750104242, [-1]], [5489032473, [85718736]], [6321363049, [-1]], [7254542230, [115155625]], [8304297066, [-531441]], [9474296961, [148035825]], [10779215329, [1]], [12227557824, [194088231]], [13841287200, [-117648]], [15626015626, [243140560]], [17596287072, [0]], [19765778695, [313746680]], [22164361128, [0]], [24794911296, [387420489]], [27682412187, [-1755936]], [30833336431, [489153601]], [34296447978, [0]], [38068692543, [594823386]], [42180533642, [-1]], [46647642015, [737405370]], [51520374361, [-1]], [56800235519, [887503745]], [62523502209, [-531441]], [68702437441, [1090514880]], [75423701809, [-4811183]], [82653949287, [1291515354]], [90458382168, [1]], [98843340960, [1568941920]], [107918163810, [-729]], [117656662746, [1829720463]], [128100283920, [0]], [139279525839, [2210794560]], [151334226290, [0]], [164206490240, [2565726410]], [177989906250, [-11391354]], [192652886790, [3057982330]], [208422380090, [-1653913]], [225199553319, [3518790417]], [243087455521, [-1]], [262096039295, [4143211319]], [282429536481, [0]], [304006671489, [4750104177]], [326940373369, [1]], [351212312880, [5571765225]], [377173637568, [-24137568]], [404567235137, [6321362984]], [433626201009, [729]], [464288931159, [7369959999]], [496981290960, [0]], [531475543665, [8269753401]], [567869134393, [-4709160]], [606206969615, [9622328690]], [646990182720, [729]], [689869781055, [10779215394]], [735138952132, [-47045882]], [782563701465, [12421646055]], [832972004929, [-1]], [885842498448, [13833640080]], [941480149401, [531441]], [999820859440, [15805152090]]]],[0, 2, 129, 1458, 8255, 31251, 94041, 235297, 528318, 1062882, 2015691, 3543123, 6017895, 9653617, 15176658, 22781979, 33812351, 48275136, 68555889, 94091764, 128988600, 171531513, 228531432, 296071779, 385143822, 488296874, 622658295, 774840978, 971188465, 1189646643, 1469438739, 1775007361, 2163990465, 2582936667, 3113746272, 3676633272, 4387045455, 5131452820, 6068918778, 7037486793, 8255239149, 9500208483, 11063783682, 12642726097, 14624240085, 16608062691, 19096629747, 21558430659, 24649203879, 27682456752, 31495171812, 35192574144, 39845304070, 44328722256, 49977243081, 55363068438, 62155826463, 68592895956, 76732208472, 84361067283, 94032689400, 103040748721, 114487974783, 125046472977, 138495389762, 150842592435, 166599413928, 180916764337, 199255623840, 215836326891, 237143045955, 256200567840, 280769846238, 302668452580, 330978706890, 355968421146, 388363755910, 416843106267, 453917897055, 486174911041, 528335289909, 564859072962, 612763447155, 653880746739, 707996390985, 754323137568, 815455833258, 867252402747, 935947822317, 993962581920, 1071220840731, 1135733559626, 1222036267920, 1293980366169, 1390518777504, 1470230858382, 1577549048985, 1665944009857, 1785518636976, 1882960830243, 2015446870970],9.7.d.E.a

9.d,2,7,100,3,[[[-1862/3, [-7865/3]], [1, [0]], [1, [64]], [1, [0]], [-4095, [4160]], [15626, [-15625]], [1, [64]], [1, [-117649]], [-266239, [4160]], [1, [0]], [1015626, [-15561]], [1, [1771561]], [-4095, [4160]], [-4826808, [4826809]], [7529537, [-7647121]], [15626, [-15625]], [-266239, [-16773056]], [-24137568, [0]], [1, [64]], [47045882, [0]], [1011530, [63988535]], [1, [-117649]], [-113379903, [115151529]], [148035890, [-148035889]], [-266239, [4160]], [15626, [-244156250]], [-313742584, [4826873]], [1, [0]], [489415745, [-7643025]], [1, [594823321]], [1015626, [-15561]], [-887503680, [887503681]], [1073475585, [-1090514880]], [1, [1771561]], [-24137568, [-1544804352]], [-1838249999, [-133274]], [-4095, [4160]], [2565726410, [0]], [47045882, [3010936448]], [-4826808, [4826809]], [-4095250614, [4159988535]], [4750104242, [-4750104241]], [7529537, [-7647121]], [1, [-6321363049]], [-7369697855, [115155625]], [15626, [-15625]], [9622332786, [-148035825]], [1, [10779215329]], [-266239, [-16773056]], [-13841287200, [13841169552]], [15626015626, [-15869156186]], [-24137568, [0]], [-313746680, [-19765778695]], [-22164361128, [0]], [1, [64]], [27680656251, [1755936]], [489153601, [30833336431]], [47045882, [0]], [-38068692543, [38663515929]], [42180533642, [-42180533641]], [1011530, [63988535]], [1, [-51520374361]], [-57687739264, [887503745]], [1, [-117649]], [69792952321, [-1090514880]], [-4811183, [75423701809]], [-113379903, [115151529]], [-90458382168, [90458382169]], [98843340960, [-100412282880]], [148035890, [-148035889]], [-1829720463, [-117656662746]], [-128100283920, [0]], [-266239, [4160]], [151334226290, [0]], [2565726410, [164206490240]], [15626, [-244156250]], [-192652886790, [195710869120]], [208422380090, [-208420726177]], [-313742584, [4826873]], [1, [-243087455521]], [-266239250614, [4143211319]], [1, [0]], [308756775666, [-4750104177]], [1, [326940373369]], [489415745, [-7643025]], [-377173637568, [377149500000]], [404567235137, [-410888598121]], [1, [594823321]], [-7369959999, [-464288931159]], [-496981290960, [0]], [1015626, [-15561]], [567864425233, [4709160]], [9622328690, [606206969615]], [-887503680, [887503681]], [-689869781055, [700648996449]], [735138952132, [-735091906250]], [1073475585, [-1090514880]], [1, [-832972004929]], [-899676138528, [13833640080]], [1, [1771561]], [1015626011530, [-15805152090]]]],[-3863, 2, 66, 2, -4030, 15627, 66, -117647, -528318, 2, 2015691, 1771563, -4030, -4826807, 7411953, 15627, -17305534, -48275136, 66, 94091764, 66011595, -117647, -111608277, 148035891, -528318, -244124998, -622658295, 2, 971188465, 594823323, 2015691, -887503679, 1056436290, 1771563, -1593079488, -3676633272, -4030, 5131452820, 3105028212, -4826807, -4030512693, 4750104243, 7411953, -6321363047, -14624240085, 15627, 19096629747, 10779215331, -17305534, -13841404848, 15382875066, -48275136, -20393272055, -44328722256, 66, 55363068438, 31811643633, 94091764, -37473869157, 42180533643, 66011595, -51520374359, -114487974783, -117647, 138495389762, 75414079443, -111608277, -90458382167, 97274399040, 148035891, -121316103672, -256200567840, -528318, 302668452580, 169337943060, -244124998, -189594904460, 208424034003, -622658295, -243087455519, -528335289909, 2, 612763447155, 326940373371, 971188465, -377197775136, 398245872153, 594823323, -479028851157, -993962581920, 2015691, 1135733559626, 625451626995, -887503679, -679090565661, 735185998014, 1056436290, -832972004927, -1785518636976, 1771563, 2015446870970],9.7.d.E.b

11.b,10,7,100,1,[[[0, []], [1, []], [63, []], [730, []], [4033, []], [15626, []], [45990, []], [117648, []], [258111, []], [532171, []], [984438, []], [1771561, []], [2944090, []], [4826808, []], [7411824, []], [11406980, []], [16519105, []], [24137568, []], [33526773, []], [47045880, []], [63019658, []], [85883040, []], [111608343, []], [148035890, []], [188421030, []], [244156251, []], [304088904, []], [387952660, []], [474474384, []], [594823320, []], [718639740, []], [887503682, []], [1057222719, []], [1293239530, []], [1520666784, []], [1838367648, []], [2146245643, []], [2565726410, []], [2963890440, []], [3523569840, []], [4033242486, []], [4750104240, []], [5410631520, []], [6321363048, []], [7144705513, []], [8315704046, []], [9326261070, []], [10779215330, []], [12058946650, []], [13841169553, []], [15381843813, []], [17620424640, []], [19466516664, []], [22164361130, []], [24441017580, []], [27682412186, []], [30366242928, []], [34343492400, []], [37473869160, []], [42180533642, []], [46004350340, []], [51520374360, []], [55912731966, []], [62608853808, []], [67662254017, []], [75423701808, []], [81474090390, []], [90458382170, []], [97346811744, []], [108066199700, []], [115817161824, []], [128100283922, []], [137359188981, []], [151334226288, []], [161640763830, []], [178234063230, []], [189736034040, []], [208420608528, []], [221984899920, []], [243087455520, []], [258127534730, []], [282817489141, []], [299256567120, []], [326940373368, []], [346366300320, []], [377173637568, []], [398245872024, []], [434221023600, []], [457259381271, []], [496981290962, []], [523889354898, []], [567864307584, []], [597028744370, []], [647877687860, []], [679090565790, []], [735138920880, []], [771772584870, []], [832972004930, []], [871993681839, []], [942773388931, []], [984682160283, []]]],[0, 1, 63, 730, 4033, 15626, 45990, 117648, 258111, 532171, 984438, 1771561, 2944090, 4826808, 7411824, 11406980, 16519105, 24137568, 33526773, 47045880, 63019658, 85883040, 111608343, 148035890, 188421030, 244156251, 304088904, 387952660, 474474384, 594823320, 718639740, 887503682, 1057222719, 1293239530, 1520666784, 1838367648, 2146245643, 2565726410, 2963890440, 3523569840, 4033242486, 4750104240, 5410631520, 6321363048, 7144705513, 8315704046, 9326261070, 10779215330, 12058946650, 13841169553, 15381843813, 17620424640, 19466516664, 22164361130, 24441017580, 27682412186, 30366242928, 34343492400, 37473869160, 42180533642, 46004350340, 51520374360, 55912731966, 62608853808, 67662254017, 75423701808, 81474090390, 90458382170, 97346811744, 108066199700, 115817161824, 128100283922, 137359188981, 151334226288, 161640763830, 178234063230, 189736034040, 208420608528, 221984899920, 243087455520, 258127534730, 282817489141, 299256567120, 326940373368, 346366300320, 377173637568, 398245872024, 434221023600, 457259381271, 496981290962, 523889354898, 567864307584, 597028744370, 647877687860, 679090565790, 735138920880, 771772584870, 832972004930, 871993681839, 942773388931, 984682160283],11.7.b.E.a

11.b,10,7,100,1,[[[-10863, []], [1, []], [-63, []], [730, []], [4033, []], [15626, []], [-45990, []], [-117648, []], [-258111, []], [532171, []], [-984438, []], [1, []], [2944090, []], [-4826808, []], [7411824, []], [11406980, []], [16519105, []], [-24137568, []], [-33526773, []], [-47045880, []], [63019658, []], [-85883040, []], [-63, []], [148035890, []], [-188421030, []], [244156251, []], [304088904, []], [387952660, []], [-474474384, []], [-594823320, []], [-718639740, []], [887503682, []], [-1057222719, []], [730, []], [1520666784, []], [-1838367648, []], [2146245643, []], [2565726410, []], [2963890440, []], [-3523569840, []], [-4033242486, []], [-4750104240, []], [5410631520, []], [-6321363048, []], [4033, []], [8315704046, []], [-9326261070, []], [10779215330, []], [12058946650, []], [13841169553, []], [-15381843813, []], [-17620424640, []], [-19466516664, []], [22164361130, []], [-24441017580, []], [15626, []], [30366242928, []], [-34343492400, []], [37473869160, []], [42180533642, []], [46004350340, []], [-51520374360, []], [-55912731966, []], [-62608853808, []], [67662254017, []], [-75423701808, []], [-45990, []], [90458382170, []], [-97346811744, []], [108066199700, []], [115817161824, []], [128100283922, []], [-137359188981, []], [-151334226288, []], [-161640763830, []], [178234063230, []], [-189736034040, []], [-117648, []], [221984899920, []], [-243087455520, []], [258127534730, []], [282817489141, []], [299256567120, []], [-326940373368, []], [-346366300320, []], [-377173637568, []], [398245872024, []], [-434221023600, []], [-258111, []], [496981290962, []], [-523889354898, []], [567864307584, []], [597028744370, []], [647877687860, []], [-679090565790, []], [-735138920880, []], [-771772584870, []], [832972004930, []], [-871993681839, []], [532171, []], [984682160283, []]]],[-10863, 1, -63, 730, 4033, 15626, -45990, -117648, -258111, 532171, -984438, 1, 2944090, -4826808, 7411824, 11406980, 16519105, -24137568, -33526773, -47045880, 63019658, -85883040, -63, 148035890, -188421030, 244156251, 304088904, 387952660, -474474384, -594823320, -718639740, 887503682, -1057222719, 730, 1520666784, -1838367648, 2146245643, 2565726410, 2963890440, -3523569840, -4033242486, -4750104240, 5410631520, -6321363048, 4033, 8315704046, -9326261070, 10779215330, 12058946650, 13841169553, -15381843813, -17620424640, -19466516664, 22164361130, -24441017580, 15626, 30366242928, -34343492400, 37473869160, 42180533642, 46004350340, -51520374360, -55912731966, -62608853808, 67662254017, -75423701808, -45990, 90458382170, -97346811744, 108066199700, 115817161824, 128100283922, -137359188981, -151334226288, -161640763830, 178234063230, -189736034040, -117648, 221984899920, -243087455520, 258127534730, 282817489141, 299256567120, -326940373368, -346366300320, -377173637568, 398245872024, -434221023600, -258111, 496981290962, -523889354898, 567864307584, 597028744370, 647877687860, -679090565790, -735138920880, -771772584870, 832972004930, -871993681839, 532171, 984682160283],11.7.b.E.b

11.d,2,7,100,5,[[[0, [0, 0, 0]], [1, [0, 0, 0]], [64, [1, 0, 0]], [729, [0, 0, -1]], [4096, [64, 1, 0]], [15624, [1, -1, 1]], [46657, [728, 1, -65]], [117649, [0, -1, 0]], [262144, [4096, 64, 1]], [531441, [-1, 0, -729]], [999935, [15689, -64, 64]], [1771561, [0, 0, 0]], [2986049, [46592, 793, -4160]], [4826809, [1, 0, 0]], [7529536, [117649, -64, -1]], [11389896, [729, -728, -14896]], [16777215, [262145, 4095, 65]], [24137570, [-1, 1, -1]], [34012953, [530648, 728, -47385]], [47045881, [0, 0, 1]], [63995840, [1004095, 11529, 4096]], [85766120, [0, -729, -117649]], [113379904, [1771561, 0, 0]], [148035890, [0, 0, 0]], [191107136, [2981889, 50752, -265511]], [244125000, [15625, -15625, 15624]], [308915776, [4826873, 1, 0]], [387420488, [-728, -1, -531440]], [481890305, [7529535, 113554, -65]], [594823321, [0, -1, 0]], [728968240, [11421656, -30967, -968968]], [887503681, [-1, 0, 0]], [1073741759, [16777280, 262080, 4160]], [1291467969, [0, 0, -1771561]], [1544804481, [24137505, 64, -64]], [1838147976, [117650, -133274, 117649]], [2176829721, [33961472, 578033, -3032641]], [2565726409, [0, 1, 0]], [3010936383, [47045882, -1, 65]], [3518743762, [728, 1, -4826810]], [4095733760, [64262080, 737855, 277769]], [4750104241, [0, 0, 1]], [5489149329, [85648471, 70993, -7647914]], [6321363048, [0, 0, 0]], [7256313856, [113379904, 1771561, 0]], [8303234185, [515816, -530712, -10859184]], [9474296960, [148035890, 0, 0]], [10779215329, [0, 0, -1]], [12230855975, [190841625, 3247400, -16991975]], [13841287200, [1, -117650, 1]], [15623984376, [245140624, -999999, 999935]], [17596288530, [-729, 728, -24138298]], [19770609664, [308919872, 4826873, 1]], [22164361129, [-1, 0, 0]], [24795442672, [386842456, 530648, -34543601]], [27678869064, [1771561, -1771561, 1771561]], [30840979521, [481890240, 7267456, 113489]], [34296447249, [1, 0, -47045152]], [38068692544, [594823321, -64, -1]], [42180533641, [0, 1, 0]], [46653982984, [730985256, 9408736, -62013951]], [51520374362, [-1, 1, -1]], [56800235584, [887503617, -1, 0]], [62523501480, [-117649, -531441, -85766120]], [68719472576, [1073745919, 16773120, 266240]], [75414063815, [4842434, -4826809, 4826809]], [82655721577, [1289696408, 1771561, -115151465]], [90458382170, [0, 0, 0]], [98867486784, [1544800321, 24141665, -4096]], [107918163810, [0, 0, -148035890]], [117641352815, [1845795225, -8529535, 7513911]], [128100283920, [1, -1, 1]], [139317102145, [2173534936, 36994113, -193557584]], [151334226289, [0, -1, 0]], [164206490176, [2565726409, 64, 1]], [177967125000, [11390624, -11375000, -232750729]], [192699928511, [3010936448, 47045817, 4160]], [208422380089, [0, -1771561, 0]], [225204427578, [3513963544, 4827602, -313742649]], [243087455521, [1, 0, 0]], [262126945015, [4112788745, 47207095, 17792840]], [282429535752, [-530712, -728, -387419760]], [304006671423, [4750104242, -1, 65]], [326940373370, [-1, 1, -1]], [351305675434, [5481501415, 90310401, -489467225]], [377125393681, [24121944, -24121944, 24121945]], [404567235072, [6321363048, 0, 0]], [433626201008, [0, -729, -594823321]], [464404086784, [7256313856, 113379904, 1771561]], [496981290962, [0, 0, 0]], [531417847024, [8325387225, -22590568, -706377672]], [567869252041, [117649, -4826809, -1]], [606355005440, [9474296960, 148035890, 0]], [646990183448, [-728, -1, -887503680]], [689869781057, [10779215328, 1, -65]], [735044844744, [47045881, -47045882, 47061506]], [782774781671, [12213864000, 207833600, -1087486399]], [832972004929, [-1, 0, 0]], [885842380799, [13841287265, -7529600, -117585]], [941480149401, [-1771561, 0, -1291467969]], [999935000065, [15688984311, 180140689, 63995840]]]],[0, 4, 257, 2915, 16447, 62499, 187290, 470597, 1052609, 2125034, 4015557, 7086244, 11985835, 19307237, 30235856, 45546145, 67366975, 96550277, 136534347, 188183525, 256980022, 342947560, 455291177, 592143560, 767094170, 976546874, 1240489976, 1549149785, 1934977136, 2379293285, 2926356615, 3550014723, 4311486396, 5164100315, 6203355301, 7352960477, 8737669682, 10262905635, 12090791480, 14070148965, 16446737034, 19000416965, 22034526880, 25285452192, 29136863767, 33203124084, 38045223730, 43116861315, 49094026150, 55365266452, 62743078062, 70361014365, 79386531656, 88657444515, 99533538895, 110720790939, 123838654357, 137138743845, 152869593560, 168722134563, 187275494505, 206081497445, 228088445954, 250008653592, 275935129343, 301670751312, 331795659690, 361833528680, 396990601696, 431524619350, 472427249931, 512401135683, 559211391819, 605336905157, 659391687050, 711658514895, 773763608835, 833691291917, 904013103605, 972349822085, 1052591154550, 1129330193264, 1220776790000, 1307761493477, 1410124425525, 1508573940557, 1624590303336, 1733909981440, 1864761052649, 1987925163848, 2133312988217, 2271481952621, 2434746282830, 2587073229385, 2770258339490, 2940320532245, 3142017670685, 3331888019715, 3557218222476, 3764627358074, 4015312839722],11.7.d.E.a

11.d,2,7,100,5,[[[-19630/11, [-86606/11, -34149/11, 51495/11]], [1, [0, 0, 0]], [1, [64, 0, 0]], [1, [0, 0, -729]], [1, [64, 4096, 0]], [-15624, [15625, -15625, 15625]], [46657, [-46592, 46656, -47385]], [1, [0, -117649, 0]], [1, [64, 4096, 262144]], [1, [-531441, 0, -729]], [-1015624, [15689, -15625, 15625]], [1, [0, 0, 0]], [3032641, [-46592, 50752, -47385]], [1, [4826809, 0, 0]], [1, [64, -117649, -7529536]], [-15624, [15625, 11375000, 14896]], [-16777215, [16777280, -16773120, 17039360]], [24137570, [-24137569, 24137569, -24137569]], [46657, [-578033, -33965568, -47385]], [1, [0, 0, 47045881]], [-1015624, [-63984311, -11529, 15625]], [-85766120, [0, -117649, -729]], [1, [64, 0, 0]], [148035890, [0, 0, 0]], [3032641, [191056384, 50752, 214759]], [-15624, [15625, -15625, -244125000]], [1, [4826873, 308915776, 0]], [-387420488, [386889048, -387420489, 387419760]], [481890305, [-481890240, 481776751, -489419840]], [1, [0, -594823321, 0]], [-968968, [-30967, 11421656, 728968240]], [1, [-887503681, 0, 0]], [-1090519039, [16777280, -16773120, 17039360]], [1, [0, 0, -729]], [1568941986, [-24137505, 24137569, -24137569]], [-15624, [1838281250, -133274, 15625]], [3032641, [-578033, -33961472, -2176829721]], [1, [0, 2565726409, 0]], [-3010936383, [3010936448, -3010936384, 3057982265]], [3518743762, [-3513916952, 3518743761, -3518744490]], [-1015624, [-63984311, -4096011529, 277769]], [1, [0, 0, 4750104241]], [-85719464, [-5489078336, -70993, -7576921]], [-6321363048, [0, 0, 0]], [1, [64, 4096, 0]], [8303750001, [-515816, 11375000, 14896]], [148035890, [9474296960, 0, 0]], [1, [0, 0, -10779215329]], [-13744575, [207833600, 12213864000, 16991975]], [-13841287200, [13841287201, -13841404850, 13841287201]], [15623984376, [-15624984311, 15624984375, -15869125000]], [24137570, [-24137569, -17572150232, -24138298]], [1, [4826873, 308919872, 19770609664]], [1, [-22164361129, 0, 0]], [-25182285128, [386842456, -421386057, 387373104]], [-15624, [15625, -15625, 15625]], [31322869761, [-481890240, 481776751, -489157696]], [1, [34296447249, 0, 47045152]], [1, [64, -594823321, -38068692544]], [1, [0, 42180533641, 0]], [-46653982984, [46591969033, -46644574248, 47384968240]], [51520374362, [-51520374361, 51520374361, -51520374361]], [1, [-887503617, -56800235584, 0]], [-85766120, [-531441, -117649, 62523501480]], [-1090519039, [-68702699456, -16773120, 17039360]], [-75418906249, [4842434, -15625, 15625]], [46657, [-46592, 46656, -47385]], [90458382170, [0, 0, 0]], [1568941986, [98843345119, 24141665, -24137569]], [148035890, [0, 0, -107918163810]], [-1015624, [1838281314, 117648866726, -7513911]], [-128100283920, [128100283921, -128100283921, 128100283921]], [139317102145, [-139123544561, 139280108032, -141490637081]], [1, [0, -151334226289, 0]], [1, [64, 2565726409, 164206490176]], [-15624, [-177978500000, 11375000, -244125729]], [-195710864959, [3010936448, -3010932288, 3057982265]], [1, [0, -117649, 0]], [228718391122, [-3513963544, 3827706193, -3518791146]], [1, [243087455521, 0, 0]], [-17792840, [-47207095, -4112788745, -262126945015]], [-387420488, [386889048, 282042115992, 387419760]], [-304006671423, [304006671488, -304006671424, 308756775665]], [326940373370, [-326940373369, 326940373369, -326940373369]], [399156824, [-5970968640, -350816208209, -489467225]], [24121945, [-24121944, 24121944, 377125393681]], [-6321363048, [-404567235072, 0, 0]], [-433626201008, [0, -594823321, -729]], [1, [64, 4096, 262144]], [496981290962, [0, 0, 0]], [8302796657, [531440437592, -22590568, 728968240]], [1, [4826809, -117649, -567869252041]], [148035890, [9474296960, 606355005440, 0]], [-646990183448, [646102679768, -646990183449, 646990182720]], [689869781057, [-689869780992, 689869781056, -700648996385]], [-15624, [15625, -735091906250, 47061506]], [-1087486399, [207833600, 12213864000, 782774781671]], [1, [-832972004929, 0, 0]], [-899683668064, [13841287265, -13841404850, 13833757665]], [1, [-531441, 0, -729]], [1015623984376, [-15688984311, 15624988471, -15869125000]]]],[-79482/11, 4, 68, -725, -4028, -15621, 45995, 117653, 258116, -532166, -4015557, 4, 11985835, 4826813, -7411819, -11406975, -16519100, 24137573, 33526778, 47045885, -68019653, -342947560, 68, 592143560, 203350955, -244156246, -304088899, -387952655, 474474389, 594823325, 713639745, -887503677, -4311486396, -725, 6203355301, 1838367653, -2131315718, -2565726405, -2963890435, 3523569845, 4028242491, 4750104245, -5839462120, -25285452192, -4028, 33203124084, 10066440520, -10779215325, -12044016725, -13841169548, 15376843818, 17620424645, 19466516669, -22164361125, -99533538895, -15621, 123838654357, 34343492405, -37473869155, -42180533637, -45994420415, 51520374365, 55912731971, 62180023208, -73030963132, -301670751312, 45995, 361833528680, 105070833829, -107326020250, -115822161819, -128100283917, 137374118906, 151334226293, 161640763835, -178234063225, -773763608835, 117653, 904013103605, 243087455525, -258132534725, -282817489136, -299256567115, 326940373373, 345952399640, 377173637573, -429852687264, -1733909981440, 258116, 1987925163848, 565403183028, -567864307579, -596288564920, -647877687855, 679090565795, 735138920885, 766418805675, -832972004925, -3557218222476, -532166, 4015312839722],11.7.d.E.b

13.d,5,7,100,4,[[[0, [0]], [1, [0]], [64, [-1]], [730, [0]], [4095, [-64]], [15625, [-1]], [46720, [-730]], [117649, [1]], [262080, [-4095]], [532171, [0]], [999999, [-15689]], [1771561, [1]], [2989350, [-46720]], [4826809, [0]], [7529537, [-117585]], [11406250, [-730]], [16773121, [-262080]], [24137568, [0]], [34058944, [-532171]], [47045881, [-1]], [63984311, [-1004095]], [85883770, [730]], [113379905, [-1771497]], [148035888, [0]], [191318400, [-2989350]], [244140624, [-15625]], [308915776, [-4826809]], [387952660, [0]], [481772719, [-7525441]], [594823322, [0]], [729999270, [-11452970]], [887503681, [-1]], [1073479744, [-16773121]], [1293239530, [730]], [1544804352, [-24137568]], [1838265626, [-102024]], [2179240245, [-34058944]], [2565726409, [1]], [3010936383, [-47045945]], [3523570570, [0]], [4094995905, [-64246455]], [4750104241, [-1]], [5496562010, [-85837050]], [6321363048, [0]], [7254542359, [-113375809]], [8315171875, [-532171]], [9474296832, [-148035888]], [10779215329, [1]], [12244378330, [-191318400]], [13841287200, [117649]], [15624984311, [-245140624]], [17620424640, [0]], [19765782855, [-308915776]], [22164361130, [0]], [24828970240, [-387952660]], [27680640626, [-1755936]], [30833454015, [-481510575]], [34343493130, [-730]], [38068692608, [-594823322]], [42180533641, [1]], [46708547030, [-732989350]], [51520374362, [0]], [56800235583, [-887503745]], [62609385979, [532171]], [68702703615, [-1073479744]], [75418890625, [-4826809]], [82767330650, [-1293192810]], [90458382169, [-1]], [98843340960, [-1544804352]], [108066198240, [0]], [117648898040, [-1844795162]], [128100283921, [-1]], [139471375680, [-2179240245]], [151334226289, [1]], [164206490177, [-2565726345]], [178222655520, [-11406250]], [192652882631, [-3010940479]], [208422380088, [1889210]], [225508516480, [-3523570570]], [243087455522, [0]], [262079753545, [-4111773121]], [282817489141, [0]], [304006671423, [-4750104305]], [326940373369, [-1]], [351694084870, [-5493571930]], [377149500000, [-24137568]], [404567235072, [-6321363048]], [434221025060, [0]], [464290710975, [-7254280215]], [496981290961, [1]], [532170467829, [-8349230819]], [567869252041, [4826809]], [606206961360, [-9474296832]], [647877687130, [-730]], [689869781057, [-10779215265]], [735091890624, [-47061506]], [783640213120, [-12244378330]], [832972004929, [-1]], [885842498449, [-13833757664]], [942773388931, [532171]], [999754855280, [-15688984311]]]],[0, 2, 128, 1460, 8190, 31250, 93440, 235298, 524160, 1064342, 1999998, 3543122, 5978700, 9653618, 15059074, 22812500, 33546242, 48275136, 68117888, 94091762, 127968622, 171767540, 226759810, 296071776, 382636800, 488281248, 617831552, 775905320, 963545438, 1189646644, 1459998540, 1775007362, 2146959488, 2586479060, 3089608704, 3676531252, 4358480490, 5131452818, 6021872766, 7047141140, 8189991810, 9500208482, 10993124020, 12642726096, 14509084718, 16630343750, 18948593664, 21558430658, 24488756660, 27682574400, 31249968622, 35240849280, 39531565710, 44328722260, 49657940480, 55361281252, 61666908030, 68686986260, 76137385216, 84361067282, 93417094060, 103040748724, 113600471166, 125218771958, 137405407230, 150837781250, 165534661300, 180916764338, 197686681920, 216132396480, 235297796080, 256200567842, 278942751360, 302668452578, 328412980354, 356445311040, 385305765262, 416844760176, 451017032960, 486174911044, 524159507090, 565634978282, 608013342846, 653880746738, 703388169740, 754299000000, 809134470144, 868442050120, 928581421950, 993962581922, 1064340935658, 1135738504082, 1212413922720, 1295755374260, 1379739562114, 1470183781248, 1567280426240, 1665944009858, 1771684996898, 1885546777862, 1999509710560],13.7.d.E.a

13.d,5,7,100,4,[[[-9639, [30960]], [1, [0]], [1, [-64]], [730, [0]], [-4095, [-64]], [1, [-15625]], [730, [-46720]], [1, [117649]], [-4095, [262080]], [532171, [0]], [-999999, [-15689]], [1, [1771561]], [-2989350, [-46720]], [1, [0]], [7529537, [117585]], [730, [-11406250]], [16773121, [262080]], [-24137568, [0]], [532171, [-34058944]], [1, [-47045881]], [-1004095, [63984311]], [730, [85883770]], [113379905, [1771497]], [-148035888, [0]], [-2989350, [191318400]], [-244140624, [-15625]], [1, [-64]], [387952660, [0]], [7525441, [-481772719]], [594823322, [0]], [-729999270, [-11452970]], [1, [-887503681]], [16773121, [-1073479744]], [730, [1293239530]], [-24137568, [1544804352]], [1838265626, [102024]], [-2179240245, [-34058944]], [1, [2565726409]], [-3010936383, [-47045945]], [730, [0]], [4094995905, [64246455]], [1, [-4750104241]], [5496562010, [85837050]], [-6321363048, [0]], [113375809, [-7254542359]], [532171, [-8315171875]], [-148035888, [9474296832]], [1, [10779215329]], [12244378330, [191318400]], [-13841287200, [117649]], [-245140624, [15624984311]], [-17620424640, [0]], [-4095, [-64]], [22164361130, [0]], [387952660, [-24828970240]], [27680640626, [1755936]], [-30833454015, [-481510575]], [730, [-34343493130]], [594823322, [-38068692608]], [1, [42180533641]], [-732989350, [46708547030]], [51520374362, [0]], [-56800235583, [-887503745]], [532171, [62609385979]], [-68702703615, [-1073479744]], [1, [-15625]], [82767330650, [1293192810]], [1, [-90458382169]], [98843340960, [1544804352]], [-108066198240, [0]], [1844795162, [-117648898040]], [1, [-128100283921]], [-2179240245, [139471375680]], [1, [151334226289]], [164206490177, [2565726345]], [-178222655520, [-11406250]], [-3010940479, [192652882631]], [-208422380088, [1889210]], [730, [-46720]], [243087455522, [0]], [4111773121, [-262079753545]], [282817489141, [0]], [-304006671423, [-4750104305]], [1, [-326940373369]], [5493571930, [-351694084870]], [-24137568, [377149500000]], [-6321363048, [404567235072]], [434221025060, [0]], [-464290710975, [-7254280215]], [1, [496981290961]], [-532170467829, [-8349230819]], [1, [117649]], [606206961360, [9474296832]], [730, [-647877687130]], [689869781057, [10779215265]], [-735091890624, [-47061506]], [12244378330, [-783640213120]], [1, [-832972004929]], [-13833757664, [885842498449]], [532171, [942773388931]], [999754855280, [15688984311]]]],[-19278, 2, 2, 1460, -8190, 2, 1460, 2, -8190, 1064342, -1999998, 2, -5978700, 2, 15059074, 1460, 33546242, -48275136, 1064342, 2, -2008190, 1460, 226759810, -296071776, -5978700, -488281248, 2, 775905320, 15050882, 1189646644, -1459998540, 2, 33546242, 1460, -48275136, 3676531252, -4358480490, 2, -6021872766, 1460, 8189991810, 2, 10993124020, -12642726096, 226751618, 1064342, -296071776, 2, 24488756660, -27682574400, -490281248, -35240849280, -8190, 44328722260, 775905320, 55361281252, -61666908030, 1460, 1189646644, 2, -1465978700, 103040748724, -113600471166, 1064342, -137405407230, 2, 165534661300, 2, 197686681920, -216132396480, 3689590324, 2, -4358480490, 2, 328412980354, -356445311040, -6021880958, -416844760176, 1460, 486174911044, 8223546242, 565634978282, -608013342846, 2, 10987143860, -48275136, -12642726096, 868442050120, -928581421950, 2, -1064340935658, 2, 1212413922720, 1460, 1379739562114, -1470183781248, 24488756660, 2, -27667515328, 1064342, 1999509710560],13.7.d.E.b

13.f,2,7,100,12,[[[0, [0, 0, 0]], [1, [0, 0, 0]], [64, [1, 0, 0]], [728, [0, 1, 0]], [4096, [64, 1, 0]], [15625, [0, 0, -1]], [46592, [728, 64, 1]], [117649, [1, 0, -1]], [262144, [4096, 64, 1]], [530712, [0, 728, 0]], [1000001, [15625, -1, -64]], [1771561, [-1, 0, 0]], [2981887, [46592, 4825, 64]], [4826809, [0, 0, 0]], [7529537, [117713, 0, -64]], [11375000, [1, 15625, -729]], [16777215, [262144, 4097, 64]], [24137569, [0, 1, 0]], [33965568, [530712, 46592, 728]], [47045881, [-1, 0, 1]], [64000064, [1000001, 15561, -4097]], [85648472, [729, 117649, -728]], [113379904, [1771497, -1, 0]], [148035890, [0, -1, 0]], [190840768, [2981887, 308800, 4825]], [244140624, [0, 0, -15625]], [308915776, [4826809, 0, 0]], [386889049, [0, 530712, 0]], [481890368, [7533633, 117649, -4096]], [594823320, [0, 1, 0]], [728000729, [11375064, 999272, -31031]], [887503681, [0, 0, -1]], [1073741760, [16777215, 262208, 4097]], [1289696408, [-728, 1771561, -1]], [1544804416, [24137569, 64, 1]], [1838265625, [15625, -1, -133274]], [2173795624, [33965568, 3513328, 46592]], [2565726409, [-1, 0, 0]], [3010936383, [47045817, 0, 64]], [3513916952, [0, 4826809, 0]], [4096004097, [64000064, 995904, -246583]], [4750104241, [1, 0, 0]], [5481502936, [85695128, 7529537, 71057]], [6321363049, [0, 1, 0]], [7256313856, [113375808, 1771497, -1]], [8292375000, [728, 11375000, -531440]], [9474296960, [148035890, -64, -1]], [10779215329, [0, 0, 1]], [12213808423, [190840768, 19763928, 308800]], [13841287202, [117649, -1, -117649]], [15625015561, [244140624, -15625, -1000000]], [17572150231, [0, 24138298, 0]], [19770609664, [308915776, 4826809, 0]], [22164361130, [0, 0, 0]], [24760899136, [386889049, 33965568, 530712]], [27680640624, [-15625, 1, -1771561]], [30840983552, [482152512, 7529537, -144495]], [34249401368, [-729, 47045881, 728]], [38068692480, [594823320, 64, 1]], [42180533641, [1, 0, -1]], [46592031031, [728004825, 75344033, -1986712]], [51520374361, [0, -1, 0]], [56800235585, [887503681, -1, -64]], [62437736088, [531440, 85648472, -530712]], [68719472639, [1073741760, 16781312, 262208]], [75418890625, [0, 0, -4826809]], [82540570113, [1289649816, 113379175, 1771497]], [90458382169, [1, 0, 0]], [98867482623, [1544804416, 24141666, 64]], [107770127921, [0, 148035161, 0]], [117649133274, [1839265625, -117713, -8529537]], [128100283921, [-1, 0, 1]], [139122919936, [2173795624, 224852992, 3513328]], [151334226289, [0, 0, 1]], [164206490176, [2565726345, -1, 0]], [177734374272, [15625, 244140624, -11390625]], [192699928512, [3010932287, 47045881, 4096]], [208422380088, [1653912, 0, -1771561]], [224890684928, [3513916952, 308915776, 4826809]], [243087455522, [0, 0, 0]], [262144246583, [4096004097, 63753481, -15781312]], [282042116720, [0, 386889049, 0]], [304006671424, [4750104305, 1, 0]], [326940373369, [0, 0, -1]], [350816070255, [5484488920, 567656489, 4547649]], [377149515625, [1, 15625, -24137570]], [404567235136, [6321363049, 64, 1]], [433031376959, [0, 594824049, 0]], [464404086785, [7256051712, 113375807, 1771497]], [496981290961, [-1, 0, 0]], [530712531440, [8292421592, 727469288, -22637160]], [567869252041, [4826809, 0, -4826809]], [606355005441, [9474296960, 148031793, -64]], [646102679768, [1, 887503681, -729]], [689869781055, [10779215329, 1, 64]], [735091890625, [-15625, 1, -47030256]], [781683739072, [12213808423, 1264891392, 19763928]], [832972004929, [-1, 0, 1]], [885842498577, [13848816738, -64, -7529537]], [940188681432, [-530712, 1289696408, -728]], [1000000995904, [15625015561, 243140624, -64015625]]]],[0, 4, 256, 2914, 16386, 62500, 186496, 470596, 1048704, 2124304, 4000002, 7086244, 11937198, 19307236, 30118148, 45531250, 67117054, 96550278, 135955456, 188183524, 256031378, 342829186, 453519614, 592143558, 763980672, 976562496, 1235663104, 1548617620, 1927796770, 2379293282, 2914001460, 3550014724, 4295491456, 5162328754, 6179217792, 7353062498, 8702209152, 10262905636, 12043745532, 14065321426, 16386008196, 19000416964, 21941070818, 25285452198, 29028798418, 33192250000, 37897187712, 43116861316, 48894761548, 55365148806, 62500030994, 70336877520, 79092092274, 88657444520, 99111527680, 110722562498, 123378993282, 137091697234, 152274770048, 168722134564, 186518812190, 206081497442, 227200942338, 249922241296, 274911453180, 301675562500, 330389038802, 361833528676, 395518213824, 431376582006, 470596297670, 512401135684, 556941385728, 605336905156, 656825960702, 711425778336, 770893805810, 833689520352, 900180571264, 972349822088, 1048704493294, 1128942244978, 1216026685698, 1307761493476, 1404399593998, 1508598093750, 1618268940672, 1733315155934, 1857843098754, 1987925163844, 2124305064336, 2271477008164, 2425716085350, 2586185726434, 2759479124222, 2940367562502, 3129264739072, 3331888019716, 3543369994180, 3763334118544, 4000490264864],13.7.f.E.a

13.f,2,7,100,12,[[[122113/13, [-138926/13, -449645/13, 98113/13]], [1, [0, 0, 0]], [1, [64, 0, 0]], [-728, [0, 729, 0]], [1, [64, 4096, 0]], [1, [0, 0, -15625]], [-728, [-46592, 729, 46656]], [1, [117649, 0, -117649]], [1, [64, 4096, 262144]], [-728, [0, -530712, 0]], [1000001, [64, -1000000, -15625]], [1, [-1771561, 0, 0]], [-2986712, [-46592, 4825, 46656]], [1, [0, 0, 0]], [7529537, [117713, 0, -117649]], [-728, [11390625, 729, -15625]], [-16777215, [64, 16781312, 262144]], [1, [0, 24137569, 0]], [-728, [-46592, -530712, -33965568]], [1, [-47045881, 0, 47045881]], [1000001, [64000064, -995904, -64015625]], [-728, [117649, 729, 85648472]], [1, [-1771497, -113379904, 0]], [148035890, [0, -148035889, 0]], [-2986712, [-191149568, 4825, 308800]], [-244140624, [0, 0, -15625]], [1, [64, 0, 0]], [387419761, [0, -530712, 0]], [7529537, [482008017, 4096, -117649]], [-594823320, [0, 594823321, 0]], [999272, [11344033, 728000729, 31031]], [1, [0, 0, -887503681]], [-16777215, [-1073741760, 16781312, 1074003968]], [-728, [1289696408, 729, -1291467969]], [1, [64, 24137569, 1544804416]], [1, [117649, -1838265625, -133274]], [2173795624, [-46592, -2177308952, -33965568]], [1, [-2565726409, 0, 0]], [-3010936383, [-47045817, 0, 47045881]], [-728, [0, 729, 0]], [4097000001, [64000064, -995904, -63753481]], [1, [4750104241, 0, 0]], [-5481502936, [71057, 5489032473, 85695128]], [1, [0, 6321363049, 0]], [1, [-1771497, -113375808, -7256313856]], [-728, [-8292375000, -530712, 8303750000]], [148035890, [9474296960, -148035889, -9474296896]], [1, [0, 0, 10779215329]], [-19763928, [-191149568, -12213808423, 308800]], [13841287202, [117649, -13841287201, -117649]], [-243140624, [-15624999936, -1000000, -15625]], [-17596288529, [0, 24138298, 0]], [1, [64, 4096, 0]], [22164361130, [0, 0, 0]], [387419761, [24794864704, -530712, -33965568]], [-27680640624, [-1771561, 27680640625, -15625]], [7529537, [482008017, 30840983552, 144495]], [-728, [-47045881, 729, -34249401368]], [-594823320, [-38068692480, 594823321, 38068692544]], [1, [42180533641, 0, -42180533641]], [-1986712, [75344033, 728004825, 46592031031]], [1, [0, -51520374361, 0]], [56800235585, [64, -56800235584, -887503681]], [-728, [-62523384560, -530712, 85648472]], [-68736253951, [-1073741760, 16781312, 1074003968]], [1, [0, 0, -15625]], [82653949288, [1289649816, -113379175, -1291421313]], [1, [90458382169, 0, 0]], [-98867482623, [64, 98891624289, 1544804416]], [148035161, [0, 107770127921, 0]], [8529537, [117713, -1839265625, -117649133274]], [1, [-128100283921, 0, 128100283921]], [2173795624, [139122919936, -2177308952, -139347772928]], [1, [0, 0, 151334226289]], [1, [-2565726345, -164206490176, 0]], [177734374272, [11390625, -177978514896, -15625]], [-3010936383, [-192746974393, 4096, 47045881]], [-208422380088, [-1653912, 0, -117649]], [-728, [-46592, 729, 46656]], [243087455522, [0, 0, 0]], [4080222785, [262208000064, 15781312, -63753481]], [-282042116720, [0, 282429005769, 0]], [1, [4750104305, 304006671424, 0]], [1, [0, 0, -326940373369]], [-5484488920, [-350816070255, 5489036569, 351383726744]], [1, [377149515625, 24137569, -377149531250]], [1, [64, 6321363049, 404567235136]], [-594824049, [0, -433031376959, 0]], [464404086785, [-1771497, -464517462592, -7256051712]], [1, [-496981290961, 0, 0]], [-531440000728, [-8292421592, 727469288, 8269784432]], [1, [117649, 0, -117649]], [606503037234, [9474296960, -148031793, -9474296896]], [-728, [646990183449, 729, -887503681]], [-689869781055, [64, 689869781056, 10779215329]], [1, [-47045881, 735091890625, 47030256]], [-19763928, [-1264891392, -12213808423, -781683739072]], [1, [-832972004929, 0, 832972004929]], [13848816738, [885842498577, -13841287201, -885842498513]], [-728, [1289696408, -530712, 940188681432]], [-243140624, [-15560999936, -1000000995904, -64015625]]]],[-410838/13, 4, 4, -1454, 8196, 4, -1454, 4, 8196, -1064336, 2000004, 4, -11937198, 4, 30118148, -1454, -33546236, 48275142, -1064336, 4, 2008196, -1454, -226759804, 296071782, -11937198, -976562496, 4, 1548617620, 30126340, -1189646638, 1459998546, 4, -33546236, -1454, 48275142, -3676531246, 4340564592, 4, -12043745532, -1454, 16386008196, 4, -10947946798, 12642726102, -226751612, -1064336, 296071782, 4, -24506672558, 27682574406, -974562496, -70336877520, 8196, 88657444520, 1548617620, -55361281246, 61712085252, -1454, -1189646638, 4, 1448062802, -103040748718, 113600471172, -1064336, -274911453180, 4, 330389038802, 4, -197686681914, 216132396486, -3644413102, 4, 4340564592, 4, -328412980348, 354980467296, -12043737340, -833689520352, -1454, 972349822088, 16352453764, -563310455342, 608013342852, 4, -10959882542, 48275142, 12642726102, -868442050114, 928581421956, 4, -2124305064336, 4, 2425716085350, -1454, -1379739562108, 1470183781254, -24506672558, 4, 27712692550, -1064336, -2000974554304],13.7.f.E.b

15.d,14,7,100,1,[[[0, []], [1, []], [65, []], [729, []], [4161, []], [15625, []], [47385, []], [117648, []], [266305, []], [531441, []], [1015625, []], [1771560, []], [3033369, []], [4826808, []], [7647120, []], [11390625, []], [17043521, []], [24137570, []], [34543665, []], [47045882, []], [65015625, []], [85765392, []], [115151400, []], [148035890, []], [194136345, []], [244140625, []], [313742520, []], [387420489, []], [489533328, []], [594823320, []], [740390625, []], [887503682, []], [1090785345, []], [1291467240, []], [1568942050, []], [1838250000, []], [2211326001, []], [2565726408, []], [3057982330, []], [3518743032, []], [4161015625, []], [4750104240, []], [5574750480, []], [6321363048, []], [7371461160, []], [8303765625, []], [9622332850, []], [10779215330, []], [12424726809, []], [13841169553, []], [15869140625, []], [17596288530, []], [20084348088, []], [22164361130, []], [25182331785, []], [27680625000, []], [31330250640, []], [34296447978, []], [38663515800, []], [42180533640, []], [47396390625, []], [51520374362, []], [57687739330, []], [62522970768, []], [69810262081, []], [75418875000, []], [83945370600, []], [90458382168, []], [100436428770, []], [107918163810, []], [119486250000, []], [128100283920, []], [141525395505, []], [151334226288, []], [166772216520, []], [177978515625, []], [195757915002, []], [208420490880, []], [228718297080, []], [243087455522, []], [266305015625, []], [282429536481, []], [308756775600, []], [326940373370, []], [356869796112, []], [377149531250, []], [410888598120, []], [433626200280, []], [471775285800, []], [496981290960, []], [539744765625, []], [567864307584, []], [615977338290, []], [646990184178, []], [700648996450, []], [735091906250, []], [795182516505, []], [832972004928, []], [899676020945, []], [941479617960, []], [1015869140625, []]]],[0, 1, 65, 729, 4161, 15625, 47385, 117648, 266305, 531441, 1015625, 1771560, 3033369, 4826808, 7647120, 11390625, 17043521, 24137570, 34543665, 47045882, 65015625, 85765392, 115151400, 148035890, 194136345, 244140625, 313742520, 387420489, 489533328, 594823320, 740390625, 887503682, 1090785345, 1291467240, 1568942050, 1838250000, 2211326001, 2565726408, 3057982330, 3518743032, 4161015625, 4750104240, 5574750480, 6321363048, 7371461160, 8303765625, 9622332850, 10779215330, 12424726809, 13841169553, 15869140625, 17596288530, 20084348088, 22164361130, 25182331785, 27680625000, 31330250640, 34296447978, 38663515800, 42180533640, 47396390625, 51520374362, 57687739330, 62522970768, 69810262081, 75418875000, 83945370600, 90458382168, 100436428770, 107918163810, 119486250000, 128100283920, 141525395505, 151334226288, 166772216520, 177978515625, 195757915002, 208420490880, 228718297080, 243087455522, 266305015625, 282429536481, 308756775600, 326940373370, 356869796112, 377149531250, 410888598120, 433626200280, 471775285800, 496981290960, 539744765625, 567864307584, 615977338290, 646990184178, 700648996450, 735091906250, 795182516505, 832972004928, 899676020945, 941479617960, 1015869140625],15.7.d.E.a

15.d,14,7,100,1,[[[-82808, []], [1, []], [65, []], [1, []], [4161, []], [1, []], [65, []], [-117648, []], [266305, []], [1, []], [65, []], [-1771560, []], [4161, []], [-4826808, []], [-7647120, []], [1, []], [17043521, []], [24137570, []], [65, []], [47045882, []], [4161, []], [-117648, []], [-115151400, []], [148035890, []], [266305, []], [1, []], [-313742520, []], [1, []], [-489533328, []], [-594823320, []], [65, []], [887503682, []], [1090785345, []], [-1771560, []], [1568942050, []], [-117648, []], [4161, []], [-2565726408, []], [3057982330, []], [-4826808, []], [266305, []], [-4750104240, []], [-7647120, []], [-6321363048, []], [-7371461160, []], [1, []], [9622332850, []], [10779215330, []], [17043521, []], [13841169553, []], [65, []], [24137570, []], [-20084348088, []], [22164361130, []], [65, []], [-1771560, []], [-31330250640, []], [47045882, []], [-38663515800, []], [-42180533640, []], [4161, []], [51520374362, []], [57687739330, []], [-117648, []], [69810262081, []], [-4826808, []], [-115151400, []], [-90458382168, []], [100436428770, []], [148035890, []], [-7647120, []], [-128100283920, []], [266305, []], [-151334226288, []], [-166772216520, []], [1, []], [195757915002, []], [208420490880, []], [-313742520, []], [243087455522, []], [17043521, []], [1, []], [-308756775600, []], [326940373370, []], [-489533328, []], [24137570, []], [-410888598120, []], [-594823320, []], [-471775285800, []], [-496981290960, []], [65, []], [567864307584, []], [615977338290, []], [887503682, []], [700648996450, []], [47045882, []], [1090785345, []], [-832972004928, []], [899676020945, []], [-1771560, []], [4161, []]]],[-82808, 1, 65, 1, 4161, 1, 65, -117648, 266305, 1, 65, -1771560, 4161, -4826808, -7647120, 1, 17043521, 24137570, 65, 47045882, 4161, -117648, -115151400, 148035890, 266305, 1, -313742520, 1, -489533328, -594823320, 65, 887503682, 1090785345, -1771560, 1568942050, -117648, 4161, -2565726408, 3057982330, -4826808, 266305, -4750104240, -7647120, -6321363048, -7371461160, 1, 9622332850, 10779215330, 17043521, 13841169553, 65, 24137570, -20084348088, 22164361130, 65, -1771560, -31330250640, 47045882, -38663515800, -42180533640, 4161, 51520374362, 57687739330, -117648, 69810262081, -4826808, -115151400, -90458382168, 100436428770, 148035890, -7647120, -128100283920, 266305, -151334226288, -166772216520, 1, 195757915002, 208420490880, -313742520, 243087455522, 17043521, 1, -308756775600, 326940373370, -489533328, 24137570, -410888598120, -594823320, -471775285800, -496981290960, 65, 567864307584, 615977338290, 887503682, 700648996450, 47045882, 1090785345, -832972004928, 899676020945, -1771560, 4161],15.7.d.E.b

15.d,14,7,100,1,[[[0, []], [1, []], [-65, []], [-729, []], [4161, []], [-1, []], [47385, []], [-117648, []], [-266305, []], [531441, []], [65, []], [1771560, []], [-3033369, []], [-4826808, []], [7647120, []], [729, []], [17043521, []], [-24137570, []], [-34543665, []], [47045882, []], [-4161, []], [85765392, []], [-115151400, []], [-148035890, []], [194136345, []], [1, []], [313742520, []], [-387420489, []], [-489533328, []], [594823320, []], [-47385, []], [887503682, []], [-1090785345, []], [-1291467240, []], [1568942050, []], [117648, []], [2211326001, []], [-2565726408, []], [-3057982330, []], [3518743032, []], [266305, []], [4750104240, []], [-5574750480, []], [-6321363048, []], [7371461160, []], [-531441, []], [9622332850, []], [-10779215330, []], [-12424726809, []], [13841169553, []], [-65, []], [17596288530, []], [-20084348088, []], [-22164361130, []], [25182331785, []], [-1771560, []], [31330250640, []], [-34296447978, []], [-38663515800, []], [42180533640, []], [3033369, []], [51520374362, []], [-57687739330, []], [-62522970768, []], [69810262081, []], [4826808, []], [83945370600, []], [-90458382168, []], [-100436428770, []], [107918163810, []], [-7647120, []], [128100283920, []], [-141525395505, []], [-151334226288, []], [166772216520, []], [-729, []], [195757915002, []], [-208420490880, []], [-228718297080, []], [243087455522, []], [-17043521, []], [282429536481, []], [-308756775600, []], [-326940373370, []], [356869796112, []], [24137570, []], [410888598120, []], [-433626200280, []], [-471775285800, []], [496981290960, []], [34543665, []], [567864307584, []], [-615977338290, []], [-646990184178, []], [700648996450, []], [-47045882, []], [795182516505, []], [-832972004928, []], [-899676020945, []], [941479617960, []], [4161, []]]],[0, 1, -65, -729, 4161, -1, 47385, -117648, -266305, 531441, 65, 1771560, -3033369, -4826808, 7647120, 729, 17043521, -24137570, -34543665, 47045882, -4161, 85765392, -115151400, -148035890, 194136345, 1, 313742520, -387420489, -489533328, 594823320, -47385, 887503682, -1090785345, -1291467240, 1568942050, 117648, 2211326001, -2565726408, -3057982330, 3518743032, 266305, 4750104240, -5574750480, -6321363048, 7371461160, -531441, 9622332850, -10779215330, -12424726809, 13841169553, -65, 17596288530, -20084348088, -22164361130, 25182331785, -1771560, 31330250640, -34296447978, -38663515800, 42180533640, 3033369, 51520374362, -57687739330, -62522970768, 69810262081, 4826808, 83945370600, -90458382168, -100436428770, 107918163810, -7647120, 128100283920, -141525395505, -151334226288, 166772216520, -729, 195757915002, -208420490880, -228718297080, 243087455522, -17043521, 282429536481, -308756775600, -326940373370, 356869796112, 24137570, 410888598120, -433626200280, -471775285800, 496981290960, 34543665, 567864307584, -615977338290, -646990184178, 700648996450, -47045882, 795182516505, -832972004928, -899676020945, 941479617960, 4161],15.7.d.E.c

15.d,14,7,100,1,[[[0, []], [1, []], [-65, []], [-1, []], [4161, []], [-15625, []], [65, []], [117648, []], [-266305, []], [1, []], [1015625, []], [-1771560, []], [-4161, []], [4826808, []], [-7647120, []], [15625, []], [17043521, []], [-24137570, []], [-65, []], [47045882, []], [-65015625, []], [-117648, []], [115151400, []], [-148035890, []], [266305, []], [244140625, []], [-313742520, []], [-1, []], [489533328, []], [-594823320, []], [-1015625, []], [887503682, []], [-1090785345, []], [1771560, []], [1568942050, []], [-1838250000, []], [4161, []], [2565726408, []], [-3057982330, []], [-4826808, []], [4161015625, []], [-4750104240, []], [7647120, []], [6321363048, []], [-7371461160, []], [-15625, []], [9622332850, []], [-10779215330, []], [-17043521, []], [13841169553, []], [-15869140625, []], [24137570, []], [20084348088, []], [-22164361130, []], [65, []], [27680625000, []], [-31330250640, []], [-47045882, []], [38663515800, []], [-42180533640, []], [65015625, []], [51520374362, []], [-57687739330, []], [117648, []], [69810262081, []], [-75418875000, []], [-115151400, []], [90458382168, []], [-100436428770, []], [148035890, []], [119486250000, []], [-128100283920, []], [-266305, []], [151334226288, []], [-166772216520, []], [-244140625, []], [195757915002, []], [-208420490880, []], [313742520, []], [243087455522, []], [-266305015625, []], [1, []], [308756775600, []], [-326940373370, []], [-489533328, []], [377149531250, []], [-410888598120, []], [594823320, []], [471775285800, []], [-496981290960, []], [1015625, []], [567864307584, []], [-615977338290, []], [-887503682, []], [700648996450, []], [-735091906250, []], [1090785345, []], [832972004928, []], [-899676020945, []], [-1771560, []], [1015869140625, []]]],[0, 1, -65, -1, 4161, -15625, 65, 117648, -266305, 1, 1015625, -1771560, -4161, 4826808, -7647120, 15625, 17043521, -24137570, -65, 47045882, -65015625, -117648, 115151400, -148035890, 266305, 244140625, -313742520, -1, 489533328, -594823320, -1015625, 887503682, -1090785345, 1771560, 1568942050, -1838250000, 4161, 2565726408, -3057982330, -4826808, 4161015625, -4750104240, 7647120, 6321363048, -7371461160, -15625, 9622332850, -10779215330, -17043521, 13841169553, -15869140625, 24137570, 20084348088, -22164361130, 65, 27680625000, -31330250640, -47045882, 38663515800, -42180533640, 65015625, 51520374362, -57687739330, 117648, 69810262081, -75418875000, -115151400, 90458382168, -100436428770, 148035890, 119486250000, -128100283920, -266305, 151334226288, -166772216520, -244140625, 195757915002, -208420490880, 313742520, 243087455522, -266305015625, 1, 308756775600, -326940373370, -489533328, 377149531250, -410888598120, 594823320, 471775285800, -496981290960, 1015625, 567864307584, -615977338290, -887503682, 700648996450, -735091906250, 1090785345, 832972004928, -899676020945, -1771560, 1015869140625],15.7.d.E.d

16.f,3,7,100,4,[[[0, [0]], [1, [0]], [64, [0]], [729, [-1]], [4096, [0]], [15625, [-1]], [46656, [-64]], [117650, [0]], [262144, [0]], [531440, [-729]], [1000000, [-64]], [1771561, [1]], [2985984, [-4096]], [4826809, [1]], [7529600, [0]], [11390624, [-16354]], [16777216, [0]], [24137570, [0]], [34012160, [-46656]], [47045881, [-1]], [64000000, [-4096]], [85766850, [-117650]], [113379904, [64]], [148035890, [0]], [191102976, [-262144]], [244140624, [-15625]], [308915776, [64]], [387419760, [-531440]], [481894400, [0]], [594823321, [1]], [728999936, [-1046656]], [887503680, [0]], [1073741824, [0]], [1291467970, [-1770832]], [1544804480, [0]], [1838281250, [-117650]], [2176778240, [-2985984]], [2565726409, [-1]], [3010936384, [-64]], [3518743762, [-4826080]], [4096000000, [-262144]], [4750104240, [0]], [5489078400, [-7529600]], [6321363049, [1]], [7256313856, [4096]], [8303749271, [-11922065]], [9474296960, [0]], [10779215328, [0]], [12230590464, [-16777216]], [13841404851, [0]], [15624999936, [-1000000]], [17596288530, [-24137570]], [19770609664, [4096]], [22164361129, [-1]], [24794864640, [-34012160]], [27680640626, [-1755936]], [30841241600, [0]], [34296447248, [-47046610]], [38068692544, [64]], [42180533641, [1]], [46655995904, [-66985984]], [51520374361, [1]], [56800235520, [0]], [62523916000, [-85766850]], [68719476736, [0]], [75418890626, [-4811184]], [82653950080, [-113333248]], [90458382169, [-1]], [98867486720, [0]], [107918163810, [-148035890]], [117650000000, [-7529600]], [128100283922, [0]], [139313807360, [-191102976]], [151334226288, [0]], [164206490176, [-64]], [177978499271, [-255531249]], [192699928576, [-4096]], [208424151650, [117650]], [225199600768, [-308869120]], [243087455520, [0]], [262144000000, [-16777216]], [282429005041, [-387419760]], [304006671360, [0]], [326940373369, [-1]], [351301017600, [-481894400]], [377149531250, [-24137570]], [404567235136, [64]], [433626201010, [-594822592]], [464404086784, [262144]], [496981290960, [0]], [531439953344, [-763012160]], [567874078850, [117650]], [606355005440, [0]], [646990182720, [-887503680]], [689869780992, [0]], [735091890624, [-47061506]], [782757789696, [-1073741824]], [832972004930, [0]], [885849910464, [0]], [941478378569, [-1290936529]], [999999995904, [-64000000]]]],[0, 2, 128, 1458, 8192, 31250, 93312, 235300, 524288, 1062880, 2000000, 3543122, 5971968, 9653618, 15059200, 22781248, 33554432, 48275140, 68024320, 94091762, 128000000, 171533700, 226759808, 296071780, 382205952, 488281248, 617831552, 774839520, 963788800, 1189646642, 1457999872, 1775007360, 2147483648, 2582935940, 3089608960, 3676562500, 4353556480, 5131452818, 6021872768, 7037487524, 8192000000, 9500208480, 10978156800, 12642726098, 14512627712, 16607498542, 18948593920, 21558430656, 24461180928, 27682809702, 31249999872, 35192577060, 39541219328, 44328722258, 49589729280, 55361281252, 61682483200, 68592894496, 76137385088, 84361067282, 93311991808, 103040748722, 113600471040, 125047832000, 137438953472, 150837781252, 165307900160, 180916764338, 197734973440, 215836327620, 235300000000, 256200567844, 278627614720, 302668452576, 328412980352, 355956998542, 385399857152, 416848303300, 450399201536, 486174911040, 524288000000, 564858010082, 608013342720, 653880746738, 702602035200, 754299062500, 809134470272, 867252402020, 928808173568, 993962581920, 1062879906688, 1135748157700, 1212710010880, 1293980365440, 1379739561984, 1470183781248, 1565515579392, 1665944009860, 1771699820928, 1882956757138, 1999999991808],16.7.f.E.a

16.f,3,7,100,4,[[[-95767/2, [230895/2]], [1, [0]], [1, [0]], [1, [-729]], [1, [0]], [1, [-15625]], [1, [-729]], [117650, [0]], [1, [0]], [-531440, [-729]], [1, [-15625]], [1, [1771561]], [1, [-729]], [1, [4826809]], [117650, [0]], [-11390624, [-16354]], [1, [0]], [24137570, [0]], [-531440, [-729]], [1, [-47045881]], [1, [-15625]], [117650, [-85766850]], [1, [1771561]], [148035890, [0]], [1, [-729]], [-244140624, [-15625]], [1, [4826809]], [-531440, [387419760]], [117650, [0]], [1, [594823321]], [-11390624, [-16354]], [-887503680, [0]], [1, [0]], [1291467970, [1770832]], [24137570, [0]], [117650, [-1838281250]], [-531440, [-729]], [1, [-2565726409]], [1, [-47045881]], [3518743762, [4826080]], [1, [-15625]], [-4750104240, [0]], [117650, [-85766850]], [1, [6321363049]], [1, [1771561]], [-11922065, [8303749271]], [148035890, [0]], [-10779215328, [0]], [1, [-729]], [13841404851, [0]], [-244140624, [-15625]], [24137570, [-17596288530]], [1, [4826809]], [1, [-22164361129]], [-531440, [387419760]], [27680640626, [1755936]], [117650, [0]], [-34296447248, [-47046610]], [1, [594823321]], [1, [42180533641]], [-11390624, [-16354]], [1, [51520374361]], [-887503680, [0]], [-62523916000, [-85766850]], [1, [0]], [75418890626, [4811184]], [1291467970, [1770832]], [1, [-90458382169]], [24137570, [0]], [148035890, [-107918163810]], [117650, [-1838281250]], [128100283922, [0]], [-531440, [-729]], [-151334226288, [0]], [1, [-2565726409]], [-255531249, [177978499271]], [1, [-47045881]], [117650, [208424151650]], [3518743762, [4826080]], [-243087455520, [0]], [1, [-15625]], [282429005041, [387419760]], [-4750104240, [0]], [1, [-326940373369]], [117650, [-85766850]], [24137570, [-377149531250]], [1, [6321363049]], [433626201010, [594822592]], [1, [1771561]], [-496981290960, [0]], [-11922065, [8303749271]], [117650, [567874078850]], [148035890, [0]], [-887503680, [646990182720]], [-10779215328, [0]], [-735091890624, [-47061506]], [1, [-729]], [832972004930, [0]], [13841404851, [0]], [1290936529, [-941478378569]], [-244140624, [-15625]]]],[-95767, 2, 2, 2, 2, 2, 2, 235300, 2, -1062880, 2, 2, 2, 2, 235300, -22781248, 2, 48275140, -1062880, 2, 2, 235300, 2, 296071780, 2, -488281248, 2, -1062880, 235300, 2, -22781248, -1775007360, 2, 2582935940, 48275140, 235300, -1062880, 2, 2, 7037487524, 2, -9500208480, 235300, 2, 2, -23844130, 296071780, -21558430656, 2, 27682809702, -488281248, 48275140, 2, 2, -1062880, 55361281252, 235300, -68592894496, 2, 2, -22781248, 2, -1775007360, -125047832000, 2, 150837781252, 2582935940, 2, 48275140, 296071780, 235300, 256200567844, -1062880, -302668452576, 2, -511062498, 2, 235300, 7037487524, -486174911040, 2, 564858010082, -9500208480, 2, 235300, 48275140, 2, 867252402020, 2, -993962581920, -23844130, 235300, 296071780, -1775007360, -21558430656, -1470183781248, 2, 1665944009860, 27682809702, 2581873058, -488281248],16.7.f.E.b

17.e,3,7,100,16,[[[0, [0, 0, 0, 0, 0, 0, 0]], [1, [0, 0, 0, 0, 0, 0, 0]], [64, [0, 0, 0, 0, 0, -1, 0]], [729, [1, 0, 0, 0, 0, 0, 0]], [4096, [0, 0, 0, -1, 0, -64, 0]], [15625, [0, 0, 0, 0, 1, 0, 0]], [46656, [64, 0, 0, 0, 0, -729, -1]], [117649, [0, 0, -1, 0, 0, 0, 0]], [262144, [0, -1, 0, -64, 0, -4096, 0]], [531441, [729, 1, 0, 0, 0, 0, 0]], [1000000, [0, 0, 1, 0, 64, -15625, 0]], [1771561, [0, 0, 0, 0, 0, 0, 1]], [2985984, [4096, 0, 0, -729, -1, -46656, -64]], [4826809, [0, 0, 0, 1, 0, 0, 0]], [7529536, [-1, 0, -64, 0, 0, -117649, 0]], [11390625, [15625, 0, 0, 0, 729, 1, 0]], [16777215, [0, -64, 0, -4096, 0, -262144, 0]], [24137569, [0, 0, 0, 0, 0, 0, 0]], [34012225, [46656, 64, 0, 0, 0, -531441, -729]], [47045881, [0, 0, 0, 0, 0, -1, 0]], [64000000, [1, 0, 64, -15625, 4096, -1000000, 0]], [85766121, [117649, 0, -729, -1, 0, 0, 0]], [113379904, [0, 0, 0, 0, 1, -1771561, 64]], [148035889, [0, 0, 0, 0, 0, 0, -1]], [191102976, [262144, -729, -1, -46656, -64, -2985984, -4096]], [244140625, [0, -1, 0, 0, 15625, 0, 0]], [308915776, [0, 1, 0, 64, 0, -4826809, 0]], [387420489, [531441, 729, 1, 0, 0, 0, 0]], [481890304, [-64, 0, -4096, -117649, 0, -7529536, 1]], [594823321, [0, 0, 0, 0, -1, 0, 0]], [729000000, [1000000, 0, 729, 1, 46656, -11390561, -15625]], [887503681, [-1, 0, 0, 0, 0, 0, 0]], [1073741760, [0, -4096, 0, -262144, 0, -16777215, 0]], [1291467968, [1771561, 0, 0, 0, 0, 0, 729]], [1544804416, [0, 0, 0, 0, 0, -24137569, 0]], [1838265626, [0, 0, -15625, 0, 117649, 0, 0]], [2176782400, [2985984, 4096, 0, -531441, -729, -34012225, -46656]], [2565726409, [1, 0, 0, 0, 0, 0, 0]], [3010936384, [0, 0, 0, -1, 0, -47045945, 0]], [3518743761, [4826809, 0, 0, 729, 1, 0, 0]], [4096000000, [64, -15625, 4096, -1000000, 262144, -64000000, -1]], [4750104241, [0, 0, -1, 0, 0, 0, 0]], [5489031744, [7528807, -1, -46656, -64, 0, -85766121, -117649]], [6321363049, [0, 1, 0, 0, 0, 0, 0]], [7256313856, [0, 0, 1, -1771561, 64, -113379904, 4096]], [8303765625, [11390625, 15625, 0, 0, 531441, 729, 1]], [9474296896, [0, 0, 0, 0, -1, -148035889, -64]], [10779215329, [0, 0, 0, 1, 0, 0, 0]], [12230589735, [16777215, -46656, -64, -2985984, -4096, -191102976, -262144]], [13841287201, [0, 0, -117649, 0, 0, 1, 0]], [15624999999, [0, -64, 15625, 0, 1000000, -244140625, 0]], [17596287801, [24137569, 0, 0, 0, 0, 0, 0]], [19770609665, [0, 64, 0, -4822713, 0, -308915776, 0]], [22164361129, [0, 0, 0, 0, 0, -1, 0]], [24794912025, [34012225, 46656, 64, 0, 0, -387420489, -531441]], [27680640625, [0, 0, 0, -1, 1771561, 0, 15625]], [30840979456, [-4096, -117649, -262144, -7529536, 1, -481890304, 64]], [34296447249, [47045881, 0, 0, 0, 0, -729, -1]], [38068692544, [0, 0, -1, 0, -64, -594823321, 0]], [42180533641, [0, -1, 0, 0, 0, 0, 0]], [46656000000, [64000729, 1, 46656, -11390561, 2970359, -728995904, -1000000]], [51520374361, [0, 0, 1, 0, 0, 0, 0]], [56800235584, [-64, 0, 0, 0, 0, -887503681, 1]], [62523502209, [85766121, 117649, -531441, -729, -1, 0, 0]], [68719472640, [0, -262144, 0, -16777215, 0, -1073741760, 0]], [75418890625, [-1, 0, 0, 15625, 4826809, 0, 0]], [82653949952, [113379904, 0, 0, 0, 729, -1291467968, -1724905]], [90458382168, [0, 0, 0, 0, 0, 0, 0]], [98867482624, [0, 0, 0, -24137569, 0, -1544804416, 0]], [107918163082, [148035889, 0, 0, 0, 0, 0, -729]], [117649000064, [-15625, 0, -882351, 0, 7529536, -1838265626, 0]], [128100283921, [1, 0, 0, 0, 0, 0, 0]], [139314073600, [191102976, -269297, -729, -34012225, -46656, -2176782400, -2985984]], [151334226289, [0, 0, 0, 0, 1, 0, 0]], [164206490176, [64, 0, 0, 0, 0, -2565726409, -1]], [177978515625, [244140625, -729, -1, 0, 11390625, 15625, 0]], [192699928576, [0, -1, 0, -47045945, 0, -3010940480, 0]], [208422380089, [0, 1, -1771561, 0, 0, 0, 117649]], [225199600704, [308915776, 729, 1, 46656, 64, -3518743761, -4826809]], [243087455521, [0, 0, 0, 0, 0, 0, 1]], [262143984375, [4096, -1000000, 262144, -64000000, 16777215, -4096000000, -64]], [282429536481, [387420489, 531441, 729, 1, 0, 0, 0]], [304006671424, [-1, 0, -64, 0, 0, -4750104241, 0]], [326940373369, [0, 0, 0, 0, 0, 1, 0]], [351298031615, [481843648, -64, -2985984, -85770217, -117649, -5489031744, -7528807]], [377149515625, [0, 0, 0, 0, 24137569, 0, 0]], [404567235137, [0, 64, 0, 0, 0, -6321363049, 0]], [433626201009, [594823321, 0, 0, 0, -729, -1, 0]], [464404086784, [1, -1771561, 64, -113379904, 4096, -7256313856, 262144]], [496981290961, [0, 0, 0, -1, 0, 0, 0]], [531441015625, [729000000, 1000000, 531441, 729, 34012225, -8303718969, -11390561]], [567869252041, [0, 0, -4826809, 117649, 0, 0, -1]], [606355001344, [0, 0, -1, -148035889, -64, -9474296896, -4096]], [646990183449, [887502952, -1, 0, 0, 0, 0, 0]], [689869781056, [0, 1, 0, 64, 0, -10779215329, 0]], [735091890625, [0, 0, 1, 0, 47045881, -15625, 0]], [782757743040, [1073741760, -2985984, -4096, -191102976, -262144, -12230589735, -16777215]], [832972004929, [0, 0, 0, 0, -1, 0, 0]], [885842380864, [-117649, 0, -7529536, 1, 0, -13841287137, 0]], [941480148672, [1291467968, 1771561, 0, 0, 0, 0, 531441]], [999999999936, [15625, -4096, 1000000, -244140625, 64000000, -15624999999, 0]]]],[0, 8, 512, 5832, 32768, 125000, 373248, 941192, 2097152, 4251528, 8000000, 14172488, 23887872, 38614472, 60236288, 91125000, 134217720, 193100552, 272097800, 376367048, 512000000, 686128968, 907039232, 1184287112, 1528823808, 1953125000, 2471326208, 3099363912, 3855122432, 4758586568, 5832000000, 7100029448, 8589934080, 10331743744, 12358435328, 14706125008, 17414259200, 20525811272, 24087491072, 28149950088, 32768000000, 38000833928, 43912253952, 50570904392, 58050510848, 66430125000, 75794375168, 86233722632, 97844717880, 110730297608, 124999999992, 140770302408, 158164877320, 177314889032, 198359296200, 221445125000, 246727835648, 274371577992, 304549540352, 337444269128, 373248000000, 412162994888, 454401884672, 500188017672, 549755781120, 603351125000, 661231599616, 723667057344, 790939860992, 863345304656, 941192000512, 1024802271368, 1114512588800, 1210673810312, 1313651921408, 1423828125000, 1541599428608, 1667379040712, 1801596805632, 1944699644168, 2097151875000, 2259436291848, 2432053371392, 2615522986952, 2810384252920, 3017196125000, 3236537881096, 3469009608072, 3715232694272, 3975850327688, 4251528125000, 4542954016328, 4850840010752, 5175921467592, 5518958248448, 5880735125000, 6262061944320, 6663776039432, 7086739046912, 7531841189376, 7999999999488],17.7.e.E.a

17.e,3,7,100,16,[[[-560920/17, [-1377497/17, 276852/17, 794555/17, 1523418/17, -1463410/17, 1042145/17, 1208515/17]], [1, [0, 0, 0, 0, 0, 0, 0]], [1, [0, 0, 0, 0, 0, -64, 0]], [1, [729, 0, 0, 0, 0, 0, 0]], [1, [0, 0, 0, -4096, 0, -64, 0]], [1, [0, 0, 0, 0, 15625, 0, 0]], [1, [729, 0, 0, 0, 0, -64, -46656]], [1, [0, 0, -117649, 0, 0, 0, 0]], [1, [0, -262144, 0, -4096, 0, -64, 0]], [1, [729, 531441, 0, 0, 0, 0, 0]], [1, [0, 0, 1000000, 0, 15625, -64, 0]], [1, [0, 0, 0, 0, 0, 0, 1771561]], [1, [729, 0, 0, -4096, -2985984, -64, -46656]], [1, [0, 0, 0, 4826809, 0, 0, 0]], [1, [-7529536, 0, -117649, 0, 0, -64, 0]], [1, [729, 0, 0, 0, 15625, 11390625, 0]], [-16777215, [0, -262144, 0, -4096, 0, -64, 0]], [1, [0, 0, 0, 0, 0, 0, 0]], [34012225, [729, 531441, 0, 0, 0, -64, -46656]], [1, [0, 0, 0, 0, 0, -47045881, 0]], [1, [64000000, 0, 1000000, -4096, 15625, -64, 0]], [1, [729, 0, -117649, -85766121, 0, 0, 0]], [1, [0, 0, 0, 0, 113379904, -64, 1771561]], [1, [0, 0, 0, 0, 0, 0, -148035889]], [1, [729, -262144, -191102976, -4096, -2985984, -64, -46656]], [1, [0, -244140625, 0, 0, 15625, 0, 0]], [1, [0, 308915776, 0, 4826809, 0, -64, 0]], [1, [729, 531441, 387420489, 0, 0, 0, 0]], [1, [-7529536, 0, -117649, -4096, 0, -64, 481890304]], [1, [0, 0, 0, 0, -594823321, 0, 0]], [1, [729, 0, 1000000, 729000000, 15625, 11390561, -46656]], [1, [-887503681, 0, 0, 0, 0, 0, 0]], [-16777215, [0, -262144, 0, -4096, 0, 1073741760, 0]], [-1291467968, [729, 0, 0, 0, 0, 0, 1771561]], [1, [0, 0, 0, 0, 0, -64, 0]], [1838265626, [0, 0, -117649, 0, 15625, 0, 0]], [34012225, [729, 531441, 0, -4096, -2985984, -2176782400, -46656]], [1, [2565726409, 0, 0, 0, 0, 0, 0]], [1, [0, 0, 0, -3010936384, 0, -47045945, 0]], [1, [729, 0, 0, 4826809, 3518743761, 0, 0]], [1, [64000000, -262144, 1000000, -4096, 15625, -64, -4096000000]], [1, [0, 0, -4750104241, 0, 0, 0, 0]], [1, [-7528807, -5489031744, -117649, -85766121, 0, -64, -46656]], [1, [0, 6321363049, 0, 0, 0, 0, 0]], [1, [0, 0, 7256313856, -4096, 113379904, -64, 1771561]], [1, [729, 531441, 0, 0, 15625, 11390625, 8303765625]], [1, [0, 0, 0, 0, -9474296896, -64, -148035889]], [1, [0, 0, 0, 10779215329, 0, 0, 0]], [-16777215, [-12230589735, -262144, -191102976, -4096, -2985984, -64, -46656]], [1, [0, 0, -117649, 0, 0, 13841287201, 0]], [-15624999999, [0, -244140625, 1000000, 0, 15625, -64, 0]], [1, [729, 0, 0, 0, 0, 0, 0]], [19770609665, [0, 308915776, 0, 4822713, 0, -64, 0]], [1, [0, 0, 0, 0, 0, -22164361129, 0]], [34012225, [24794912025, 531441, 387420489, 0, 0, -64, -46656]], [1, [0, 0, 0, -27680640625, 15625, 0, 1771561]], [1, [-7529536, -262144, -117649, -4096, 30840979456, -64, 481890304]], [1, [729, 0, 0, 0, 0, -47045881, -34296447249]], [1, [0, 0, -38068692544, 0, -594823321, -64, 0]], [1, [0, -42180533641, 0, 0, 0, 0, 0]], [1, [64000729, 46656000000, 1000000, 728995904, -2970359, 11390561, -46656]], [1, [0, 0, 51520374361, 0, 0, 0, 0]], [1, [-887503681, 0, 0, 0, 0, -64, 56800235584]], [1, [729, 531441, -117649, -85766121, -62523502209, 0, 0]], [-16777215, [0, -262144, 0, 68719472640, 0, 1073741760, 0]], [1, [-75418890625, 0, 0, 4826809, 15625, 0, 0]], [-1291467968, [729, 0, 0, 0, 113379904, 82653949952, 1724905]], [-90458382168, [0, 0, 0, 0, 0, 0, 0]], [1, [0, 0, 0, -4096, 0, -64, 0]], [107918163082, [729, 0, 0, 0, 0, 0, -148035889]], [1838265626, [-7529536, 0, 882351, 0, 15625, -117649000064, 0]], [1, [128100283921, 0, 0, 0, 0, 0, 0]], [34012225, [729, 269297, -191102976, -139314073600, -2985984, -2176782400, -46656]], [1, [0, 0, 0, 0, 151334226289, 0, 0]], [1, [2565726409, 0, 0, 0, 0, -64, -164206490176]], [1, [729, -244140625, -177978515625, 0, 15625, 11390625, 0]], [1, [0, -192699928576, 0, -3010940480, 0, -47045945, 0]], [1, [0, 208422380089, -117649, 0, 0, 0, 1771561]], [1, [729, 308915776, 225199600704, 4826809, 3518743761, -64, -46656]], [1, [0, 0, 0, 0, 0, 0, 243087455521]], [-16777215, [64000000, -262144, 1000000, -4096, -262143984375, -64, -4096000000]], [1, [729, 531441, 387420489, 282429536481, 0, 0, 0]], [1, [-304006671424, 0, -4750104241, 0, 0, -64, 0]], [1, [0, 0, 0, 0, 0, 326940373369, 0]], [-351298031615, [-7528807, -5489031744, -117649, -85770217, -2985984, -64, 481843648]], [1, [0, 0, 0, 0, 15625, 0, 0]], [404567235137, [0, 6321363049, 0, 0, 0, -64, 0]], [1, [729, 0, 0, 0, -594823321, -433626201009, 0]], [1, [464404086784, -262144, 7256313856, -4096, 113379904, -64, 1771561]], [1, [0, 0, 0, -496981290961, 0, 0, 0]], [34012225, [729, 531441, 1000000, 729000000, 531441015625, 11390561, 8303718969]], [1, [0, 0, -117649, 4826809, 0, 0, -567869252041]], [1, [0, 0, -606355001344, -4096, -9474296896, -64, -148035889]], [1, [-887502952, -646990183449, 0, 0, 0, 0, 0]], [1, [0, 689869781056, 0, 10779215329, 0, -64, 0]], [1, [0, 0, 735091890625, 0, 15625, -47045881, 0]], [-16777215, [-12230589735, -262144, -191102976, -4096, -2985984, 1073741760, 782757743040]], [1, [0, 0, 0, 0, -832972004929, 0, 0]], [1, [-7529536, 0, -117649, 885842380864, 0, 13841287137, 0]], [-1291467968, [-941480148672, 531441, 0, 0, 0, 0, 1771561]], [-15624999999, [64000000, -244140625, 1000000, -4096, 15625, 999999999936, 0]]]],[-4487360/17, 8, 8, 8, 8, 8, 8, 8, 8, 8, 8, 8, 8, 8, 8, 8, -134217720, 8, 272097800, 8, 8, 8, 8, 8, 8, 8, 8, 8, 8, 8, 8, 8, -134217720, -10331743744, 8, 14706125008, 272097800, 8, 8, 8, 8, 8, 8, 8, 8, 8, 8, 8, -134217720, 8, -124999999992, 8, 158164877320, 8, 272097800, 8, 8, 8, 8, 8, 8, 8, 8, 8, -134217720, 8, -10331743744, -723667057344, 8, 863345304656, 14706125008, 8, 272097800, 8, 8, 8, 8, 8, 8, 8, -134217720, 8, 8, 8, -2810384252920, 8, 3236537881096, 8, 8, 8, 272097800, 8, 8, 8, 8, 8, -134217720, 8, 8, -10331743744, -124999999992],17.7.e.E.b

19.b,18,7,100,1,[[[0, []], [1, []], [63, []], [728, []], [4033, []], [15626, []], [45864, []], [117650, []], [258111, []], [530713, []], [984438, []], [1771562, []], [2936024, []], [4826808, []], [7411950, []], [11375728, []], [16519105, []], [24137570, []], [33434919, []], [47045881, []], [63019658, []], [85649200, []], [111608406, []], [148035890, []], [187904808, []], [244156251, []], [304088904, []], [386889776, []], [474482450, []], [594823320, []], [716670864, []], [887503680, []], [1057222719, []], [1289697136, []], [1520666910, []], [1838398900, []], [2140365529, []], [2565726408, []], [2963890503, []], [3513916224, []], [4033242486, []], [4750104240, []], [5395899600, []], [6321363050, []], [7144709546, []], [8292921338, []], [9326261070, []], [10779215330, []], [12025908440, []], [13841404851, []], [15381843813, []], [17572150960, []], [19466516664, []], [22164361128, []], [24374055888, []], [27682427812, []], [30366759150, []], [34249401368, []], [37473869160, []], [42180533640, []], [45878311024, []], [51520374362, []], [55912731840, []], [62438384450, []], [67662254017, []], [75423701808, []], [81250919568, []], [90458382168, []], [97346819810, []], [107770127920, []], [115819130700, []], [128100283920, []], [136982863143, []], [151334226290, []], [161640763704, []], [177745750728, []], [189736038073, []], [208424269300, []], [221376722112, []], [243087455520, []], [258127534730, []], [282042646705, []], [299256567120, []], [326940373370, []], [345423223600, []], [377173668820, []], [398245872150, []], [433031376960, []], [457259639382, []], [496981290960, []], [522454044294, []], [567873961200, []], [597028744370, []], [646102679040, []], [679090565790, []], [735138936506, []], [769658139432, []], [832972004928, []], [872008505613, []], [940190983706, []], [984682160283, []]]],[0, 1, 63, 728, 4033, 15626, 45864, 117650, 258111, 530713, 984438, 1771562, 2936024, 4826808, 7411950, 11375728, 16519105, 24137570, 33434919, 47045881, 63019658, 85649200, 111608406, 148035890, 187904808, 244156251, 304088904, 386889776, 474482450, 594823320, 716670864, 887503680, 1057222719, 1289697136, 1520666910, 1838398900, 2140365529, 2565726408, 2963890503, 3513916224, 4033242486, 4750104240, 5395899600, 6321363050, 7144709546, 8292921338, 9326261070, 10779215330, 12025908440, 13841404851, 15381843813, 17572150960, 19466516664, 22164361128, 24374055888, 27682427812, 30366759150, 34249401368, 37473869160, 42180533640, 45878311024, 51520374362, 55912731840, 62438384450, 67662254017, 75423701808, 81250919568, 90458382168, 97346819810, 107770127920, 115819130700, 128100283920, 136982863143, 151334226290, 161640763704, 177745750728, 189736038073, 208424269300, 221376722112, 243087455520, 258127534730, 282042646705, 299256567120, 326940373370, 345423223600, 377173668820, 398245872150, 433031376960, 457259639382, 496981290960, 522454044294, 567873961200, 597028744370, 646102679040, 679090565790, 735138936506, 769658139432, 832972004928, 872008505613, 940190983706, 984682160283],19.7.b.E.a

19.b,18,7,100,1,[[[-378791, []], [1, []], [-63, []], [-728, []], [4033, []], [15626, []], [45864, []], [117650, []], [-258111, []], [530713, []], [-984438, []], [1771562, []], [-2936024, []], [-4826808, []], [-7411950, []], [-11375728, []], [16519105, []], [24137570, []], [-33434919, []], [1, []], [63019658, []], [-85649200, []], [-111608406, []], [148035890, []], [187904808, []], [244156251, []], [304088904, []], [-386889776, []], [474482450, []], [-594823320, []], [716670864, []], [-887503680, []], [-1057222719, []], [-1289697136, []], [-1520666910, []], [1838398900, []], [2140365529, []], [-2565726408, []], [-63, []], [3513916224, []], [-4033242486, []], [-4750104240, []], [5395899600, []], [6321363050, []], [7144709546, []], [8292921338, []], [-9326261070, []], [10779215330, []], [-12025908440, []], [13841404851, []], [-15381843813, []], [-17572150960, []], [-19466516664, []], [-22164361128, []], [24374055888, []], [27682427812, []], [-30366759150, []], [-728, []], [37473869160, []], [-42180533640, []], [-45878311024, []], [51520374362, []], [55912731840, []], [62438384450, []], [67662254017, []], [-75423701808, []], [81250919568, []], [-90458382168, []], [97346819810, []], [-107770127920, []], [-115819130700, []], [-128100283920, []], [-136982863143, []], [151334226290, []], [161640763704, []], [-177745750728, []], [4033, []], [208424269300, []], [-221376722112, []], [-243087455520, []], [258127534730, []], [282042646705, []], [299256567120, []], [326940373370, []], [-345423223600, []], [377173668820, []], [-398245872150, []], [433031376960, []], [-457259639382, []], [-496981290960, []], [-522454044294, []], [-567873961200, []], [597028744370, []], [646102679040, []], [-679090565790, []], [15626, []], [769658139432, []], [-832972004928, []], [-872008505613, []], [940190983706, []], [984682160283, []]]],[-378791, 1, -63, -728, 4033, 15626, 45864, 117650, -258111, 530713, -984438, 1771562, -2936024, -4826808, -7411950, -11375728, 16519105, 24137570, -33434919, 1, 63019658, -85649200, -111608406, 148035890, 187904808, 244156251, 304088904, -386889776, 474482450, -594823320, 716670864, -887503680, -1057222719, -1289697136, -1520666910, 1838398900, 2140365529, -2565726408, -63, 3513916224, -4033242486, -4750104240, 5395899600, 6321363050, 7144709546, 8292921338, -9326261070, 10779215330, -12025908440, 13841404851, -15381843813, -17572150960, -19466516664, -22164361128, 24374055888, 27682427812, -30366759150, -728, 37473869160, -42180533640, -45878311024, 51520374362, 55912731840, 62438384450, 67662254017, -75423701808, 81250919568, -90458382168, 97346819810, -107770127920, -115819130700, -128100283920, -136982863143, 151334226290, 161640763704, -177745750728, 4033, 208424269300, -221376722112, -243087455520, 258127534730, 282042646705, 299256567120, 326940373370, -345423223600, 377173668820, -398245872150, 433031376960, -457259639382, -496981290960, -522454044294, -567873961200, 597028744370, 646102679040, -679090565790, 15626, 769658139432, -832972004928, -872008505613, 940190983706, 984682160283],19.7.b.E.b

19.d,8,7,100,3,[[[0, [0]], [1, [0]], [64, [1]], [729, [1]], [4095, [65]], [15625, [-1]], [46655, [794]], [117650, [0]], [262079, [4160]], [531440, [730]], [1000001, [15560]], [1771562, [0]], [2985190, [51545]], [4826810, [-1]], [7529600, [117650]], [11390626, [14895]], [16773056, [266239]], [24137569, [-1]], [34011430, [578890]], [47045881, [0]], [63984440, [1011465]], [85766850, [117650]], [113379968, [1771562]], [148035888, [1]], [191051431, [3298879]], [244140624, [-15624]], [308915841, [4826745]], [387419759, [532170]], [481776750, [7647250]], [594823322, [-1]], [728985169, [12358801]], [887503680, [0]], [1073475585, [17039295]], [1291468698, [1771562]], [1544804417, [24137504]], [1838281250, [-117650]], [2176199350, [37580400]], [2565726408, [0]], [3010936384, [47045881]], [3518744491, [4826080]], [4094988535, [64733761]], [4750104241, [1]], [5488960750, [93414100]], [6321363049, [-1]], [7254546390, [115151530]], [8303750730, [10874080]], [9474296831, [148035953]], [10779215328, [1]], [12227291585, [211127526]], [13841404851, [0]], [15625015560, [243125064]], [17596287802, [24136839]], [19765787015, [313738490]], [22164361130, [-1]], [24794332406, [422010809]], [27680656250, [-1771562]], [30833594350, [489424000]], [34296447249, [47045881]], [38068692609, [594823257]], [42180533641, [1]], [46643645295, [802353890]], [51520374360, [1]], [56800235520, [887503680]], [62523916000, [85884500]], [68702437441, [1090514880]], [75418906249, [-4842434]], [82652225110, [1406620228]], [90458382170, [-1]], [98843345120, [1568937825]], [107918162351, [148036618]], [117650117650, [1830634000]], [128100283921, [1]], [139276226960, [2405144870]], [151334226289, [-1]], [164206490112, [2565726408]], [177978530520, [232735104]], [192652882695, [3057982265]], [208424269300, [0]], [225194821344, [3832439691]], [243087455521, [1]], [262079266239, [4142945080]], [282429004311, [387951929]], [304006671423, [4750104306]], [326940373370, [0]], [351207603500, [6064269250]], [377149515624, [-24153193]], [404567235137, [6321362984]], [433626201739, [594822592]], [464289197398, [7369697920]], [496981290962, [-1]], [531429172640, [9010565930]], [567874196500, [-117650]], [606206961295, [9622336880]], [646990182720, [887503680]], [689869780991, [10779215393]], [735091890625, [-47045881]], [782546662170, [13512160935]], [832972004929, [1]], [885849910464, [13841404851]], [941478909280, [1293240260]], [999756870840, [15804144720]]]],[0, 2, 129, 1459, 8255, 31249, 94104, 235300, 528318, 1063610, 2015562, 3543124, 6021925, 9653619, 15176850, 22796147, 33812351, 48275137, 68601750, 94091762, 128980345, 171651350, 228531498, 296071777, 385401741, 488265624, 622658427, 775371688, 971200750, 1189646643, 1470329139, 1775007360, 2163990465, 2584708958, 3113746338, 3676444850, 4389979100, 5131452816, 6068918649, 7042315062, 8254710831, 9500208483, 11071335600, 12642726097, 14624244310, 16618375540, 19096629615, 21558430657, 24665710696, 27682809702, 31493156184, 35216712443, 39845312520, 44328722259, 50010675621, 55359540938, 62156612700, 68639940379, 76732208475, 84361067283, 94089644480, 103040748721, 114487974720, 125133716500, 138495389762, 150832970064, 166711070448, 180916764339, 199255628065, 215984361320, 237130869300, 256200567843, 280957598790, 302668452577, 330978706632, 356189796144, 388363747655, 416848538600, 454222082379, 486174911043, 528301477558, 565245960551, 612763447152, 653880746740, 708479476250, 754274878055, 815455833258, 867847226070, 935948092716, 993962581923, 1071868911210, 1135748275350, 1222036259470, 1294867869120, 1390518777375, 1470136735369, 1578605485275, 1665944009859, 1785541225779, 1884251058820, 2015317886400],19.7.d.E.a

19.d,8,7,100,3,[[[255241, [-441000]], [1, [0]], [1, [64]], [1, [729]], [-4095, [4160]], [1, [-15625]], [-46655, [47449]], [117650, [0]], [-266239, [4160]], [-531440, [532170]], [1000001, [-1015561]], [1771562, [0]], [-3036735, [51545]], [4826810, [-4826809]], [117650, [7529600]], [11390626, [-11405521]], [-266239, [-16773056]], [1, [-24137569]], [-34590320, [578890]], [1, [0]], [64995905, [-1011465]], [117650, [85766850]], [1771562, [113379968]], [-148035888, [148035889]], [-3298879, [-191051431]], [-244140624, [244125000]], [313742586, [-4826745]], [-387951929, [532170]], [-481776750, [489424000]], [594823322, [-594823321]], [741343970, [-12358801]], [-887503680, [0]], [1073475585, [-1090514880]], [1771562, [1291468698]], [1544804417, [-1568941921]], [117650, [-1838281250]], [-37580400, [-2176199350]], [-2565726408, [0]], [1, [64]], [3523570571, [-4826080]], [64733761, [4094988535]], [1, [4750104241]], [-5488960750, [5582374850]], [1, [-6321363049]], [-7254546390, [7369697920]], [8314624810, [-10874080]], [-9622332784, [148035953]], [-10779215328, [10779215329]], [12227291585, [-12438419111]], [13841404851, [0]], [-15868140624, [243125064]], [17596287802, [-17620424641]], [313738490, [19765787015]], [22164361130, [-22164361129]], [-422010809, [-24794332406]], [1771562, [-27680656250]], [-31323018350, [489424000]], [1, [729]], [38663515866, [-594823257]], [1, [42180533641]], [802353890, [46643645295]], [-51520374360, [51520374361]], [-887503680, [-56800235520]], [-62523916000, [62609800500]], [69792952321, [-1090514880]], [-75414063815, [-4842434]], [-82652225110, [84058845338]], [90458382170, [-90458382169]], [100412282945, [-1568937825]], [-108066198969, [148036618]], [117650117650, [-119480751650]], [1, [128100283921]], [139276226960, [-141681371830]], [1, [-151334226289]], [-2565726408, [-164206490112]], [-178211265624, [232735104]], [-4095, [4160]], [208424269300, [0]], [3832439691, [225194821344]], [1, [243087455521]], [-262079266239, [266222211319]], [-387951929, [-282429004311]], [-304006671423, [308756775729]], [326940373370, [0]], [-357271872750, [6064269250]], [-377149515624, [377125362431]], [404567235137, [-410888598121]], [434221024331, [-594822592]], [-471658895318, [7369697920]], [496981290962, [-496981290961]], [9010565930, [531429172640]], [567874196500, [-567874078850]], [-9622336880, [-606206961295]], [-887503680, [-646990182720]], [-700648996384, [10779215393]], [1, [-15625]], [796058823105, [-13512160935]], [1, [832972004929]], [13841404851, [885849910464]], [-941478909280, [942772149540]], [-15804144720, [-999756870840]]]],[69482, 2, 66, 731, -4030, -15623, -45861, 235300, -528318, -530710, 984441, 3543124, -6021925, 4826811, 7764900, 11375731, -17305534, -24137567, -68601750, 2, 128980345, 86002150, 116923092, -148035887, -197649189, -244156248, 622658427, -775371688, -474129500, 594823323, 1470329139, -1775007360, 1056436290, 1295011822, 1520666913, -1838045950, -2251360150, -5131452816, 66, 7042315062, 4224456057, 4750104243, -5395546650, -6321363047, -7139394860, 16618375540, -19096629615, -10779215327, 12016164059, 27682809702, -31493156184, 17572150963, 20393263995, 22164361131, -25638354024, -27677113126, -62156612700, 731, 76732208475, 42180533643, 48248353075, -51520374359, -58575242880, -62438031500, 138495389762, -150832970064, -81245604882, 90458382171, 199255628065, -215984361320, 115819483650, 128100283923, 136871082090, -151334226287, -169337942928, -356189796144, -4030, 416848538600, 232859700726, 243087455523, -257936321159, -283204908169, -299256567117, 653880746740, -708479476250, -377173668817, 398245872153, 867847226070, -935948092716, 496981290963, 549450304500, 567874314150, -625451635055, -648765190080, -1390518777375, -15623, 1578605485275, 832972004931, 913532720166, -940185669020, -1031365160280],19.7.d.E.b

19.f,2,7,100,9,[[[0, [0, 0, 0, 0, 0]], [1, [0, 0, 0, 0, 0]], [64, [1, 0, 0, 0, 0]], [729, [0, 0, 0, -1, 0]], [4096, [64, 1, 0, 0, 0]], [15625, [1, 0, 0, -1, 0]], [46656, [729, 0, 0, -64, -1]], [117648, [0, 0, 1, 0, 0]], [262144, [4096, 64, 1, 0, 0]], [531441, [0, -1, 0, -729, 1]], [1000000, [15689, 1, 0, -64, -1]], [1771561, [0, 0, -1, 0, 0]], [2985985, [46656, 729, -1, -4096, -64]], [4826809, [0, 0, 0, 0, 1]], [7529472, [117648, 0, 64, 1, 0]], [11390625, [729, -1, 0, -16354, 0]], [16777216, [262144, 4096, 64, 1, 0]], [24137569, [-1, 0, 0, 0, 0]], [34012223, [531441, -64, 0, -46656, -665]], [47045881, [0, 0, 0, 0, 0]], [64000001, [1004096, 15689, 0, -4096, -64]], [85765392, [1, 0, 729, -117649, 0]], [113379904, [1771561, 0, -64, -1, 0]], [148035889, [0, 1, 0, 0, 0]], [191103040, [2985985, 46656, 665, -262145, -4096]], [244140625, [15625, 0, 0, -15625, -1]], [308915775, [4826809, 0, 1, 0, 64]], [387420489, [0, -729, 1, -531441, 729]], [481886208, [7529472, 117648, 4096, 64, 1]], [594823321, [0, 1, 0, 0, -1]], [729000000, [11437281, 665, -1, -1046656, -16354]], [887503682, [0, 0, -1, 0, 0]], [1073741824, [16777216, 262144, 4096, 64, 1]], [1291467969, [-1, 0, -729, -1771560, 0]], [1544804416, [24137505, -1, 0, 0, 0]], [1838250000, [117649, 0, 15625, -117648, 0]], [2176783001, [34012223, 527345, -729, -2985984, -42560]], [2565726408, [0, 0, 0, 0, 0]], [3010936384, [47045881, 0, 0, 0, 0]], [3518743762, [0, 0, 0, -4826809, 729]], [4096000064, [64262145, 1004096, 15625, -262144, -4096]], [4750104241, [0, 0, 0, -1, 0]], [5488985088, [85765456, 1, 46656, -7528807, -117649]], [6321363049, [1, 0, 0, -1, 0]], [7256313856, [113379904, 1771561, -4096, -64, -1]], [8303765624, [531441, -16354, 1, -11922066, 15625]], [9474296896, [148035889, 64, 1, 0, 0]], [10779215329, [0, -1, 0, 0, 1]], [12230594560, [191103040, 2985985, 42560, -16776551, -262145]], [13841169552, [0, 0, 117648, 0, 0]], [15625000001, [245140625, 15625, -1, -1000000, -15689]], [17596287801, [-729, 0, 0, -24137569, 1]], [19770609600, [308915775, 4826809, 64, 1, 4096]], [22164361129, [0, -1, 0, 0, 0]], [24794910567, [387420489, -46656, 64, -34012223, -484785]], [27680640625, [1771560, 0, -15625, -1771561, 0]], [30840717311, [481886208, 7529472, 379793, 4096, 64]], [34296447249, [0, 0, 0, -47045881, 0]], [38068692545, [594823321, 64, 0, 0, -64]], [42180533641, [1, 0, 0, 0, 0]], [46656016354, [731985984, 11433185, -15689, -66985985, -1046656]], [51520374361, [0, 1, 0, 0, 0]], [56800235648, [887503682, 0, -64, -1, 0]], [62522970768, [729, -117649, 531441, -85766121, 117648]], [68719476735, [1073741824, 16777216, 262145, 4096, 64]], [75418890625, [4826809, 0, 1, -4826809, 15625]], [82653950016, [1291467905, -1, -46656, -113380569, -1771560]], [90458382169, [0, 1, 0, 0, -1]], [98867482624, [1544800320, 24137505, -1, 0, 0]], [107918163082, [0, 729, -1, -148035889, 0]], [117648000000, [1845779536, 117649, 1000000, -7513847, -117648]], [128100283921, [-1, 0, 0, 1, 0]], [139314112064, [2176783001, 33750079, 484785, -191103705, -2723840]], [151334226289, [0, 0, 0, 1, 0]], [164206490112, [2565726408, 0, 0, 0, 0]], [177978515624, [11390625, -15625, 0, -255531250, -729]], [192699928576, [3010936384, 47045881, 0, 0, 0]], [208420608529, [0, 0, 1653912, 0, 0]], [225199600039, [3518743762, 0, 729, -308915776, -4780153]], [243087455521, [0, 0, 0, -1, 0]], [262144004096, [4112777280, 64262145, 1000000, -16761591, -262144]], [282429536481, [1, -531441, 729, -387420490, 531441]], [304006671424, [4750104241, 0, 0, -64, -1]], [326940373368, [0, 0, 1, 0, 0]], [351295163281, [5488989184, 85765456, 2868336, -481843648, -7528807]], [377149515625, [24121944, -1, 0, -24137569, 1]], [404567235136, [6321363113, 1, 0, -64, -1]], [433626201009, [0, 729, -1, -594823321, -729]], [464404086785, [7256313856, 113379904, 1509416, -4096, -64]], [496981290961, [0, 0, 0, 0, 1]], [531440984311, [8337777848, -515215, -665, -763012223, -10922066]], [567864425232, [0, -1, 4826809, 0, 117649]], [606355001344, [9474296896, 148039985, 64, 1, 0]], [646990184178, [-1, 0, -729, -887503681, 0]], [689869781055, [10779215329, -64, 0, 0, 64]], [735091890625, [47045881, 0, 0, -47045881, 0]], [782758051841, [12230594560, 191103040, 2723840, -1073699264, -16776551]], [832972004929, [1, 0, 0, 0, 0]], [885834851328, [13841169552, 0, 7529472, 117648, 0]], [941480149401, [-729, -1771560, -531441, -1291467240, 1771561]], [1000000015689, [15689000001, 245140625, -64, -64000001, -1004096]]]],[0, 6, 384, 4374, 24576, 93750, 279936, 705891, 1572867, 3188646, 6000000, 10629363, 17915907, 28960854, 45177024, 68343750, 100663488, 144825414, 204073338, 282275286, 384000006, 514594539, 680279232, 888215334, 1146620235, 1464843750, 1853494653, 2324522937, 2891329536, 3568939926, 4373999997, 5325022089, 6442463232, 7748805627, 9268826496, 11029546875, 13060695819, 15394358448, 18065618304, 21112462572, 24576047259, 28500625446, 32934050496, 37928178294, 43537870848, 49822593747, 56845781379, 64675291974, 73383695040, 83047370256, 93750000003, 105577726806, 118623657792, 132986166774, 148769463594, 166083796875, 185045443245, 205778683494, 228412155270, 253083201846, 279936051057, 309122246166, 340801413696, 375139418931, 412317646845, 452513343753, 495923560128, 542750293014, 593204895741, 647508978489, 705891000000, 768601703526, 835886126739, 908005357734, 985238940672, 1067871093744, 1156199571456, 1250528612910, 1351197602421, 1458524733126, 1572867024576, 1694577221073, 1824040028544, 1961642240211, 2107779584694, 2262897093750, 2427403410816, 2601757206051, 2786429048958, 2981887745766, 3188645903871, 3407201031819, 3638130008256, 3881941102881, 4139218686330, 4410551343750, 4696556482566, 4997832029574, 5315031696384, 5648879302083, 6000000093942],19.7.f.E.a

19.f,2,7,100,9,[[[1326019/19, [-5384170/19, -2698535/19, -3988854/19, 6123689/19, 2489416/19]], [1, [0, 0, 0, 0, 0]], [1, [64, 0, 0, 0, 0]], [1, [0, 0, 0, -729, 0]], [1, [64, 4096, 0, 0, 0]], [1, [15625, 0, 0, -15625, 0]], [1, [64, 0, 0, -729, -46656]], [-117648, [0, 0, 117649, 0, 0]], [1, [64, 4096, 262144, 0, 0]], [1, [0, -531441, 0, -729, 531441]], [1, [15689, 1000000, 0, -15625, -1000000]], [1, [0, 0, -1771561, 0, 0]], [2985985, [64, 4096, -2985984, -729, -46656]], [1, [0, 0, 0, 0, 4826809]], [-117648, [-7529472, 0, 117649, 7529536, 0]], [1, [15625, -11390625, 0, -16354, 0]], [1, [64, 4096, 262144, 16777216, 0]], [1, [-24137569, 0, 0, 0, 0]], [-34012223, [64, -531441, 0, -729, 484785]], [1, [0, 0, 0, 0, 0]], [64000001, [15689, 1004096, 0, -15625, -1000000]], [-117648, [85766121, 0, 117649, -729, 0]], [1, [64, 0, -1771561, -113379904, 0]], [1, [0, 148035889, 0, 0, 0]], [2985985, [191103040, 4096, -2723840, -191103705, -46656]], [1, [15625, 0, 0, -15625, -244140625]], [-308915775, [64, 0, 308915776, 0, 4826809]], [1, [0, -531441, 387420489, -729, 531441]], [-117648, [-7529472, -481886208, 117649, 7529536, 481890304]], [1, [0, 594823321, 0, 0, -594823321]], [1, [15689, -10390625, -729000000, -16354, -1046656]], [887503682, [0, 0, -887503681, 0, 0]], [1, [64, 4096, 262144, 16777216, 1073741824]], [1, [-1291467969, 0, -1771561, 1291467240, 0]], [1, [-24137505, -1544804416, 0, 0, 0]], [-117648, [15625, 0, 117649, 1838250000, 0]], [-31026239, [-2176782272, -527345, -2985984, -729, 484785]], [-2565726408, [0, 0, 0, 0, 0]], [1, [64, 0, 0, 0, 0]], [3518743762, [0, 0, 0, -729, 4826809]], [64000001, [4096015689, 1004096, 262144, -15625, -1000000]], [1, [0, 0, 0, -4750104241, 0]], [-117648, [78236649, 5489031744, 117649, 7528807, -46656]], [1, [6321363049, 0, 0, -6321363049, 0]], [1, [64, 4096, -1771561, -113379904, -7256313856]], [-8303765624, [15625, -11922066, 8303765625, -16354, 531441]], [1, [64, 148035889, 9474296896, 0, 0]], [1, [0, -10779215329, 0, 0, 10779215329]], [2985985, [191103040, 12230594560, -2723840, -174326489, -12230637120]], [-117648, [0, 0, -13841169552, 0, 0]], [15625000001, [15689, 1000000, -15625000000, -15625, -245140625]], [1, [-24137569, 0, 0, -729, 17596287801]], [-308915775, [-19770609600, 4096, 308915776, 19770609664, 4826809]], [1, [0, -22164361129, 0, 0, 0]], [-34012223, [64, -531441, 387420489, 24794910567, 484785]], [1, [-27680625000, 0, -1771561, -15625, 0]], [-30841097104, [-7529472, -481886208, 379793, 7529536, 481890304]], [1, [0, 0, 0, -729, 0]], [38068692545, [64, 594823321, 0, 0, -594823321]], [1, [42180533641, 0, 0, 0, 0]], [66985985, [15689, -10386529, -731985984, -46656016354, -1046656]], [1, [0, 51520374361, 0, 0, 0]], [887503682, [56800235648, 0, -887503681, -56800235584, 0]], [-117648, [85766121, -531441, 117649, -729, -62522970768]], [-68719476735, [64, 4096, 68719738880, 16777216, 1073741824]], [1, [15625, 0, 75418890625, -15625, 4826809]], [1, [-1291467905, -82653950016, -1771561, 1178087336, 82653903360]], [1, [0, 90458382169, 0, 0, -90458382169]], [1, [-24137505, -1544800320, -98867482624, 0, 0]], [107918163082, [0, 148035889, -107918163081, -729, 0]], [-117648, [-7513847, 1000000, 117649, 1845779536, 117648000000]], [1, [-128100283921, 0, 0, 128100283921, 0]], [-31026239, [-1985679296, -139314596849, -2723840, -191103705, 484785]], [1, [0, 0, 0, 151334226289, 0]], [-2565726408, [-164206490112, 0, 0, 0, 0]], [-177978515624, [15625, -11390625, 0, -16354, -244140625]], [1, [64, 4096, 0, 0, 0]], [208422262441, [0, 0, -1653912, 0, 0]], [3209827986, [225199600768, 0, 308915776, -729, 4780153]], [1, [0, 0, 0, -243087455521, 0]], [64000001, [4096015689, 262145004096, 262144, 16761591, -1000000]], [1, [282429536481, -531441, 387420489, -282429537210, 531441]], [1, [64, 0, 0, -4750104241, -304006671424]], [-326940373368, [0, 0, 326940373369, 0, 0]], [2868336, [78236649, 5007145536, 351295163281, 7528807, 481843648]], [1, [-24121944, -377149515625, 0, -15625, 377149515625]], [1, [6321363113, 404567235136, 0, -6321363049, -404567235136]], [1, [0, 594823321, -433626201009, -729, -594823321]], [464404086785, [64, 4096, -464405596201, -113379904, -7256313856]], [1, [0, 0, 0, 0, 496981290961]], [-8337777848, [-531440984311, -10922066, 7574765625, 531440983646, -515215]], [-117648, [0, -567869252041, 117649, 0, 4826809]], [1, [64, 148039985, 9474296896, 606355001344, 0]], [887503682, [-646990183449, 0, -887503681, -729, 0]], [-689869781055, [64, -10779215329, 0, 0, 10779215329]], [1, [15625, 0, 0, -15625, 0]], [782760775681, [191103040, 12230594560, -2723840, -174326489, -11156895296]], [1, [832972004929, 0, 0, 0, 0]], [-117648, [-7529472, 0, -13841169552, -885834851328, 0]], [1, [-1291467969, 941479617960, -1771561, 1291467240, 531441]], [15689000001, [1000000015689, 1004096, -15625000000, -1000000015625, -245140625]]]],[-4010448/19, 6, 6, 6, 6, 6, 6, -352941, 786438, 6, 6, -5314677, 8957958, 6, -352941, 6, 786438, 6, -204073338, 6, 384000006, -352941, -5314677, 6, 9744390, 6, -926747322, 1162261473, -352941, 6, -2186999994, 2662511049, 786438, -5314677, 6, -352941, -195115386, -15394358448, 6, 21112462572, 384786438, 6, -352941, 6, -5314677, -24911296869, 28422890694, 6, 9744390, -41524214544, 46875000006, 6, -926747322, 6, 958188129, -5314677, -185045443245, 6, 228412155270, 6, -1794042042, 6, 2662511049, -352941, -206157643770, 226256671881, -5314677, 6, -296602447866, 323754489249, -352941, 6, -194328954, 6, -15394358448, -1067871093744, 6, 1250528612910, 20185715244, 6, 384786438, 1162261473, 6, -980821120101, 1053902699859, 6, 6, -1300878603021, 1393207732107, 6, -27302370213, -352941, 28422890694, 2662511049, -4139218686330, 6, 4696556482566, 6, -41524214544, -5314677, 47259000006],19.7.f.E.b

