3.b,2,5,100,1,[[[0, []], [1, []], [15, []], [81, []], [241, []], [624, []], [1215, []], [2402, []], [3855, []], [6561, []], [9360, []], [14640, []], [19521, []], [28562, []], [36030, []], [50544, []], [61681, []], [83520, []], [98415, []], [130322, []], [150384, []], [194562, []], [219600, []], [279840, []], [312255, []], [390001, []], [428430, []], [531441, []], [578882, []], [707280, []], [758160, []], [923522, []], [986895, []], [1185840, []], [1252800, []], [1498848, []], [1581201, []], [1874162, []], [1954830, []], [2313522, []], [2405520, []], [2825760, []], [2918430, []], [3418802, []], [3528240, []], [4094064, []], [4197600, []], [4879680, []], [4996161, []], [5767203, []], [5850015, []], [6765120, []], [6883442, []], [7890480, []], [7971615, []], [9135360, []], [9259710, []], [10556082, []], [10609200, []], [12117360, []], [12181104, []], [13845842, []], [13852830, []], [15759522, []], [15790321, []], [17822688, []], [17787600, []], [20151122, []], [20128320, []], [22667040, []], [22482720, []], [25411680, []], [25292655, []], [28398242, []], [28112430, []], [31590081, []], [31407602, []], [35165280, []], [34702830, []], [38950082, []], [38488944, []], [43046721, []], [42386400, []], [47458320, []], [46889442, []], [52116480, []], [51282030, []], [57289680, []], [56437200, []], [62742240, []], [61410960, []], [68605924, []], [67441440, []], [74805282, []], [73195200, []], [81320928, []], [79938495, []], [88529282, []], [86508045, []], [96053040, []], [93990241, []]]],[0, 1, 15, 81, 241, 624, 1215, 2402, 3855, 6561, 9360, 14640, 19521, 28562, 36030, 50544, 61681, 83520, 98415, 130322, 150384, 194562, 219600, 279840, 312255, 390001, 428430, 531441, 578882, 707280, 758160, 923522, 986895, 1185840, 1252800, 1498848, 1581201, 1874162, 1954830, 2313522, 2405520, 2825760, 2918430, 3418802, 3528240, 4094064, 4197600, 4879680, 4996161, 5767203, 5850015, 6765120, 6883442, 7890480, 7971615, 9135360, 9259710, 10556082, 10609200, 12117360, 12181104, 13845842, 13852830, 15759522, 15790321, 17822688, 17787600, 20151122, 20128320, 22667040, 22482720, 25411680, 25292655, 28398242, 28112430, 31590081, 31407602, 35165280, 34702830, 38950082, 38488944, 43046721, 42386400, 47458320, 46889442, 52116480, 51282030, 57289680, 56437200, 62742240, 61410960, 68605924, 67441440, 74805282, 73195200, 81320928, 79938495, 88529282, 86508045, 96053040, 93990241],3.5.b.E.a

3.b,2,5,100,1,[[[1/3, []], [1, []], [-15, []], [1, []], [241, []], [-624, []], [-15, []], [2402, []], [-3855, []], [1, []], [9360, []], [-14640, []], [241, []], [28562, []], [-36030, []], [-624, []], [61681, []], [-83520, []], [-15, []], [130322, []], [-150384, []], [2402, []], [219600, []], [-279840, []], [-3855, []], [390001, []], [-428430, []], [1, []], [578882, []], [-707280, []], [9360, []], [923522, []], [-986895, []], [-14640, []], [1252800, []], [-1498848, []], [241, []], [1874162, []], [-1954830, []], [28562, []], [2405520, []], [-2825760, []], [-36030, []], [3418802, []], [-3528240, []], [-624, []], [4197600, []], [-4879680, []], [61681, []], [5767203, []], [-5850015, []], [-83520, []], [6883442, []], [-7890480, []], [-15, []], [9135360, []], [-9259710, []], [130322, []], [10609200, []], [-12117360, []], [-150384, []], [13845842, []], [-13852830, []], [2402, []], [15790321, []], [-17822688, []], [219600, []], [20151122, []], [-20128320, []], [-279840, []], [22482720, []], [-25411680, []], [-3855, []], [28398242, []], [-28112430, []], [390001, []], [31407602, []], [-35165280, []], [-428430, []], [38950082, []], [-38488944, []], [1, []], [42386400, []], [-47458320, []], [578882, []], [52116480, []], [-51282030, []], [-707280, []], [56437200, []], [-62742240, []], [9360, []], [68605924, []], [-67441440, []], [923522, []], [73195200, []], [-81320928, []], [-986895, []], [88529282, []], [-86508045, []], [-14640, []], [93990241, []]]],[1/3, 1, -15, 1, 241, -624, -15, 2402, -3855, 1, 9360, -14640, 241, 28562, -36030, -624, 61681, -83520, -15, 130322, -150384, 2402, 219600, -279840, -3855, 390001, -428430, 1, 578882, -707280, 9360, 923522, -986895, -14640, 1252800, -1498848, 241, 1874162, -1954830, 28562, 2405520, -2825760, -36030, 3418802, -3528240, -624, 4197600, -4879680, 61681, 5767203, -5850015, -83520, 6883442, -7890480, -15, 9135360, -9259710, 130322, 10609200, -12117360, -150384, 13845842, -13852830, 2402, 15790321, -17822688, 219600, 20151122, -20128320, -279840, 22482720, -25411680, -3855, 28398242, -28112430, 390001, 31407602, -35165280, -428430, 38950082, -38488944, 1, 42386400, -47458320, 578882, 52116480, -51282030, -707280, 56437200, -62742240, 9360, 68605924, -67441440, 923522, 73195200, -81320928, -986895, 88529282, -86508045, -14640, 93990241],3.5.b.E.b

4.b,3,5,100,1,[[[0, []], [1, []], [16, []], [80, []], [256, []], [626, []], [1280, []], [2400, []], [4096, []], [6481, []], [10016, []], [14640, []], [20480, []], [28562, []], [38400, []], [50080, []], [65536, []], [83522, []], [103696, []], [130320, []], [160256, []], [192000, []], [234240, []], [279840, []], [327680, []], [391251, []], [456992, []], [524960, []], [614400, []], [707282, []], [801280, []], [923520, []], [1048576, []], [1171200, []], [1336352, []], [1502400, []], [1659136, []], [1874162, []], [2085120, []], [2284960, []], [2564096, []], [2825762, []], [3072000, []], [3418800, []], [3747840, []], [4057106, []], [4477440, []], [4879680, []], [5242880, []], [5762401, []], [6260016, []], [6681760, []], [7311872, []], [7890482, []], [8399360, []], [9164640, []], [9830400, []], [10425600, []], [11316512, []], [12117360, []], [12820480, []], [13845842, []], [14776320, []], [15554400, []], [16777216, []], [17879812, []], [18739200, []], [20151120, []], [21381632, []], [22387200, []], [24038400, []], [25411680, []], [26546176, []], [28398242, []], [29986592, []], [31300080, []], [33361920, []], [35136000, []], [36559360, []], [38950080, []], [41025536, []], [42521761, []], [45212192, []], [47458320, []], [49152000, []], [52284772, []], [54700800, []], [56582560, []], [59965440, []], [62742242, []], [64913696, []], [68548800, []], [71639040, []], [73881600, []], [78074880, []], [81580320, []], [83886080, []], [88529282, []], [92198416, []], [94881840, []], [100160256, []]]],[0, 1, 16, 80, 256, 626, 1280, 2400, 4096, 6481, 10016, 14640, 20480, 28562, 38400, 50080, 65536, 83522, 103696, 130320, 160256, 192000, 234240, 279840, 327680, 391251, 456992, 524960, 614400, 707282, 801280, 923520, 1048576, 1171200, 1336352, 1502400, 1659136, 1874162, 2085120, 2284960, 2564096, 2825762, 3072000, 3418800, 3747840, 4057106, 4477440, 4879680, 5242880, 5762401, 6260016, 6681760, 7311872, 7890482, 8399360, 9164640, 9830400, 10425600, 11316512, 12117360, 12820480, 13845842, 14776320, 15554400, 16777216, 17879812, 18739200, 20151120, 21381632, 22387200, 24038400, 25411680, 26546176, 28398242, 29986592, 31300080, 33361920, 35136000, 36559360, 38950080, 41025536, 42521761, 45212192, 47458320, 49152000, 52284772, 54700800, 56582560, 59965440, 62742242, 64913696, 68548800, 71639040, 73881600, 78074880, 81580320, 83886080, 88529282, 92198416, 94881840, 100160256],4.5.b.E.a

4.b,3,5,100,1,[[[5/4, []], [1, []], [1, []], [-80, []], [1, []], [626, []], [-80, []], [-2400, []], [1, []], [6481, []], [626, []], [-14640, []], [-80, []], [28562, []], [-2400, []], [-50080, []], [1, []], [83522, []], [6481, []], [-130320, []], [626, []], [192000, []], [-14640, []], [-279840, []], [-80, []], [391251, []], [28562, []], [-524960, []], [-2400, []], [707282, []], [-50080, []], [-923520, []], [1, []], [1171200, []], [83522, []], [-1502400, []], [6481, []], [1874162, []], [-130320, []], [-2284960, []], [626, []], [2825762, []], [192000, []], [-3418800, []], [-14640, []], [4057106, []], [-279840, []], [-4879680, []], [-80, []], [5762401, []], [391251, []], [-6681760, []], [28562, []], [7890482, []], [-524960, []], [-9164640, []], [-2400, []], [10425600, []], [707282, []], [-12117360, []], [-50080, []], [13845842, []], [-923520, []], [-15554400, []], [1, []], [17879812, []], [1171200, []], [-20151120, []], [83522, []], [22387200, []], [-1502400, []], [-25411680, []], [6481, []], [28398242, []], [1874162, []], [-31300080, []], [-130320, []], [35136000, []], [-2284960, []], [-38950080, []], [626, []], [42521761, []], [2825762, []], [-47458320, []], [192000, []], [52284772, []], [-3418800, []], [-56582560, []], [-14640, []], [62742242, []], [4057106, []], [-68548800, []], [-279840, []], [73881600, []], [-4879680, []], [-81580320, []], [-80, []], [88529282, []], [5762401, []], [-94881840, []], [391251, []]]],[5/4, 1, 1, -80, 1, 626, -80, -2400, 1, 6481, 626, -14640, -80, 28562, -2400, -50080, 1, 83522, 6481, -130320, 626, 192000, -14640, -279840, -80, 391251, 28562, -524960, -2400, 707282, -50080, -923520, 1, 1171200, 83522, -1502400, 6481, 1874162, -130320, -2284960, 626, 2825762, 192000, -3418800, -14640, 4057106, -279840, -4879680, -80, 5762401, 391251, -6681760, 28562, 7890482, -524960, -9164640, -2400, 10425600, 707282, -12117360, -50080, 13845842, -923520, -15554400, 1, 17879812, 1171200, -20151120, 83522, 22387200, -1502400, -25411680, 6481, 28398242, 1874162, -31300080, -130320, 35136000, -2284960, -38950080, 626, 42521761, 2825762, -47458320, 192000, 52284772, -3418800, -56582560, -14640, 62742242, 4057106, -68548800, -279840, 73881600, -4879680, -81580320, -80, 88529282, 5762401, -94881840, 391251],4.5.b.E.b

5.c,2,5,100,4,[[[0, [0]], [1, [0]], [16, [1]], [81, [-1]], [255, [16]], [625, [0]], [1297, [65]], [2401, [1]], [4080, [255]], [6560, [-81]], [10000, [625]], [14642, [0]], [20671, [1041]], [28561, [-1]], [38415, [2417]], [50625, [-625]], [65281, [4080]], [83521, [1]], [105041, [5264]], [130320, [0]], [159375, [10000]], [194482, [-2320]], [234272, [14642]], [279841, [-1]], [330735, [16575]], [390625, [0]], [456977, [28545]], [531360, [-6560]], [612239, [38671]], [707280, [0]], [810625, [40625]], [923522, [0]], [1044496, [65281]], [1186002, [-14642]], [1336335, [83537]], [1500625, [625]], [1674096, [84305]], [1874161, [1]], [2085120, [130320]], [2313440, [-28642]], [2550000, [159375]], [2825762, [0]], [3114032, [157362]], [3418801, [-1]], [3733710, [234272]], [4100000, [-50625]], [4477457, [279825]], [4879681, [1]], [5291841, [265199]], [5764800, [2401]], [6250000, [390625]], [6765202, [-83440]], [7283071, [456721]], [7890481, [-1]], [8508320, [426400]], [9151250, [0]], [9795825, [616335]], [10555920, [-130320]], [11316480, [707280]], [12117360, [0]], [12919375, [650625]], [13845842, [0]], [14776352, [923522]], [15750641, [-187921]], [16711935, [1044496]], [17850625, [-625]], [18990674, [951730]], [20151121, [1]], [21297839, [1336591]], [22667120, [-279922]], [24009375, [1510625]], [25411682, [0]], [26785455, [1342320]], [28398241, [-1]], [29986575, [1874177]], [31640625, [-390625]], [33231600, [2085120]], [35155442, [14642]], [37043682, [1855168]], [38950080, [0]], [40800625, [2550000]], [43040161, [-531360]], [45212192, [2825762]], [47458321, [-1]], [49630030, [2520112]], [52200625, [625]], [54700817, [3418785]], [57289680, [-707280]], [59739360, [3733710]], [62742240, [0]], [65650625, [3290000]], [68574962, [26160]], [71359471, [4477201]], [74805282, [-923522]], [78074895, [4879697]], [81450000, [0]], [84669457, [4243265]], [88529281, [1]], [92234399, [5803216]], [96051520, [-1186002]], [99609375, [6250000]]]],[0, 2, 32, 162, 510, 1250, 2594, 4802, 8160, 13120, 20000, 29284, 41342, 57122, 76830, 101250, 130562, 167042, 210082, 260640, 318750, 388964, 468544, 559682, 661470, 781250, 913954, 1062720, 1224478, 1414560, 1621250, 1847044, 2088992, 2372004, 2672670, 3001250, 3348192, 3748322, 4170240, 4626880, 5100000, 5651524, 6228064, 6837602, 7467420, 8200000, 8954914, 9759362, 10583682, 11529600, 12500000, 13530404, 14566142, 15780962, 17016640, 18302500, 19591650, 21111840, 22632960, 24234720, 25838750, 27691684, 29552704, 31501282, 33423870, 35701250, 37981348, 40302242, 42595678, 45334240, 48018750, 50823364, 53570910, 56796482, 59973150, 63281250, 66463200, 70310884, 74087364, 77900160, 81601250, 86080322, 90424384, 94916642, 99260060, 104401250, 109401634, 114579360, 119478720, 125484480, 131301250, 137149924, 142718942, 149610564, 156149790, 162900000, 169338914, 177058562, 184468798, 192103040, 199218750],5.5.c.E.a

5.c,2,5,100,4,[[[74/25, [43/25]], [1, [0]], [1, [16]], [1, [-81]], [-255, [16]], [1, [0]], [1297, [-65]], [1, [2401]], [-255, [-4080]], [-6560, [-81]], [1, [16]], [14642, [0]], [1041, [20671]], [1, [-28561]], [-38415, [2417]], [1, [-81]], [65281, [-4080]], [1, [83521]], [-5264, [-105041]], [-130320, [0]], [-255, [16]], [194482, [2320]], [14642, [234272]], [1, [-279841]], [-330735, [16575]], [1, [0]], [456977, [-28545]], [-6560, [531360]], [-38671, [-612239]], [-707280, [0]], [1297, [-65]], [923522, [0]], [65281, [1044496]], [14642, [-1186002]], [-1336335, [83537]], [1, [2401]], [1674096, [-84305]], [1, [1874161]], [-130320, [-2085120]], [-2313440, [-28642]], [-255, [-4080]], [2825762, [0]], [157362, [3114032]], [1, [-3418801]], [-3733710, [234272]], [-6560, [-81]], [4477457, [-279825]], [1, [4879681]], [-265199, [-5291841]], [-5764800, [2401]], [1, [16]], [6765202, [83440]], [456721, [7283071]], [1, [-7890481]], [-8508320, [426400]], [14642, [0]], [9795825, [-616335]], [-130320, [10555920]], [-707280, [-11316480]], [-12117360, [0]], [1041, [20671]], [13845842, [0]], [923522, [14776352]], [187921, [-15750641]], [-16711935, [1044496]], [1, [-28561]], [18990674, [-951730]], [1, [20151121]], [-1336591, [-21297839]], [-22667120, [-279922]], [-38415, [2417]], [25411682, [0]], [1342320, [26785455]], [1, [-28398241]], [-29986575, [1874177]], [1, [-81]], [33231600, [-2085120]], [14642, [35155442]], [-1855168, [-37043682]], [-38950080, [0]], [65281, [-4080]], [43040161, [531360]], [2825762, [45212192]], [1, [-47458321]], [-49630030, [2520112]], [1, [83521]], [54700817, [-3418785]], [-707280, [57289680]], [-3733710, [-59739360]], [-62742240, [0]], [-5264, [-105041]], [68574962, [-26160]], [4477201, [71359471]], [923522, [-74805282]], [-78074895, [4879697]], [-130320, [0]], [84669457, [-4243265]], [1, [88529281]], [-5803216, [-92234399]], [-96051520, [-1186002]], [-255, [16]]]],[148/25, 2, 2, 2, -510, 2, 2594, 2, -510, -13120, 2, 29284, 2082, 2, -76830, 2, 130562, 2, -10528, -260640, -510, 388964, 29284, 2, -661470, 2, 913954, -13120, -77342, -1414560, 2594, 1847044, 130562, 29284, -2672670, 2, 3348192, 2, -260640, -4626880, -510, 5651524, 314724, 2, -7467420, -13120, 8954914, 2, -530398, -11529600, 2, 13530404, 913442, 2, -17016640, 29284, 19591650, -260640, -1414560, -24234720, 2082, 27691684, 1847044, 375842, -33423870, 2, 37981348, 2, -2673182, -45334240, -76830, 50823364, 2684640, 2, -59973150, 2, 66463200, 29284, -3710336, -77900160, 130562, 86080322, 5651524, 2, -99260060, 2, 109401634, -1414560, -7467420, -125484480, -10528, 137149924, 8954402, 1847044, -156149790, -260640, 169338914, 2, -11606432, -192103040, -510],5.5.c.E.b

7.b,6,5,100,1,[[[0, []], [1, []], [17, []], [80, []], [273, []], [624, []], [1360, []], [2401, []], [4369, []], [6481, []], [10608, []], [14642, []], [21840, []], [28560, []], [40817, []], [49920, []], [69905, []], [83520, []], [110177, []], [130320, []], [170352, []], [192080, []], [248914, []], [279842, []], [349520, []], [390001, []], [485520, []], [524960, []], [655473, []], [707282, []], [848640, []], [923520, []], [1118481, []], [1171360, []], [1419840, []], [1498224, []], [1769313, []], [1874162, []], [2215440, []], [2284800, []], [2726256, []], [2825760, []], [3265360, []], [3418802, []], [3997266, []], [4044144, []], [4757314, []], [4879680, []], [5592400, []], [5764801, []], [6630017, []], [6681600, []], [7796880, []], [7890482, []], [8924320, []], [9136608, []], [10489969, []], [10425600, []], [12023794, []], [12117360, []], [13628160, []], [13845840, []], [15699840, []], [15560881, []], [17895697, []], [17821440, []], [19913120, []], [20151122, []], [22800960, []], [22387360, []], [25469808, []], [25411682, []], [28315489, []], [28398240, []], [31860754, []], [31200080, []], [35577360, []], [35155442, []], [38841600, []], [38950082, []], [43620720, []], [42521761, []], [48037920, []], [47458320, []], [52437840, []], [52116480, []], [58119634, []], [56582560, []], [63970898, []], [62742240, []], [68750448, []], [68572560, []], [76396866, []], [73881600, []], [82954560, []], [81319680, []], [89478480, []], [88529280, []], [98001617, []], [94894802, []], [106470273, []]]],[0, 1, 17, 80, 273, 624, 1360, 2401, 4369, 6481, 10608, 14642, 21840, 28560, 40817, 49920, 69905, 83520, 110177, 130320, 170352, 192080, 248914, 279842, 349520, 390001, 485520, 524960, 655473, 707282, 848640, 923520, 1118481, 1171360, 1419840, 1498224, 1769313, 1874162, 2215440, 2284800, 2726256, 2825760, 3265360, 3418802, 3997266, 4044144, 4757314, 4879680, 5592400, 5764801, 6630017, 6681600, 7796880, 7890482, 8924320, 9136608, 10489969, 10425600, 12023794, 12117360, 13628160, 13845840, 15699840, 15560881, 17895697, 17821440, 19913120, 20151122, 22800960, 22387360, 25469808, 25411682, 28315489, 28398240, 31860754, 31200080, 35577360, 35155442, 38841600, 38950082, 43620720, 42521761, 48037920, 47458320, 52437840, 52116480, 58119634, 56582560, 63970898, 62742240, 68750448, 68572560, 76396866, 73881600, 82954560, 81319680, 89478480, 88529280, 98001617, 94894802, 106470273],7.5.b.E.a

7.b,6,5,100,1,[[[16, []], [1, []], [17, []], [-80, []], [273, []], [-624, []], [-1360, []], [1, []], [4369, []], [6481, []], [-10608, []], [14642, []], [-21840, []], [-28560, []], [17, []], [49920, []], [69905, []], [-83520, []], [110177, []], [-130320, []], [-170352, []], [-80, []], [248914, []], [279842, []], [-349520, []], [390001, []], [-485520, []], [-524960, []], [273, []], [707282, []], [848640, []], [-923520, []], [1118481, []], [-1171360, []], [-1419840, []], [-624, []], [1769313, []], [1874162, []], [-2215440, []], [2284800, []], [-2726256, []], [-2825760, []], [-1360, []], [3418802, []], [3997266, []], [-4044144, []], [4757314, []], [-4879680, []], [-5592400, []], [1, []], [6630017, []], [6681600, []], [-7796880, []], [7890482, []], [-8924320, []], [-9136608, []], [4369, []], [10425600, []], [12023794, []], [-12117360, []], [13628160, []], [-13845840, []], [-15699840, []], [6481, []], [17895697, []], [17821440, []], [-19913120, []], [20151122, []], [-22800960, []], [-22387360, []], [-10608, []], [25411682, []], [28315489, []], [-28398240, []], [31860754, []], [-31200080, []], [-35577360, []], [14642, []], [38841600, []], [38950082, []], [-43620720, []], [42521761, []], [-48037920, []], [-47458320, []], [-21840, []], [52116480, []], [58119634, []], [-56582560, []], [63970898, []], [-62742240, []], [-68750448, []], [-28560, []], [76396866, []], [73881600, []], [-82954560, []], [81319680, []], [-89478480, []], [-88529280, []], [17, []], [94894802, []], [106470273, []]]],[16, 1, 17, -80, 273, -624, -1360, 1, 4369, 6481, -10608, 14642, -21840, -28560, 17, 49920, 69905, -83520, 110177, -130320, -170352, -80, 248914, 279842, -349520, 390001, -485520, -524960, 273, 707282, 848640, -923520, 1118481, -1171360, -1419840, -624, 1769313, 1874162, -2215440, 2284800, -2726256, -2825760, -1360, 3418802, 3997266, -4044144, 4757314, -4879680, -5592400, 1, 6630017, 6681600, -7796880, 7890482, -8924320, -9136608, 4369, 10425600, 12023794, -12117360, 13628160, -13845840, -15699840, 6481, 17895697, 17821440, -19913120, 20151122, -22800960, -22387360, -10608, 25411682, 28315489, -28398240, 31860754, -31200080, -35577360, 14642, 38841600, 38950082, -43620720, 42521761, -48037920, -47458320, -21840, 52116480, 58119634, -56582560, 63970898, -62742240, -68750448, -28560, 76396866, 73881600, -82954560, 81319680, -89478480, -88529280, 17, 94894802, 106470273],7.5.b.E.b

7.d,3,5,100,3,[[[0, [0]], [1, [0]], [15, [1]], [81, [1]], [240, [15]], [626, [-1]], [1214, [97]], [2401, [0]], [3841, [240]], [6560, [82]], [9391, [610]], [14641, [-1]], [19425, [1470]], [28560, [0]], [36015, [2401]], [50707, [544]], [61455, [3841]], [83521, [1]], [98318, [7872]], [130322, [-1]], [150255, [9135]], [194481, [2401]], [219616, [14625]], [279840, [1]], [310881, [23521]], [391250, [-626]], [428400, [28560]], [531359, [6642]], [576240, [36015]], [707282, [0]], [760061, [59411]], [923521, [1]], [983280, [61455]], [1185922, [14559]], [1252814, [83537]], [1503026, [-2401]], [1573170, [119310]], [1874160, [1]], [1954831, [130306]], [2313360, [28560]], [2404706, [146159]], [2825760, [0]], [2914814, [232897]], [3418802, [0]], [3513855, [219360]], [4106642, [44690]], [4197599, [279856]], [4879682, [-1]], [4974014, [376417]], [5764801, [0]], [5869376, [381234]], [6765200, [83603]], [6854400, [428400]], [7890481, [-1]], [7963743, [637631]], [9165265, [-15266]], [9222241, [576240]], [10556083, [130240]], [10609230, [707282]], [12117361, [1]], [12161520, [899325]], [13845842, [-1]], [13852814, [923537]], [15750560, [196882]], [15732481, [983280]], [17878560, [-28560]], [17774271, [1418866]], [20151121, [-1]], [20045025, [1253070]], [22667039, [279922]], [22547791, [1464610]], [25411682, [0]], [25177280, [1909042]], [28398241, [1]], [28112399, [1874176]], [31691876, [339918]], [31277295, [1954575]], [35153041, [-2401]], [34671840, [2770320]], [38950080, [1]], [38474671, [2339170]], [43040079, [538001]], [42386400, [2825760]], [47458320, [0]], [46639425, [3529470]], [52284147, [-82896]], [51282030, [3418802]], [57289842, [707282]], [56236321, [3509759]], [62742242, [-1]], [61554940, [4821682]], [68572560, [0]], [67161585, [4197855]], [74805200, [923603]], [73195231, [4879666]], [81581571, [-130947]], [79584225, [6022590]], [88529280, [0]], [86472015, [5764801]], [96045042, [1193920]], [93909390, [5709120]]]],[0, 2, 31, 163, 495, 1251, 2525, 4802, 7922, 13202, 19392, 29281, 40320, 57120, 74431, 101958, 126751, 167043, 204508, 260643, 309645, 391363, 453857, 559681, 645283, 781874, 885360, 1069360, 1188495, 1414564, 1579533, 1847043, 2028015, 2386403, 2589165, 3003651, 3265650, 3748321, 4039968, 4655280, 4955571, 5651520, 6062525, 6837604, 7247070, 8257974, 8675054, 9759363, 10324445, 11529602, 12119986, 13614003, 14137200, 15780961, 16565117, 18315264, 19020722, 21242406, 21925742, 24234723, 25222365, 27691683, 28629165, 31698002, 32448242, 35728560, 36967408, 40302241, 41343120, 45614000, 46560192, 50823364, 52263602, 56796483, 58098974, 63723670, 64509165, 70303681, 72114000, 77900161, 79288512, 86618159, 87598560, 94916640, 96808320, 104485398, 105982862, 115286966, 115982401, 125484483, 127931562, 137145120, 138521025, 150534003, 151270128, 163032195, 165191040, 177058560, 178708831, 193284004, 193527900],7.5.d.E.a

7.d,3,5,100,3,[[[-12/7, [113/7]], [1, [0]], [-15, [16]], [1, [81]], [-15, [-240]], [626, [-625]], [-1311, [97]], [1, [0]], [4081, [-240]], [-6560, [6642]], [610, [9391]], [1, [-14641]], [19425, [-20895]], [-28560, [0]], [-15, [16]], [51251, [-544]], [-61455, [65296]], [1, [83521]], [-7872, [-98318]], [130322, [-130321]], [-159390, [9135]], [1, [81]], [234241, [-14625]], [-279840, [279841]], [23521, [310881]], [626, [-391250]], [428400, [-456960]], [-538001, [6642]], [-15, [-240]], [707282, [0]], [-760061, [819472]], [1, [923521]], [-61455, [-983280]], [1185922, [-1200481]], [-1336351, [83537]], [626, [-625]], [1692480, [-119310]], [-1874160, [1874161]], [130306, [1954831]], [-28560, [-2313360]], [2404706, [-2550865]], [-2825760, [0]], [-1311, [97]], [3418802, [0]], [-3513855, [3733215]], [44690, [4106642]], [-279856, [-4197599]], [4879682, [-4879681]], [-5350431, [376417]], [1, [0]], [6250610, [-381234]], [-6765200, [6848803]], [428400, [6854400]], [1, [-7890481]], [7963743, [-8601374]], [-9149999, [-15266]], [4081, [-240]], [10686323, [-130240]], [-10609230, [11316512]], [1, [12117361]], [-899325, [-12161520]], [13845842, [-13845841]], [-14776351, [923537]], [-6560, [6642]], [16715761, [-983280]], [-17878560, [17850000]], [1418866, [17774271]], [1, [-20151121]], [20045025, [-21298095]], [-22946961, [279922]], [610, [9391]], [25411682, [0]], [-25177280, [27086322]], [1, [28398241]], [-1874176, [-28112399]], [31691876, [-32031794]], [-33231870, [1954575]], [1, [-14641]], [37442160, [-2770320]], [-38950080, [38950081]], [2339170, [38474671]], [-538001, [-43040079]], [42386400, [-45212160]], [-47458320, [0]], [19425, [-20895]], [52201251, [82896]], [-51282030, [54700832]], [707282, [57289842]], [-3509759, [-56236321]], [62742242, [-62742241]], [-66376622, [4821682]], [-28560, [0]], [71359440, [-4197855]], [-74805200, [75728803]], [4879666, [73195231]], [130947, [-81581571]], [79584225, [-85606815]], [-88529280, [0]], [-15, [16]], [97238962, [-1193920]], [-93909390, [99618510]]]],[89/7, 2, -14, 83, -270, 627, -2525, 2, 7922, -6478, 10611, -14639, 17955, -57120, -14, 101958, -57614, 83523, -114062, 130323, -309645, 83, 453857, -279839, 357923, -389998, 399840, -1069360, -270, 1414564, -700650, 923523, -1106190, 1171363, -2589165, 627, 3265650, -1874159, 2215443, -2370480, 2258547, -5651520, -2525, 6837604, -3294495, 4196022, -4757311, 4879683, -10324445, 2, 12119986, -6681597, 7711200, -7890479, 7326112, -18315264, 7922, 21242406, -9901948, 12117363, -13960170, 13845843, -28629165, -6478, 32448242, -17907120, 20612003, -20151119, 18791955, -45614000, 10611, 50823364, -23268238, 28398243, -31860751, 31351958, -64509165, -14639, 72114000, -38950079, 43153011, -44116081, 39560640, -94916640, 17955, 104485398, -47863228, 58704406, -63255839, 62742243, -127931562, -57120, 138521025, -73881597, 82954563, -81319677, 73561635, -177058560, -14, 193284004, -88200270],7.5.d.E.b

8.d,3,5,100,1,[[[0, []], [1, []], [16, []], [82, []], [256, []], [624, []], [1312, []], [2400, []], [4096, []], [6643, []], [9984, []], [14642, []], [20992, []], [28560, []], [38400, []], [51168, []], [65536, []], [83522, []], [106288, []], [130322, []], [159744, []], [196800, []], [234272, []], [279840, []], [335872, []], [390001, []], [456960, []], [538084, []], [614400, []], [707280, []], [818688, []], [923520, []], [1048576, []], [1200644, []], [1336352, []], [1497600, []], [1700608, []], [1874160, []], [2085152, []], [2341920, []], [2555904, []], [2825762, []], [3148800, []], [3418802, []], [3748352, []], [4145232, []], [4477440, []], [4879680, []], [5373952, []], [5762401, []], [6240016, []], [6848804, []], [7311360, []], [7890480, []], [8609344, []], [9136608, []], [9830400, []], [10686404, []], [11316480, []], [12117362, []], [13099008, []], [13845840, []], [14776320, []], [15943200, []], [16777216, []], [17821440, []], [19210304, []], [20151122, []], [21381632, []], [22946880, []], [23961600, []], [25411680, []], [27209728, []], [28398242, []], [29986560, []], [31980082, []], [33362432, []], [35140800, []], [37470720, []], [38950080, []], [40894464, []], [43584805, []], [45212192, []], [47458322, []], [50380800, []], [52117728, []], [54700832, []], [57996960, []], [59973632, []], [62742242, []], [66323712, []], [68544000, []], [71639040, []], [75728640, []], [78074880, []], [81320928, []], [85983232, []], [88529282, []], [92198416, []], [97266806, []], [99840256, []]]],[0, 1, 16, 82, 256, 624, 1312, 2400, 4096, 6643, 9984, 14642, 20992, 28560, 38400, 51168, 65536, 83522, 106288, 130322, 159744, 196800, 234272, 279840, 335872, 390001, 456960, 538084, 614400, 707280, 818688, 923520, 1048576, 1200644, 1336352, 1497600, 1700608, 1874160, 2085152, 2341920, 2555904, 2825762, 3148800, 3418802, 3748352, 4145232, 4477440, 4879680, 5373952, 5762401, 6240016, 6848804, 7311360, 7890480, 8609344, 9136608, 9830400, 10686404, 11316480, 12117362, 13099008, 13845840, 14776320, 15943200, 16777216, 17821440, 19210304, 20151122, 21381632, 22946880, 23961600, 25411680, 27209728, 28398242, 29986560, 31980082, 33362432, 35140800, 37470720, 38950080, 40894464, 43584805, 45212192, 47458322, 50380800, 52117728, 54700832, 57996960, 59973632, 62742242, 66323712, 68544000, 71639040, 75728640, 78074880, 81320928, 85983232, 88529282, 92198416, 97266806, 99840256],8.5.d.E.a

8.d,3,5,100,1,[[[57/2, []], [1, []], [1, []], [82, []], [1, []], [-624, []], [82, []], [-2400, []], [1, []], [6643, []], [-624, []], [14642, []], [82, []], [-28560, []], [-2400, []], [-51168, []], [1, []], [83522, []], [6643, []], [130322, []], [-624, []], [-196800, []], [14642, []], [-279840, []], [82, []], [390001, []], [-28560, []], [538084, []], [-2400, []], [-707280, []], [-51168, []], [-923520, []], [1, []], [1200644, []], [83522, []], [1497600, []], [6643, []], [-1874160, []], [130322, []], [-2341920, []], [-624, []], [2825762, []], [-196800, []], [3418802, []], [14642, []], [-4145232, []], [-279840, []], [-4879680, []], [82, []], [5762401, []], [390001, []], [6848804, []], [-28560, []], [-7890480, []], [538084, []], [-9136608, []], [-2400, []], [10686404, []], [-707280, []], [12117362, []], [-51168, []], [-13845840, []], [-923520, []], [-15943200, []], [1, []], [17821440, []], [1200644, []], [20151122, []], [83522, []], [-22946880, []], [1497600, []], [-25411680, []], [6643, []], [28398242, []], [-1874160, []], [31980082, []], [130322, []], [-35140800, []], [-2341920, []], [-38950080, []], [-624, []], [43584805, []], [2825762, []], [47458322, []], [-196800, []], [-52117728, []], [3418802, []], [-57996960, []], [14642, []], [62742242, []], [-4145232, []], [68544000, []], [-279840, []], [-75728640, []], [-4879680, []], [-81320928, []], [82, []], [88529282, []], [5762401, []], [97266806, []], [390001, []]]],[57/2, 1, 1, 82, 1, -624, 82, -2400, 1, 6643, -624, 14642, 82, -28560, -2400, -51168, 1, 83522, 6643, 130322, -624, -196800, 14642, -279840, 82, 390001, -28560, 538084, -2400, -707280, -51168, -923520, 1, 1200644, 83522, 1497600, 6643, -1874160, 130322, -2341920, -624, 2825762, -196800, 3418802, 14642, -4145232, -279840, -4879680, 82, 5762401, 390001, 6848804, -28560, -7890480, 538084, -9136608, -2400, 10686404, -707280, 12117362, -51168, -13845840, -923520, -15943200, 1, 17821440, 1200644, 20151122, 83522, -22946880, 1497600, -25411680, 6643, 28398242, -1874160, 31980082, 130322, -35140800, -2341920, -38950080, -624, 43584805, 2825762, 47458322, -196800, -52117728, 3418802, -57996960, 14642, 62742242, -4145232, 68544000, -279840, -75728640, -4879680, -81320928, 82, 88529282, 5762401, 97266806, 390001],8.5.d.E.b

9.d,2,5,100,3,[[[0, [0]], [1, [0]], [16, [1]], [81, [0]], [255, [17]], [626, [-1]], [1296, [81]], [2401, [-1]], [4079, [272]], [6561, [0]], [10017, [609]], [14641, [1]], [20655, [1377]], [28560, [1]], [38417, [2384]], [50706, [-81]], [65264, [4351]], [83520, [0]], [104976, [6561]], [130322, [0]], [159647, [10370]], [194481, [-81]], [234255, [14658]], [279842, [-1]], [330399, [22032]], [391250, [-626]], [456959, [28577]], [531441, [0]], [612272, [40545]], [707281, [1]], [811377, [49329]], [923520, [1]], [1044225, [69615]], [1185921, [81]], [1336320, [83520]], [1503025, [-3026]], [1673055, [111537]], [1874162, [0]], [2085152, [130322]], [2313360, [81]], [2553726, [165921]], [2825762, [-1]], [3111777, [193104]], [3418801, [-1]], [3733438, [249169]], [4107186, [-6561]], [4477473, [279825]], [4879681, [1]], [5286384, [352431]], [5764800, [-2400]], [6260626, [380608]], [6765120, [0]], [7282783, [485792]], [7890480, [0]], [8503056, [531441]], [9165267, [-14016]], [9793951, [648721]], [10556082, [0]], [11316495, [707298]], [12117362, [-1]], [12931407, [839970]], [13845841, [-1]], [14776319, [923537]], [15752961, [-6561]], [16707601, [1113840]], [17878561, [-27935]], [18974655, [1187298]], [20151120, [1]], [21297600, [1419840]], [22667202, [-81]], [24051426, [1451583]], [25411680, [0]], [26762319, [1784592]], [28398242, [0]], [29986592, [1874162]], [31691250, [-50706]], [33232110, [2215474]], [35153042, [-12241]], [37013679, [2314737]], [38950081, [-1]], [40859615, [2654111]], [43046721, [0]], [45212193, [2825745]], [47458321, [1]], [49594032, [3284145]], [52283520, [-83520]], [54700817, [3418784]], [57289761, [81]], [59720367, [3986703]], [62742240, [0]], [65721537, [3995649]], [68572561, [-26160]], [71359727, [4757042]], [74805120, [81]], [78074895, [4879698]], [81581572, [-130322]], [84582225, [5638815]], [88529281, [-1]], [92239200, [5724000]], [96059601, [6561]], [99779392, [6480978]]]],[0, 2, 33, 162, 527, 1251, 2673, 4801, 8430, 13122, 20643, 29283, 42687, 57121, 79218, 101331, 134879, 167040, 216513, 260644, 329664, 388881, 483168, 559683, 682830, 781874, 942495, 1062882, 1265089, 1414563, 1672083, 1847041, 2158065, 2371923, 2756160, 3003024, 3457647, 3748324, 4300626, 4626801, 5273373, 5651523, 6416658, 6837601, 7716045, 8207811, 9234771, 9759363, 10925199, 11527200, 12901860, 13530240, 15051358, 15780960, 17537553, 18316518, 20236623, 21112164, 23340288, 24234723, 26702784, 27691681, 30476175, 31499361, 34529042, 35729187, 39136608, 40302241, 44015040, 45334323, 49554435, 50823360, 55309230, 56796484, 61847346, 63331794, 68679694, 70293843, 76342095, 77900161, 84373341, 86093442, 93250131, 94916643, 102472209, 104483520, 112820418, 114579603, 123427437, 125484480, 135438723, 137118962, 147476496, 149610321, 161029488, 163032822, 174803265, 177058561, 190202400, 192125763, 206039762],9.5.d.E.a

9.d,2,5,100,3,[[[34/3, [127/3]], [1, [0]], [1, [16]], [1, [0]], [-255, [272]], [626, [-625]], [1, [16]], [1, [-2401]], [-4351, [272]], [1, [0]], [10626, [-609]], [1, [14641]], [-255, [272]], [-28560, [28561]], [38417, [-40801]], [626, [-625]], [-4351, [-65264]], [-83520, [0]], [1, [16]], [130322, [0]], [10370, [159647]], [1, [-2401]], [-234255, [248913]], [279842, [-279841]], [-4351, [272]], [626, [-391250]], [-485536, [28577]], [1, [0]], [652817, [-40545]], [1, [707281]], [10626, [-609]], [-923520, [923521]], [1044225, [-1113840]], [1, [14641]], [-83520, [-1336320]], [-1499999, [-3026]], [-255, [272]], [1874162, [0]], [130322, [2085152]], [-28560, [28561]], [-2553726, [2719647]], [2825762, [-2825761]], [38417, [-40801]], [1, [-3418801]], [-3982607, [249169]], [626, [-625]], [4757298, [-279825]], [1, [4879681]], [-4351, [-65264]], [-5764800, [5762400]], [6260626, [-6641234]], [-83520, [0]], [-485792, [-7282783]], [-7890480, [0]], [1, [16]], [9151251, [14016]], [648721, [9793951]], [130322, [0]], [-11316495, [12023793]], [12117362, [-12117361]], [10370, [159647]], [1, [-13845841]], [-15699856, [923537]], [1, [-2401]], [17821441, [-1113840]], [-27935, [17878561]], [-234255, [248913]], [-20151120, [20151121]], [21297600, [-22717440]], [279842, [-279841]], [-1451583, [-24051426]], [-25411680, [0]], [-4351, [272]], [28398242, [0]], [1874162, [29986592]], [626, [-391250]], [-33232110, [35447584]], [35153042, [-35140801]], [-485536, [28577]], [1, [-38950081]], [-43513726, [2654111]], [1, [0]], [48037938, [-2825745]], [1, [47458321]], [652817, [-40545]], [-52283520, [52200000]], [54700817, [-58119601]], [1, [707281]], [-3986703, [-59720367]], [-62742240, [0]], [10626, [-609]], [68546401, [26160]], [4757042, [71359727]], [-923520, [923521]], [-78074895, [82954593]], [81581572, [-81451250]], [1044225, [-1113840]], [1, [-88529281]], [-97963200, [5724000]], [1, [14641]], [106260370, [-6480978]]]],[65, 2, 18, 2, -238, 627, 18, -2399, -8430, 2, 20643, 14643, -238, -28559, 36033, 627, -73966, -167040, 18, 260644, 180387, -2399, -219597, 279843, -8430, -389998, -942495, 2, 1265089, 707283, 20643, -923519, 974610, 14643, -1503360, -3003024, -238, 3748324, 2345796, -28559, -2387805, 2825763, 36033, -3418799, -7716045, 627, 9234771, 4879683, -73966, -5767200, 5880018, -167040, -8254367, -15780960, 18, 18316518, 11091393, 260644, -10609197, 12117363, 180387, -13845839, -30476175, -2399, 34529042, 17822691, -219597, -20151119, 19877760, 279843, -26954592, -50823360, -8430, 56796484, 33734916, -389998, -31016636, 35165283, -942495, -38950079, -84373341, 2, 93250131, 47458323, 1265089, -52367040, 51282033, 707283, -67693773, -125484480, 20643, 137118962, 80873811, -923519, -73195197, 81711894, 974610, -88529279, -190202400, 14643, 206039762],9.5.d.E.b

11.b,10,5,100,1,[[[0, []], [1, []], [15, []], [82, []], [241, []], [626, []], [1230, []], [2400, []], [3855, []], [6643, []], [9390, []], [14641, []], [19762, []], [28560, []], [36000, []], [51332, []], [61681, []], [83520, []], [99645, []], [130320, []], [150866, []], [196800, []], [219615, []], [279842, []], [316110, []], [391251, []], [428400, []], [538084, []], [578400, []], [707280, []], [769980, []], [923522, []], [986895, []], [1200562, []], [1252800, []], [1502400, []], [1600963, []], [1874162, []], [1954800, []], [2341920, []], [2413230, []], [2825760, []], [2952000, []], [3418800, []], [3528481, []], [4158518, []], [4197630, []], [4879682, []], [5057842, []], [5762401, []], [5868765, []], [6848640, []], [6882960, []], [7890482, []], [8071260, []], [9165266, []], [9252000, []], [10686240, []], [10609200, []], [12117362, []], [12371012, []], [13845840, []], [13852830, []], [15943200, []], [15790321, []], [17878560, []], [18008430, []], [20151122, []], [20128320, []], [22947044, []], [22536000, []], [25411682, []], [25608765, []], [28398240, []], [28112430, []], [32082582, []], [31407120, []], [35138400, []], [35128800, []], [38950080, []], [38612306, []], [43584805, []], [42386400, []], [47458320, []], [47428800, []], [52283520, []], [51282000, []], [57996960, []], [56441055, []], [62742242, []], [62377770, []], [68544000, []], [67441922, []], [75728804, []], [73195230, []], [81580320, []], [80925390, []], [88529282, []], [86436015, []], [97260163, []], [94291491, []]]],[0, 1, 15, 82, 241, 626, 1230, 2400, 3855, 6643, 9390, 14641, 19762, 28560, 36000, 51332, 61681, 83520, 99645, 130320, 150866, 196800, 219615, 279842, 316110, 391251, 428400, 538084, 578400, 707280, 769980, 923522, 986895, 1200562, 1252800, 1502400, 1600963, 1874162, 1954800, 2341920, 2413230, 2825760, 2952000, 3418800, 3528481, 4158518, 4197630, 4879682, 5057842, 5762401, 5868765, 6848640, 6882960, 7890482, 8071260, 9165266, 9252000, 10686240, 10609200, 12117362, 12371012, 13845840, 13852830, 15943200, 15790321, 17878560, 18008430, 20151122, 20128320, 22947044, 22536000, 25411682, 25608765, 28398240, 28112430, 32082582, 31407120, 35138400, 35128800, 38950080, 38612306, 43584805, 42386400, 47458320, 47428800, 52283520, 51282000, 57996960, 56441055, 62742242, 62377770, 68544000, 67441922, 75728804, 73195230, 81580320, 80925390, 88529282, 86436015, 97260163, 94291491],11.5.b.E.a

11.b,10,5,100,1,[[[1275/11, []], [1, []], [-15, []], [82, []], [241, []], [626, []], [-1230, []], [-2400, []], [-3855, []], [6643, []], [-9390, []], [1, []], [19762, []], [-28560, []], [36000, []], [51332, []], [61681, []], [-83520, []], [-99645, []], [-130320, []], [150866, []], [-196800, []], [-15, []], [279842, []], [-316110, []], [391251, []], [428400, []], [538084, []], [-578400, []], [-707280, []], [-769980, []], [923522, []], [-986895, []], [82, []], [1252800, []], [-1502400, []], [1600963, []], [1874162, []], [1954800, []], [-2341920, []], [-2413230, []], [-2825760, []], [2952000, []], [-3418800, []], [241, []], [4158518, []], [-4197630, []], [4879682, []], [5057842, []], [5762401, []], [-5868765, []], [-6848640, []], [-6882960, []], [7890482, []], [-8071260, []], [626, []], [9252000, []], [-10686240, []], [10609200, []], [12117362, []], [12371012, []], [-13845840, []], [-13852830, []], [-15943200, []], [15790321, []], [-17878560, []], [-1230, []], [20151122, []], [-20128320, []], [22947044, []], [22536000, []], [25411682, []], [-25608765, []], [-28398240, []], [-28112430, []], [32082582, []], [-31407120, []], [-2400, []], [35128800, []], [-38950080, []], [38612306, []], [43584805, []], [42386400, []], [-47458320, []], [-47428800, []], [-52283520, []], [51282000, []], [-57996960, []], [-3855, []], [62742242, []], [-62377770, []], [68544000, []], [67441922, []], [75728804, []], [-73195230, []], [-81580320, []], [-80925390, []], [88529282, []], [-86436015, []], [6643, []], [94291491, []]]],[1275/11, 1, -15, 82, 241, 626, -1230, -2400, -3855, 6643, -9390, 1, 19762, -28560, 36000, 51332, 61681, -83520, -99645, -130320, 150866, -196800, -15, 279842, -316110, 391251, 428400, 538084, -578400, -707280, -769980, 923522, -986895, 82, 1252800, -1502400, 1600963, 1874162, 1954800, -2341920, -2413230, -2825760, 2952000, -3418800, 241, 4158518, -4197630, 4879682, 5057842, 5762401, -5868765, -6848640, -6882960, 7890482, -8071260, 626, 9252000, -10686240, 10609200, 12117362, 12371012, -13845840, -13852830, -15943200, 15790321, -17878560, -1230, 20151122, -20128320, 22947044, 22536000, 25411682, -25608765, -28398240, -28112430, 32082582, -31407120, -2400, 35128800, -38950080, 38612306, 43584805, 42386400, -47458320, -47428800, -52283520, 51282000, -57996960, -3855, 62742242, -62377770, 68544000, 67441922, 75728804, -73195230, -81580320, -80925390, 88529282, -86436015, 6643, 94291491],11.5.b.E.b

11.d,2,5,100,5,[[[0, [0, 0, 0]], [1, [0, 0, 0]], [16, [1, 0, 0]], [81, [0, 0, -1]], [256, [16, 1, 0]], [624, [1, -1, 1]], [1297, [80, 1, -17]], [2401, [0, -1, 0]], [4096, [256, 16, 1]], [6561, [-1, 0, -81]], [9983, [641, -16, 16]], [14641, [0, 0, 0]], [20753, [1280, 97, -272]], [28561, [1, 0, 0]], [38416, [2401, -16, -1]], [50544, [81, -80, -544]], [65535, [4097, 255, 17]], [83522, [-1, 1, -1]], [105057, [6464, 80, -1377]], [130321, [0, 0, 1]], [159728, [10255, 369, 256]], [194480, [0, -81, -2401]], [234256, [14641, 0, 0]], [279842, [0, 0, 0]], [332048, [20481, 1552, -4271]], [390000, [625, -625, 624]], [456976, [28577, 1, 0]], [531440, [-80, -1, -6560]], [614657, [38415, 2146, -17]], [707281, [0, -1, 0]], [809248, [51296, -655, -9328]], [923521, [-1, 0, 0]], [1048559, [65552, 4080, 272]], [1185921, [0, 0, -14641]], [1336353, [83505, 16, -16]], [1498224, [2402, -3026, 2401]], [1680993, [103424, 7841, -22033]], [1874161, [0, 1, 0]], [2085135, [130322, -1, 17]], [2313442, [80, 1, -28562]], [2555648, [164080, 5903, 4721]], [2825761, [0, 0, 1]], [3114081, [192079, 1105, -40898]], [3418800, [0, 0, 0]], [3748096, [234256, 14641, 0]], [4094065, [5936, -6480, -44064]], [4477472, [279842, 0, 0]], [4879681, [0, 0, -1]], [5312687, [327777, 24752, -68255]], [5764800, [1, -2402, 1]], [6239376, [400624, -9999, 9983]], [6765282, [-81, 80, -83602]], [7311616, [457232, 28577, 1]], [7890481, [-1, 0, 0]], [8509600, [523600, 6464, -111521]], [9135984, [14641, -14641, 14641]], [9834513, [614640, 34336, 2129]], [10556001, [1, 0, -130240]], [11316496, [707281, -16, -1]], [12117361, [0, 1, 0]], [12948592, [820656, 40144, -149247]], [13845842, [-1, 1, -1]], [14776336, [923505, -1, 0]], [15752880, [-2401, -6561, -194480]], [16776944, [1048831, 65280, 4352]], [17822063, [29186, -28561, 28561]], [18989377, [1171280, 14641, -248897]], [20151122, [0, 0, 0]], [21381648, [1336081, 83777, -256]], [22667202, [0, 0, -279842]], [23969183, [1539057, -48415, 37791]], [25411680, [1, -1, 1]], [26895889, [1654864, 125457, -345968]], [28398241, [0, -1, 0]], [29986576, [1874161, 16, 1]], [31590000, [50624, -50000, -340081]], [33362159, [2085152, 130305, 272]], [35153041, [0, -14641, 0]], [37043634, [2286160, 28658, -485553]], [38950081, [1, 0, 0]], [40889743, [2625905, 93823, 76160]], [43046640, [-6480, -80, -531360]], [45212175, [2825762, -1, 17]], [47458322, [-1, 1, -1]], [49827778, [3073183, 212241, -654449]], [52117729, [82896, -82896, 82897]], [54700800, [3418800, 0, 0]], [57289760, [0, -81, -707281]], [59969536, [3748096, 234256, 14641]], [62742242, [0, 0, 0]], [65549104, [4144977, -53680, -755568]], [68574961, [2401, -28561, -1]], [71639552, [4477472, 279842, 0]], [74805200, [-80, -1, -923520]], [78074897, [4879680, 1, -17]], [81320304, [130321, -130322, 130946]], [85002911, [5244432, 396032, -1092079]], [88529281, [-1, 0, 0]], [92236799, [5764817, -38432, -2385]], [96059601, [-14641, 0, -1185921]], [99830017, [6409359, 230641, 159728]]]],[0, 4, 65, 323, 1039, 2499, 5250, 9605, 16625, 26162, 40605, 58564, 83923, 114245, 156080, 201793, 265999, 334085, 425235, 521285, 649054, 775600, 951665, 1119368, 1342850, 1561874, 1856480, 2119121, 2494880, 2829125, 3279615, 3694083, 4255980, 4729043, 5428885, 6000725, 6797522, 7496643, 8470880, 9225285, 10385490, 11303045, 12606400, 13675200, 15211999, 16344612, 18189730, 19518723, 21485518, 23061604, 25378110, 26977365, 29675120, 31561923, 34444015, 36587859, 39920485, 42093765, 45973280, 48469443, 52425633, 55383365, 60028850, 62821200, 68095679, 71374560, 76865250, 80604488, 86778640, 90388966, 97501995, 101646723, 108766995, 113592965, 121820450, 126120543, 135403755, 140626805, 149946485, 155800325, 166167214, 171648800, 183674480, 189833285, 201517605, 208719605, 222222000, 228451840, 243406625, 250968968, 265639505, 274330805, 290755838, 298297201, 317179250, 325672805, 343767965, 354117123, 374748060, 383037842, 405658514],11.5.d.E.a

11.d,2,5,100,5,[[[22, [86, 33, -51]], [1, [0, 0, 0]], [1, [16, 0, 0]], [1, [0, 0, -81]], [1, [16, 256, 0]], [-624, [625, -625, 625]], [1297, [-1280, 1296, -1377]], [1, [0, -2401, 0]], [1, [16, 256, 4096]], [1, [-6561, 0, -81]], [-10624, [641, -625, 625]], [1, [0, 0, 0]], [22033, [-1280, 1552, -1377]], [1, [28561, 0, 0]], [1, [16, -2401, -38416]], [-624, [625, 50000, 544]], [-65535, [65552, -65280, 69632]], [83522, [-83521, 83521, -83521]], [1297, [-7841, -103680, -1377]], [1, [0, 0, 130321]], [-10624, [-159359, -369, 625]], [-194480, [0, -2401, -81]], [1, [16, 0, 0]], [279842, [0, 0, 0]], [22033, [330496, 1552, 2719]], [-624, [625, -625, -390000]], [1, [28577, 456976, 0]], [-531440, [524880, -531441, 531360]], [614657, [-614640, 612511, -653072]], [1, [0, -707281, 0]], [-9328, [-655, 51296, 809248]], [1, [-923521, 0, 0]], [-1114111, [65552, -65280, 69632]], [1, [0, 0, -81]], [1419858, [-83505, 83521, -83521]], [-624, [1501250, -3026, 625]], [22033, [-7841, -103424, -1680993]], [1, [0, 1874161, 0]], [-2085135, [2085152, -2085136, 2215457]], [2313442, [-2284880, 2313441, -2313522]], [-10624, [-159359, -2560369, 4721]], [1, [0, 0, 2825761]], [-193184, [-3112976, -1105, -39793]], [-3418800, [0, 0, 0]], [1, [16, 256, 0]], [4100001, [-5936, 50000, 544]], [279842, [4477472, 0, 0]], [1, [0, 0, -4879681]], [-43503, [396032, 5244432, 68255]], [-5764800, [5764801, -5767202, 5764801]], [6239376, [-6249359, 6249375, -6640000]], [83522, [-83521, -6681680, -83602]], [1, [28577, 457232, 7311616]], [1, [-7890481, 0, 0]], [-9033200, [523600, -635121, 530064]], [-624, [625, -625, 625]], [10449153, [-614640, 612511, -648976]], [1, [10556001, 0, 130240]], [1, [16, -707281, -11316496]], [1, [0, 12117361, 0]], [-12948592, [12799345, -12908448, 13769248]], [13845842, [-13845841, 13845841, -13845841]], [1, [-923505, -14776336, 0]], [-194480, [-6561, -2401, 15752880]], [-1114111, [-16711664, -65280, 69632]], [-17851249, [29186, -625, 625]], [1297, [-1280, 1296, -1377]], [20151122, [0, 0, 0]], [1419858, [21297871, 83777, -83521]], [279842, [0, 0, -22667202]], [-10624, [1501266, 24006974, -37791]], [-25411680, [25411681, -25411681, 25411681]], [26895889, [-26549921, 26770432, -28550753]], [1, [0, -28398241, 0]], [1, [16, 1874161, 29986576]], [-624, [-31640000, 50000, -390081]], [-35447311, [2085152, -2084880, 2215457]], [1, [0, -2401, 0]], [39329794, [-2286160, 2771713, -2314818]], [1, [38950081, 0, 0]], [-76160, [-93823, -2625905, -40889743]], [-531440, [524880, 42515280, 531360]], [-45212175, [45212192, -45212176, 48037937]], [47458322, [-47458321, 47458321, -47458321]], [442208, [-3727632, -49173329, -654449]], [82897, [-82896, 82896, 52117729]], [-3418800, [-54700800, 0, 0]], [-57289760, [0, -707281, -81]], [1, [16, 256, 4096]], [62742242, [0, 0, 0]], [4091297, [65602784, -53680, 809248]], [1, [28561, -2401, -68574961]], [279842, [4477472, 71639552, 0]], [-74805200, [73881680, -74805201, 74805120]], [78074897, [-78074880, 78074896, -82954577]], [-624, [625, -81451250, 130946]], [-1092079, [396032, 5244432, 85002911]], [1, [-88529281, 0, 0]], [-98001616, [5764817, -5767202, 5726385]], [1, [-6561, 0, -81]], [106239376, [-6409359, 6249631, -6640000]]]],[90, 4, 20, -77, -236, -621, 1235, 2405, 3860, -6638, -40605, 4, 83923, 28565, -35995, -51327, -61676, 83525, 99650, 130325, -200861, -775600, 20, 1119368, 419795, -391246, -428395, -538079, 578405, 707285, 719985, -923517, -4255980, -77, 5428885, 1502405, -1497278, -1874157, -1954795, 2341925, 2363235, 2825765, -3924400, -13675200, -236, 16344612, 5596840, -4879677, -4954157, -5762396, 5818770, 6848645, 6882965, -7890477, -34444015, -621, 39920485, 10686245, -10609195, -12117357, -12317327, 13845845, 13852835, 14970800, -21033196, -71374560, 1235, 80604488, 26810005, -21547834, -22585995, -25411677, 25712450, 28398245, 28112435, -32082577, -135403755, 2405, 149946485, 38950085, -38662301, -43584800, -42386395, 47458325, 46560080, 52283525, -68376000, -228451840, 3860, 250968968, 82830900, -68543995, -66042712, -75728799, 73195235, 81580325, 75786195, -88529277, -374748060, -6638, 405658514],11.5.d.E.b

13.d,5,5,100,4,[[[0, [0]], [1, [0]], [16, [-1]], [82, [0]], [255, [-16]], [625, [-1]], [1312, [-82]], [2401, [1]], [4080, [-255]], [6643, [0]], [9999, [-641]], [14641, [1]], [20910, [-1312]], [28561, [0]], [38417, [-2385]], [51250, [-82]], [65281, [-4080]], [83520, [0]], [106288, [-6643]], [130321, [-1]], [159359, [-10255]], [196882, [82]], [234257, [-14625]], [279840, [0]], [334560, [-20910]], [390624, [-625]], [456976, [-28561]], [538084, [0]], [612271, [-38161]], [707282, [0]], [819918, [-52562]], [923521, [-1]], [1044496, [-65281]], [1200562, [82]], [1336320, [-83520]], [1500626, [-1776]], [1693965, [-106288]], [1874161, [1]], [2085135, [-130337]], [2342002, [0]], [2549745, [-163455]], [2825761, [-1]], [3150194, [-195570]], [3418800, [0]], [3733471, [-234001]], [4151875, [-6643]], [4477440, [-279840]], [4879681, [1]], [5353042, [-334560]], [5764800, [2401]], [6249359, [-400624]], [6848640, [0]], [7283055, [-456976]], [7890482, [0]], [8609344, [-538084]], [9150626, [-14016]], [9796335, [-608175]], [10686322, [-82]], [11316512, [-707282]], [12117361, [1]], [13067438, [-840910]], [13845842, [0]], [14776335, [-923537]], [15949843, [6643]], [16711935, [-1044496]], [17850625, [-28561]], [19209074, [-1199250]], [20151121, [-1]], [21297600, [-1336320]], [22946880, [0]], [24008240, [-1529042]], [25411681, [-1]], [27103440, [-1693965]], [28398241, [1]], [29986577, [-1874145]], [32031168, [-51250]], [33231839, [-2085391]], [35153040, [17042]], [37472032, [-2342002]], [38950082, [0]], [40796545, [-2615281]], [43584805, [0]], [45212175, [-2825777]], [47458321, [-1]], [50206222, [-3129202]], [52200000, [-83520]], [54700800, [-3418800]], [57997124, [0]], [59735535, [-3729375]], [62742241, [1]], [66423357, [-4258163]], [68574961, [28561]], [71359200, [-4477440]], [75728722, [-82]], [78074897, [-4879665]], [81450624, [-130946]], [85648672, [-5353042]], [88529281, [-1]], [92239201, [-5726384]], [97260163, [6643]], [99599120, [-6409359]]]],[0, 2, 32, 164, 510, 1250, 2624, 4802, 8160, 13286, 19998, 29282, 41820, 57122, 76834, 102500, 130562, 167040, 212576, 260642, 318718, 393764, 468514, 559680, 669120, 781248, 913952, 1076168, 1224542, 1414564, 1639836, 1847042, 2088992, 2401124, 2672640, 3001252, 3387930, 3748322, 4170270, 4684004, 5099490, 5651522, 6300388, 6837600, 7466942, 8303750, 8954880, 9759362, 10706084, 11529600, 12498718, 13697280, 14566110, 15780964, 17218688, 18301252, 19592670, 21372644, 22633024, 24234722, 26134876, 27691684, 29552670, 31899686, 33423870, 35701250, 38418148, 40302242, 42595200, 45893760, 48016480, 50823362, 54206880, 56796482, 59973154, 64062336, 66463678, 70306080, 74944064, 77900164, 81593090, 87169610, 90424350, 94916642, 100412444, 104400000, 109401600, 115994248, 119471070, 125484482, 132846714, 137149922, 142718400, 151457444, 156149794, 162901248, 171297344, 177058562, 184478402, 194520326, 199198240],13.5.d.E.a

13.d,5,5,100,4,[[[81, [-240]], [1, [0]], [1, [-16]], [82, [0]], [-255, [-16]], [1, [-625]], [82, [-1312]], [1, [2401]], [-255, [4080]], [6643, [0]], [-9999, [-641]], [1, [14641]], [-20910, [-1312]], [1, [0]], [38417, [2385]], [82, [-51250]], [65281, [4080]], [-83520, [0]], [6643, [-106288]], [1, [-130321]], [-10255, [159359]], [82, [196882]], [234257, [14625]], [-279840, [0]], [-20910, [334560]], [-390624, [-625]], [1, [-16]], [538084, [0]], [38161, [-612271]], [707282, [0]], [-819918, [-52562]], [1, [-923521]], [65281, [-1044496]], [82, [1200562]], [-83520, [1336320]], [1500626, [1776]], [-1693965, [-106288]], [1, [1874161]], [-2085135, [-130337]], [82, [0]], [2549745, [163455]], [1, [-2825761]], [3150194, [195570]], [-3418800, [0]], [234001, [-3733471]], [6643, [-4151875]], [-279840, [4477440]], [1, [4879681]], [5353042, [334560]], [-5764800, [2401]], [-400624, [6249359]], [-6848640, [0]], [-255, [-16]], [7890482, [0]], [538084, [-8609344]], [9150626, [14016]], [-9796335, [-608175]], [82, [-10686322]], [707282, [-11316512]], [1, [12117361]], [-840910, [13067438]], [13845842, [0]], [-14776335, [-923537]], [6643, [15949843]], [-16711935, [-1044496]], [1, [-625]], [19209074, [1199250]], [1, [-20151121]], [21297600, [1336320]], [-22946880, [0]], [1529042, [-24008240]], [1, [-25411681]], [-1693965, [27103440]], [1, [28398241]], [29986577, [1874145]], [-32031168, [-51250]], [-2085391, [33231839]], [-35153040, [17042]], [82, [-1312]], [38950082, [0]], [2615281, [-40796545]], [43584805, [0]], [-45212175, [-2825777]], [1, [-47458321]], [3129202, [-50206222]], [-83520, [52200000]], [-3418800, [54700800]], [57997124, [0]], [-59735535, [-3729375]], [1, [62742241]], [-66423357, [-4258163]], [1, [2401]], [71359200, [4477440]], [82, [-75728722]], [78074897, [4879665]], [-81450624, [-130946]], [5353042, [-85648672]], [1, [-88529281]], [-5726384, [92239201]], [6643, [97260163]], [99599120, [6409359]]]],[162, 2, 2, 164, -510, 2, 164, 2, -510, 13286, -19998, 2, -41820, 2, 76834, 164, 130562, -167040, 13286, 2, -20510, 164, 468514, -559680, -41820, -781248, 2, 1076168, 76322, 1414564, -1639836, 2, 130562, 164, -167040, 3001252, -3387930, 2, -4170270, 164, 5099490, 2, 6300388, -6837600, 468002, 13286, -559680, 2, 10706084, -11529600, -801248, -13697280, -510, 15780964, 1076168, 18301252, -19592670, 164, 1414564, 2, -1681820, 27691684, -29552670, 13286, -33423870, 2, 38418148, 2, 42595200, -45893760, 3058084, 2, -3387930, 2, 59973154, -64062336, -4170782, -70306080, 164, 77900164, 5230562, 87169610, -90424350, 2, 6258404, -167040, -6837600, 115994248, -119471070, 2, -132846714, 2, 142718400, 164, 156149794, -162901248, 10706084, 2, -11452768, 13286, 199198240],13.5.d.E.b

13.f,2,5,100,12,[[[0, [0, 0, 0]], [1, [0, 0, 0]], [16, [1, 0, 0]], [80, [0, 1, 0]], [256, [16, 1, 0]], [625, [0, 0, -1]], [1280, [80, 16, 1]], [2401, [1, 0, -1]], [4096, [256, 16, 1]], [6480, [0, 80, 0]], [10001, [625, -1, -16]], [14641, [-1, 0, 0]], [20479, [1280, 337, 16]], [28561, [0, 0, 0]], [38417, [2417, 0, -16]], [50000, [1, 625, -81]], [65535, [4096, 257, 16]], [83521, [0, 1, 0]], [103680, [6480, 1280, 80]], [130321, [-1, 0, 1]], [160016, [10001, 609, -257]], [192080, [81, 2401, -80]], [234256, [14625, -1, 0]], [279842, [0, -1, 0]], [327664, [20479, 5392, 337]], [390624, [0, 0, -625]], [456976, [28561, 0, 0]], [524881, [0, 6480, 0]], [614672, [38673, 2401, -256]], [707280, [0, 1, 0]], [800081, [50016, 9920, -671]], [923521, [0, 0, -1]], [1048560, [65535, 4112, 257]], [1171280, [-80, 14641, -1]], [1336336, [83521, 16, 1]], [1500625, [625, -1, -3026]], [1658800, [103680, 27040, 1280]], [1874161, [-1, 0, 0]], [2085135, [130305, 0, 16]], [2284880, [0, 28561, 0]], [2560257, [160016, 9744, -3487]], [2825761, [1, 0, 0]], [3073360, [193376, 38417, 1121]], [3418801, [0, 1, 0]], [3748096, [234000, 14625, -1]], [4050000, [80, 50000, -6560]], [4477472, [279842, -16, -1]], [4879681, [0, 0, 1]], [5242543, [327664, 86352, 5392]], [5764802, [2401, -1, -2401]], [6250609, [390624, -625, -10000]], [6681679, [0, 83602, 0]], [7311616, [456976, 28561, 0]], [7890482, [0, 0, 0]], [8398096, [524881, 103680, 6480]], [9150624, [-625, 1, -14641]], [9834752, [618768, 38417, -1695]], [10425680, [-81, 130321, 80]], [11316480, [707280, 16, 1]], [12117361, [1, 0, -1]], [12800671, [800337, 209345, -10816]], [13845841, [0, -1, 0]], [14776337, [923521, -1, -16]], [15558480, [6560, 192080, -6480]], [16776959, [1048560, 65792, 4112]], [17850625, [0, 0, -28561]], [18740481, [1170000, 234175, 14625]], [20151121, [1, 0, 0]], [21381375, [1336336, 83778, 16]], [22387361, [0, 279761, 0]], [24013026, [1510625, -2417, -48417]], [25411681, [-1, 0, 1]], [26540800, [1658800, 432640, 27040]], [28398241, [0, 0, 1]], [29986576, [1874145, -1, 0]], [31249920, [625, 390624, -50625]], [33362160, [2084879, 130321, 256]], [35153040, [12240, 0, -14641]], [36558080, [2284880, 456976, 28561]], [38950082, [0, 0, 0]], [40963487, [2560257, 156529, -55792]], [42515360, [0, 524881, 0]], [45212176, [2825777, 1, 0]], [47458321, [0, 0, -1]], [49171359, [3094096, 809153, 17937]], [52200625, [1, 625, -83522]], [54700816, [3418801, 16, 1]], [56582399, [0, 707361, 0]], [59969537, [3744000, 233999, 14625]], [62742241, [-1, 0, 0]], [64806560, [4051280, 793520, -54960]], [68574961, [28561, 0, -28561]], [71639553, [4477472, 279585, -16]], [73881680, [1, 923521, -81]], [78074895, [4879681, 1, 16]], [81450625, [-625, 1, -129696]], [83880688, [5242543, 1381632, 86352]], [88529281, [-1, 0, 1]], [92239233, [5803218, -16, -38417]], [94873680, [-6480, 1171280, -80]], [100009744, [6250609, 380624, -160625]]]],[0, 4, 64, 322, 1026, 2500, 5152, 9604, 16416, 26080, 40002, 58564, 82590, 114244, 153668, 201250, 262654, 334086, 417280, 521284, 641282, 773122, 937022, 1119366, 1321440, 1562496, 1827904, 2112484, 2463490, 2829122, 3220164, 3694084, 4202464, 4714402, 5345376, 6002498, 6689280, 7496644, 8340540, 9196642, 10260516, 11303044, 12370274, 13675206, 15021634, 16300000, 17909856, 19518724, 21142876, 23059206, 25001186, 26893920, 29303586, 31561928, 33799744, 36602498, 39415842, 41963362, 45265952, 48469444, 51621374, 55383362, 59105346, 62618080, 67239420, 71402500, 75430274, 80604484, 85693056, 90108966, 96047270, 101646724, 107028480, 113592964, 119946302, 125780928, 133709282, 140612160, 147146272, 155800328, 164167006, 171111202, 180848706, 189833284, 198303742, 208803750, 218803296, 227744318, 240346146, 250968964, 260813280, 274299844, 287117382, 297373762, 312299582, 325802502, 338286016, 354117124, 368956900, 381837280, 400800224],13.5.f.E.a

13.f,2,5,100,12,[[[-911/13, [1138/13, 3475/13, -743/13]], [1, [0, 0, 0]], [1, [16, 0, 0]], [-80, [0, 81, 0]], [1, [16, 256, 0]], [1, [0, 0, -625]], [-80, [-1280, 81, 1296]], [1, [2401, 0, -2401]], [1, [16, 256, 4096]], [-80, [0, -6480, 0]], [10001, [16, -10000, -625]], [1, [-14641, 0, 0]], [-20816, [-1280, 337, 1296]], [1, [0, 0, 0]], [38417, [2417, 0, -2401]], [-80, [50625, 81, -625]], [-65535, [16, 65792, 4096]], [1, [0, 83521, 0]], [-80, [-1280, -6480, -103680]], [1, [-130321, 0, 130321]], [10001, [160016, -9744, -160625]], [-80, [2401, 81, 192080]], [1, [-14625, -234256, 0]], [279842, [0, -279841, 0]], [-20816, [-333056, 337, 5392]], [-390624, [0, 0, -625]], [1, [16, 0, 0]], [531361, [0, -6480, 0]], [38417, [617073, 256, -2401]], [-707280, [0, 707281, 0]], [9920, [49345, 800081, 671]], [1, [0, 0, -923521]], [-65535, [-1048560, 65792, 1052672]], [-80, [1171280, 81, -1185921]], [1, [16, 83521, 1336336]], [1, [2401, -1500625, -3026]], [1658800, [-1280, -1685840, -103680]], [1, [-1874161, 0, 0]], [-2085135, [-130305, 0, 130321]], [-80, [0, 81, 0]], [2570001, [160016, -9744, -156529]], [1, [2825761, 0, 0]], [-3073360, [1121, 3111777, 193376]], [1, [0, 3418801, 0]], [1, [-14625, -234000, -3748096]], [-80, [-4050000, -6480, 4100000]], [279842, [4477472, -279841, -4477456]], [1, [0, 0, 4879681]], [-86352, [-333056, -5242543, 5392]], [5764802, [2401, -5764801, -2401]], [-380624, [-6249984, -10000, -625]], [-6765281, [0, 83602, 0]], [1, [16, 256, 0]], [7890482, [0, 0, 0]], [531361, [8501776, -6480, -103680]], [-9150624, [-14641, 9150625, -625]], [38417, [617073, 9834752, 1695]], [-80, [-130321, 81, -10425680]], [-707280, [-11316480, 707281, 11316496]], [1, [12117361, 0, -12117361]], [-10816, [209345, 800337, 12800671]], [1, [0, -13845841, 0]], [14776337, [16, -14776336, -923521]], [-80, [-15750560, -6480, 192080]], [-16842751, [-1048560, 65792, 1052672]], [1, [0, 0, -625]], [18974656, [1170000, -234175, -1184625]], [1, [20151121, 0, 0]], [-21381375, [16, 21465153, 1336336]], [279761, [0, 22387361, 0]], [48417, [2417, -1510625, -24013026]], [1, [-25411681, 0, 25411681]], [1658800, [26540800, -1685840, -26973440]], [1, [0, 0, 28398241]], [1, [-1874145, -29986576, 0]], [31249920, [50625, -31640544, -625]], [-2085135, [-33492481, 256, 130321]], [-35153040, [-12240, 0, -2401]], [-80, [-1280, 81, 1296]], [38950082, [0, 0, 0]], [2504465, [41120016, 55792, -156529]], [-42515360, [0, 43040241, 0]], [1, [2825777, 45212176, 0]], [1, [0, 0, -47458321]], [-3094096, [-49171359, 3112033, 49980512]], [1, [52200625, 83521, -52201250]], [1, [16, 3418801, 54700816]], [-707361, [0, -56582399, 0]], [59969537, [-14625, -60203536, -3744000]], [1, [-62742241, 0, 0]], [-65600080, [-4051280, 793520, 3996320]], [1, [2401, 0, -2401]], [71919138, [4477472, -279585, -4477456]], [-80, [74805201, 81, -923521]], [-78074895, [16, 78074896, 4879681]], [1, [-130321, 81450625, 129696]], [-86352, [-1381632, -5242543, -83880688]], [1, [-88529281, 0, 88529281]], [5803218, [92239233, -5764801, -92239217]], [-80, [1171280, -6480, 94873680]], [-380624, [-6089984, -100009744, -160625]]]],[3306/13, 4, 4, -158, 516, 4, -158, 4, 516, -13280, 20004, 4, -82590, 4, 153668, -158, -130556, 167046, -13280, 4, 20516, -158, -468508, 559686, -82590, -1562496, 4, 2112484, 154180, -1414558, 1639842, 4, -130556, -158, 167046, -3001246, 3263520, 4, -8340540, -158, 10260516, 4, -6069886, 6837606, -467996, -13280, 559686, 4, -10830494, 11529606, -1542496, -26893920, 516, 31561928, 2112484, -18301246, 19823172, -158, -1414558, 4, 1557410, -27691678, 29552676, -13280, -67239420, 4, 75430274, 4, -42595194, 45893766, -2827582, 4, 3263520, 4, -59973148, 61718592, -8340028, -140612160, -158, 155800328, 10129444, -83980958, 90424356, 4, -6152318, 167046, 6837606, -115994242, 119471076, 4, -260813280, 4, 287117382, -158, -156149788, 162901254, -10830494, 4, 11683270, -13280, -201541984],13.5.f.E.b

15.d,14,5,100,1,[[[0, []], [1, []], [17, []], [81, []], [273, []], [625, []], [1377, []], [2400, []], [4369, []], [6561, []], [10625, []], [14640, []], [22113, []], [28560, []], [40800, []], [50625, []], [69905, []], [83522, []], [111537, []], [130322, []], [170625, []], [194400, []], [248880, []], [279842, []], [353889, []], [390625, []], [485520, []], [531441, []], [655200, []], [707280, []], [860625, []], [923522, []], [1118481, []], [1185840, []], [1419874, []], [1500000, []], [1791153, []], [1874160, []], [2215474, []], [2313360, []], [2730625, []], [2825760, []], [3304800, []], [3418800, []], [3996720, []], [4100625, []], [4757314, []], [4879682, []], [5662305, []], [5762401, []], [6640625, []], [6765282, []], [7796880, []], [7890482, []], [9034497, []], [9150000, []], [10485600, []], [10556082, []], [12023760, []], [12117360, []], [13820625, []], [13845842, []], [15699874, []], [15746400, []], [17895697, []], [17850000, []], [20159280, []], [20151120, []], [22801506, []], [22667202, []], [25500000, []], [25411680, []], [28665009, []], [28398240, []], [31860720, []], [31640625, []], [35577906, []], [35136000, []], [39327120, []], [38950082, []], [43690625, []], [43046721, []], [48037920, []], [47458322, []], [53071200, []], [52201250, []], [58119600, []], [57289680, []], [63962160, []], [62742240, []], [69710625, []], [68544000, []], [76396866, []], [74805282, []], [82954594, []], [81451250, []], [90596961, []], [88529280, []], [97960817, []], [96053040, []], [106640625, []]]],[0, 1, 17, 81, 273, 625, 1377, 2400, 4369, 6561, 10625, 14640, 22113, 28560, 40800, 50625, 69905, 83522, 111537, 130322, 170625, 194400, 248880, 279842, 353889, 390625, 485520, 531441, 655200, 707280, 860625, 923522, 1118481, 1185840, 1419874, 1500000, 1791153, 1874160, 2215474, 2313360, 2730625, 2825760, 3304800, 3418800, 3996720, 4100625, 4757314, 4879682, 5662305, 5762401, 6640625, 6765282, 7796880, 7890482, 9034497, 9150000, 10485600, 10556082, 12023760, 12117360, 13820625, 13845842, 15699874, 15746400, 17895697, 17850000, 20159280, 20151120, 22801506, 22667202, 25500000, 25411680, 28665009, 28398240, 31860720, 31640625, 35577906, 35136000, 39327120, 38950082, 43690625, 43046721, 48037920, 47458322, 53071200, 52201250, 58119600, 57289680, 63962160, 62742240, 69710625, 68544000, 76396866, 74805282, 82954594, 81451250, 90596961, 88529280, 97960817, 96053040, 106640625],15.5.d.E.a

15.d,14,5,100,1,[[[496, []], [1, []], [17, []], [1, []], [273, []], [1, []], [17, []], [-2400, []], [4369, []], [1, []], [17, []], [-14640, []], [273, []], [-28560, []], [-40800, []], [1, []], [69905, []], [83522, []], [17, []], [130322, []], [273, []], [-2400, []], [-248880, []], [279842, []], [4369, []], [1, []], [-485520, []], [1, []], [-655200, []], [-707280, []], [17, []], [923522, []], [1118481, []], [-14640, []], [1419874, []], [-2400, []], [273, []], [-1874160, []], [2215474, []], [-28560, []], [4369, []], [-2825760, []], [-40800, []], [-3418800, []], [-3996720, []], [1, []], [4757314, []], [4879682, []], [69905, []], [5762401, []], [17, []], [83522, []], [-7796880, []], [7890482, []], [17, []], [-14640, []], [-10485600, []], [130322, []], [-12023760, []], [-12117360, []], [273, []], [13845842, []], [15699874, []], [-2400, []], [17895697, []], [-28560, []], [-248880, []], [-20151120, []], [22801506, []], [279842, []], [-40800, []], [-25411680, []], [4369, []], [-28398240, []], [-31860720, []], [1, []], [35577906, []], [35136000, []], [-485520, []], [38950082, []], [69905, []], [1, []], [-48037920, []], [47458322, []], [-655200, []], [83522, []], [-58119600, []], [-707280, []], [-63962160, []], [-62742240, []], [17, []], [68544000, []], [76396866, []], [923522, []], [82954594, []], [130322, []], [1118481, []], [-88529280, []], [97960817, []], [-14640, []], [273, []]]],[496, 1, 17, 1, 273, 1, 17, -2400, 4369, 1, 17, -14640, 273, -28560, -40800, 1, 69905, 83522, 17, 130322, 273, -2400, -248880, 279842, 4369, 1, -485520, 1, -655200, -707280, 17, 923522, 1118481, -14640, 1419874, -2400, 273, -1874160, 2215474, -28560, 4369, -2825760, -40800, -3418800, -3996720, 1, 4757314, 4879682, 69905, 5762401, 17, 83522, -7796880, 7890482, 17, -14640, -10485600, 130322, -12023760, -12117360, 273, 13845842, 15699874, -2400, 17895697, -28560, -248880, -20151120, 22801506, 279842, -40800, -25411680, 4369, -28398240, -31860720, 1, 35577906, 35136000, -485520, 38950082, 69905, 1, -48037920, 47458322, -655200, 83522, -58119600, -707280, -63962160, -62742240, 17, 68544000, 76396866, 923522, 82954594, 130322, 1118481, -88529280, 97960817, -14640, 273],15.5.d.E.b

15.d,14,5,100,1,[[[0, []], [1, []], [-17, []], [-81, []], [273, []], [-1, []], [1377, []], [-2400, []], [-4369, []], [6561, []], [17, []], [14640, []], [-22113, []], [-28560, []], [40800, []], [81, []], [69905, []], [-83522, []], [-111537, []], [130322, []], [-273, []], [194400, []], [-248880, []], [-279842, []], [353889, []], [1, []], [485520, []], [-531441, []], [-655200, []], [707280, []], [-1377, []], [923522, []], [-1118481, []], [-1185840, []], [1419874, []], [2400, []], [1791153, []], [-1874160, []], [-2215474, []], [2313360, []], [4369, []], [2825760, []], [-3304800, []], [-3418800, []], [3996720, []], [-6561, []], [4757314, []], [-4879682, []], [-5662305, []], [5762401, []], [-17, []], [6765282, []], [-7796880, []], [-7890482, []], [9034497, []], [-14640, []], [10485600, []], [-10556082, []], [-12023760, []], [12117360, []], [22113, []], [13845842, []], [-15699874, []], [-15746400, []], [17895697, []], [28560, []], [20159280, []], [-20151120, []], [-22801506, []], [22667202, []], [-40800, []], [25411680, []], [-28665009, []], [-28398240, []], [31860720, []], [-81, []], [35577906, []], [-35136000, []], [-39327120, []], [38950082, []], [-69905, []], [43046721, []], [-48037920, []], [-47458322, []], [53071200, []], [83522, []], [58119600, []], [-57289680, []], [-63962160, []], [62742240, []], [111537, []], [68544000, []], [-76396866, []], [-74805282, []], [82954594, []], [-130322, []], [90596961, []], [-88529280, []], [-97960817, []], [96053040, []], [273, []]]],[0, 1, -17, -81, 273, -1, 1377, -2400, -4369, 6561, 17, 14640, -22113, -28560, 40800, 81, 69905, -83522, -111537, 130322, -273, 194400, -248880, -279842, 353889, 1, 485520, -531441, -655200, 707280, -1377, 923522, -1118481, -1185840, 1419874, 2400, 1791153, -1874160, -2215474, 2313360, 4369, 2825760, -3304800, -3418800, 3996720, -6561, 4757314, -4879682, -5662305, 5762401, -17, 6765282, -7796880, -7890482, 9034497, -14640, 10485600, -10556082, -12023760, 12117360, 22113, 13845842, -15699874, -15746400, 17895697, 28560, 20159280, -20151120, -22801506, 22667202, -40800, 25411680, -28665009, -28398240, 31860720, -81, 35577906, -35136000, -39327120, 38950082, -69905, 43046721, -48037920, -47458322, 53071200, 83522, 58119600, -57289680, -63962160, 62742240, 111537, 68544000, -76396866, -74805282, 82954594, -130322, 90596961, -88529280, -97960817, 96053040, 273],15.5.d.E.c

15.d,14,5,100,1,[[[0, []], [1, []], [-17, []], [-1, []], [273, []], [-625, []], [17, []], [2400, []], [-4369, []], [1, []], [10625, []], [-14640, []], [-273, []], [28560, []], [-40800, []], [625, []], [69905, []], [-83522, []], [-17, []], [130322, []], [-170625, []], [-2400, []], [248880, []], [-279842, []], [4369, []], [390625, []], [-485520, []], [-1, []], [655200, []], [-707280, []], [-10625, []], [923522, []], [-1118481, []], [14640, []], [1419874, []], [-1500000, []], [273, []], [1874160, []], [-2215474, []], [-28560, []], [2730625, []], [-2825760, []], [40800, []], [3418800, []], [-3996720, []], [-625, []], [4757314, []], [-4879682, []], [-69905, []], [5762401, []], [-6640625, []], [83522, []], [7796880, []], [-7890482, []], [17, []], [9150000, []], [-10485600, []], [-130322, []], [12023760, []], [-12117360, []], [170625, []], [13845842, []], [-15699874, []], [2400, []], [17895697, []], [-17850000, []], [-248880, []], [20151120, []], [-22801506, []], [279842, []], [25500000, []], [-25411680, []], [-4369, []], [28398240, []], [-31860720, []], [-390625, []], [35577906, []], [-35136000, []], [485520, []], [38950082, []], [-43690625, []], [1, []], [48037920, []], [-47458322, []], [-655200, []], [52201250, []], [-58119600, []], [707280, []], [63962160, []], [-62742240, []], [10625, []], [68544000, []], [-76396866, []], [-923522, []], [82954594, []], [-81451250, []], [1118481, []], [88529280, []], [-97960817, []], [-14640, []], [106640625, []]]],[0, 1, -17, -1, 273, -625, 17, 2400, -4369, 1, 10625, -14640, -273, 28560, -40800, 625, 69905, -83522, -17, 130322, -170625, -2400, 248880, -279842, 4369, 390625, -485520, -1, 655200, -707280, -10625, 923522, -1118481, 14640, 1419874, -1500000, 273, 1874160, -2215474, -28560, 2730625, -2825760, 40800, 3418800, -3996720, -625, 4757314, -4879682, -69905, 5762401, -6640625, 83522, 7796880, -7890482, 17, 9150000, -10485600, -130322, 12023760, -12117360, 170625, 13845842, -15699874, 2400, 17895697, -17850000, -248880, 20151120, -22801506, 279842, 25500000, -25411680, -4369, 28398240, -31860720, -390625, 35577906, -35136000, 485520, 38950082, -43690625, 1, 48037920, -47458322, -655200, 52201250, -58119600, 707280, 63962160, -62742240, 10625, 68544000, -76396866, -923522, 82954594, -81451250, 1118481, 88529280, -97960817, -14640, 106640625],15.5.d.E.d

16.f,3,5,100,4,[[[0, [0]], [1, [0]], [16, [0]], [81, [-1]], [256, [0]], [625, [-1]], [1296, [-16]], [2402, [0]], [4096, [0]], [6560, [-81]], [10000, [-16]], [14641, [1]], [20736, [-256]], [28561, [1]], [38432, [0]], [50624, [-706]], [65536, [0]], [83522, [0]], [104960, [-1296]], [130321, [-1]], [160000, [-256]], [194562, [-2402]], [234256, [16]], [279842, [0]], [331776, [-4096]], [390624, [-625]], [456976, [16]], [531360, [-6560]], [614912, [0]], [707281, [1]], [809984, [-11296]], [923520, [0]], [1048576, [0]], [1185922, [-14560]], [1336352, [0]], [1501250, [-2402]], [1679360, [-20736]], [1874161, [-1]], [2085136, [-16]], [2313442, [-28480]], [2560000, [-4096]], [2825760, [0]], [3112992, [-38432]], [3418801, [1]], [3748096, [256]], [4099919, [-57185]], [4477472, [0]], [4879680, [0]], [5308416, [-65536]], [5767203, [0]], [6249984, [-10000]], [6765282, [-83522]], [7311616, [256]], [7890481, [-1]], [8501760, [-104960]], [9150626, [-14016]], [9838592, [0]], [10556000, [-130402]], [11316496, [16]], [12117361, [1]], [12959744, [-180736]], [13845841, [1]], [14776320, [0]], [15757120, [-194562]], [16777216, [0]], [17850626, [-27936]], [18974752, [-232960]], [20151121, [-1]], [21381632, [0]], [22667202, [-279842]], [24020000, [-38432]], [25411682, [0]], [26869760, [-331776]], [28398240, [0]], [29986576, [-16]], [31639919, [-441249]], [33362176, [-256]], [35167682, [2402]], [37015072, [-455680]], [38950080, [0]], [40960000, [-65536]], [43040161, [-531360]], [45212160, [0]], [47458321, [-1]], [49807872, [-614912]], [52201250, [-83522]], [54700816, [16]], [57289762, [-707200]], [59969536, [4096]], [62742240, [0]], [65598704, [-914960]], [68603522, [2402]], [71639552, [0]], [74805120, [-923520]], [78074880, [0]], [81450624, [-130946]], [84934656, [-1048576]], [88529282, [0]], [92275248, [0]], [96045041, [-1179361]], [99999744, [-160000]]]],[0, 2, 32, 162, 512, 1250, 2592, 4804, 8192, 13120, 20000, 29282, 41472, 57122, 76864, 101248, 131072, 167044, 209920, 260642, 320000, 389124, 468512, 559684, 663552, 781248, 913952, 1062720, 1229824, 1414562, 1619968, 1847040, 2097152, 2371844, 2672704, 3002500, 3358720, 3748322, 4170272, 4626884, 5120000, 5651520, 6225984, 6837602, 7496192, 8199838, 8954944, 9759360, 10616832, 11534406, 12499968, 13530564, 14623232, 15780962, 17003520, 18301252, 19677184, 21112000, 22632992, 24234722, 25919488, 27691682, 29552640, 31514240, 33554432, 35701252, 37949504, 40302242, 42763264, 45334404, 48040000, 50823364, 53739520, 56796480, 59973152, 63279838, 66724352, 70335364, 74030144, 77900160, 81920000, 86080322, 90424320, 94916642, 99615744, 104402500, 109401632, 114579524, 119939072, 125484480, 131197408, 137207044, 143279104, 149610240, 156149760, 162901248, 169869312, 177058564, 184550496, 192090082, 199999488],16.5.f.E.a

16.f,3,5,100,4,[[[497/2, [-1185/2]], [1, [0]], [1, [0]], [1, [-81]], [1, [0]], [1, [-625]], [1, [-81]], [2402, [0]], [1, [0]], [-6560, [-81]], [1, [-625]], [1, [14641]], [1, [-81]], [1, [28561]], [2402, [0]], [-50624, [-706]], [1, [0]], [83522, [0]], [-6560, [-81]], [1, [-130321]], [1, [-625]], [2402, [-194562]], [1, [14641]], [279842, [0]], [1, [-81]], [-390624, [-625]], [1, [28561]], [-6560, [531360]], [2402, [0]], [1, [707281]], [-50624, [-706]], [-923520, [0]], [1, [0]], [1185922, [14560]], [83522, [0]], [2402, [-1501250]], [-6560, [-81]], [1, [-1874161]], [1, [-130321]], [2313442, [28480]], [1, [-625]], [-2825760, [0]], [2402, [-194562]], [1, [3418801]], [1, [14641]], [-57185, [4099919]], [279842, [0]], [-4879680, [0]], [1, [-81]], [5767203, [0]], [-390624, [-625]], [83522, [-6765282]], [1, [28561]], [1, [-7890481]], [-6560, [531360]], [9150626, [14016]], [2402, [0]], [-10556000, [-130402]], [1, [707281]], [1, [12117361]], [-50624, [-706]], [1, [13845841]], [-923520, [0]], [-15757120, [-194562]], [1, [0]], [17850626, [27936]], [1185922, [14560]], [1, [-20151121]], [83522, [0]], [279842, [-22667202]], [2402, [-1501250]], [25411682, [0]], [-6560, [-81]], [-28398240, [0]], [1, [-1874161]], [-441249, [31639919]], [1, [-130321]], [2402, [35167682]], [2313442, [28480]], [-38950080, [0]], [1, [-625]], [43040161, [531360]], [-2825760, [0]], [1, [-47458321]], [2402, [-194562]], [83522, [-52201250]], [1, [3418801]], [57289762, [707200]], [1, [14641]], [-62742240, [0]], [-57185, [4099919]], [2402, [68603522]], [279842, [0]], [-923520, [74805120]], [-4879680, [0]], [-81450624, [-130946]], [1, [-81]], [88529282, [0]], [5767203, [0]], [1179361, [-96045041]], [-390624, [-625]]]],[497, 2, 2, 2, 2, 2, 2, 4804, 2, -13120, 2, 2, 2, 2, 4804, -101248, 2, 167044, -13120, 2, 2, 4804, 2, 559684, 2, -781248, 2, -13120, 4804, 2, -101248, -1847040, 2, 2371844, 167044, 4804, -13120, 2, 2, 4626884, 2, -5651520, 4804, 2, 2, -114370, 559684, -9759360, 2, 11534406, -781248, 167044, 2, 2, -13120, 18301252, 4804, -21112000, 2, 2, -101248, 2, -1847040, -31514240, 2, 35701252, 2371844, 2, 167044, 559684, 4804, 50823364, -13120, -56796480, 2, -882498, 2, 4804, 4626884, -77900160, 2, 86080322, -5651520, 2, 4804, 167044, 2, 114579524, 2, -125484480, -114370, 4804, 559684, -1847040, -9759360, -162901248, 2, 177058564, 11534406, 2358722, -781248],16.5.f.E.b

17.e,3,5,100,16,[[[0, [0, 0, 0, 0, 0, 0, 0]], [1, [0, 0, 0, 0, 0, 0, 0]], [16, [0, 0, 0, 0, 0, -1, 0]], [81, [1, 0, 0, 0, 0, 0, 0]], [256, [0, 0, 0, -1, 0, -16, 0]], [625, [0, 0, 0, 0, 1, 0, 0]], [1296, [16, 0, 0, 0, 0, -81, -1]], [2401, [0, 0, -1, 0, 0, 0, 0]], [4096, [0, -1, 0, -16, 0, -256, 0]], [6561, [81, 1, 0, 0, 0, 0, 0]], [10000, [0, 0, 1, 0, 16, -625, 0]], [14641, [0, 0, 0, 0, 0, 0, 1]], [20736, [256, 0, 0, -81, -1, -1296, -16]], [28561, [0, 0, 0, 1, 0, 0, 0]], [38416, [-1, 0, -16, 0, 0, -2401, 0]], [50625, [625, 0, 0, 0, 81, 1, 0]], [65535, [0, -16, 0, -256, 0, -4096, 0]], [83521, [0, 0, 0, 0, 0, 0, 0]], [104977, [1296, 16, 0, 0, 0, -6561, -81]], [130321, [0, 0, 0, 0, 0, -1, 0]], [160000, [1, 0, 16, -625, 256, -10000, 0]], [194481, [2401, 0, -81, -1, 0, 0, 0]], [234256, [0, 0, 0, 0, 1, -14641, 16]], [279841, [0, 0, 0, 0, 0, 0, -1]], [331776, [4096, -81, -1, -1296, -16, -20736, -256]], [390625, [0, -1, 0, 0, 625, 0, 0]], [456976, [0, 1, 0, 16, 0, -28561, 0]], [531441, [6561, 81, 1, 0, 0, 0, 0]], [614656, [-16, 0, -256, -2401, 0, -38416, 1]], [707281, [0, 0, 0, 0, -1, 0, 0]], [810000, [10000, 0, 81, 1, 1296, -50609, -625]], [923521, [-1, 0, 0, 0, 0, 0, 0]], [1048560, [0, -256, 0, -4096, 0, -65535, 0]], [1185920, [14641, 0, 0, 0, 0, 0, 81]], [1336336, [0, 0, 0, 0, 0, -83521, 0]], [1500626, [0, 0, -625, 0, 2401, 0, 0]], [1679632, [20736, 256, 0, -6561, -81, -104977, -1296]], [1874161, [1, 0, 0, 0, 0, 0, 0]], [2085136, [0, 0, 0, -1, 0, -130337, 0]], [2313441, [28561, 0, 0, 81, 1, 0, 0]], [2560000, [16, -625, 256, -10000, 4096, -160000, -1]], [2825761, [0, 0, -1, 0, 0, 0, 0]], [3111696, [38335, -1, -1296, -16, 0, -194481, -2401]], [3418801, [0, 1, 0, 0, 0, 0, 0]], [3748096, [0, 0, 1, -14641, 16, -234256, 256]], [4100625, [50625, 625, 0, 0, 6561, 81, 1]], [4477456, [0, 0, 0, 0, -1, -279841, -16]], [4879681, [0, 0, 0, 1, 0, 0, 0]], [5308335, [65535, -1296, -16, -20736, -256, -331776, -4096]], [5764801, [0, 0, -2401, 0, 0, 1, 0]], [6249999, [0, -16, 625, 0, 10000, -390625, 0]], [6765201, [83521, 0, 0, 0, 0, 0, 0]], [7311617, [0, 16, 0, -28305, 0, -456976, 0]], [7890481, [0, 0, 0, 0, 0, -1, 0]], [8503137, [104977, 1296, 16, 0, 0, -531441, -6561]], [9150625, [0, 0, 0, -1, 14641, 0, 625]], [9834496, [-256, -2401, -4096, -38416, 1, -614656, 16]], [10556001, [130321, 0, 0, 0, 0, -81, -1]], [11316496, [0, 0, -1, 0, -16, -707281, 0]], [12117361, [0, -1, 0, 0, 0, 0, 0]], [12960000, [160081, 1, 1296, -50609, 20111, -809744, -10000]], [13845841, [0, 0, 1, 0, 0, 0, 0]], [14776336, [-16, 0, 0, 0, 0, -923521, 1]], [15752961, [194481, 2401, -6561, -81, -1, 0, 0]], [16776960, [0, -4096, 0, -65535, 0, -1048560, 0]], [17850625, [-1, 0, 0, 625, 28561, 0, 0]], [18974720, [234256, 0, 0, 0, 81, -1185920, -13345]], [20151120, [0, 0, 0, 0, 0, 0, 0]], [21381376, [0, 0, 0, -83521, 0, -1336336, 0]], [22667122, [279841, 0, 0, 0, 0, 0, -81]], [24010016, [-625, 0, -7599, 0, 38416, -1500626, 0]], [25411681, [1, 0, 0, 0, 0, 0, 0]], [26874112, [331776, -2465, -81, -104977, -1296, -1679632, -20736]], [28398241, [0, 0, 0, 0, 1, 0, 0]], [29986576, [16, 0, 0, 0, 0, -1874161, -1]], [31640625, [390625, -81, -1, 0, 50625, 625, 0]], [33362176, [0, -1, 0, -130337, 0, -2085392, 0]], [35153041, [0, 1, -14641, 0, 0, 0, 2401]], [37015056, [456976, 81, 1, 1296, 16, -2313441, -28561]], [38950081, [0, 0, 0, 0, 0, 0, 1]], [40959375, [256, -10000, 4096, -160000, 65535, -2560000, -16]], [43046721, [531441, 6561, 81, 1, 0, 0, 0]], [45212176, [-1, 0, -16, 0, 0, -2825761, 0]], [47458321, [0, 0, 0, 0, 0, 1, 0]], [49787135, [613360, -16, -20736, -194737, -2401, -3111696, -38335]], [52200625, [0, 0, 0, 0, 83521, 0, 0]], [54700817, [0, 16, 0, 0, 0, -3418801, 0]], [57289761, [707281, 0, 0, 0, -81, -1, 0]], [59969536, [1, -14641, 16, -234256, 256, -3748096, 4096]], [62742241, [0, 0, 0, -1, 0, 0, 0]], [65610625, [810000, 10000, 6561, 81, 104977, -4099329, -50609]], [68574961, [0, 0, -28561, 2401, 0, 0, -1]], [71639296, [0, 0, -1, -279841, -16, -4477456, -256]], [74805201, [923440, -1, 0, 0, 0, 0, 0]], [78074896, [0, 1, 0, 16, 0, -4879681, 0]], [81450625, [0, 0, 1, 0, 130321, -625, 0]], [84933360, [1048560, -20736, -256, -331776, -4096, -5308335, -65535]], [88529281, [0, 0, 0, 0, -1, 0, 0]], [92236816, [-2401, 0, -38416, 1, 0, -5764785, 0]], [96059520, [1185920, 14641, 0, 0, 0, 0, 6561]], [99999984, [625, -256, 10000, -390625, 160000, -6249999, 0]]]],[0, 8, 128, 648, 2048, 5000, 10368, 19208, 32768, 52488, 80000, 117128, 165888, 228488, 307328, 405000, 524280, 668168, 839816, 1042568, 1280000, 1555848, 1874048, 2238728, 2654208, 3125000, 3655808, 4251528, 4917248, 5658248, 6480000, 7388168, 8388480, 9487360, 10690688, 12005008, 13437056, 14993288, 16681088, 18507528, 20480000, 22606088, 24893568, 27350408, 29984768, 32805000, 35819648, 39037448, 42466680, 46118408, 49999992, 54121608, 58492936, 63123848, 68025096, 73205000, 78675968, 84448008, 90531968, 96938888, 103680000, 110766728, 118210688, 126023688, 134215680, 142805000, 151797760, 161208960, 171051008, 181336976, 192080128, 203293448, 214992896, 227185928, 239892608, 253125000, 266897408, 281224328, 296120448, 311600648, 327675000, 344373768, 361697408, 379666568, 398297080, 417605000, 437606536, 458318088, 479756288, 501937928, 524885000, 548599688, 573114368, 598441608, 624599168, 651605000, 679466880, 708234248, 737894528, 768476160, 799999872],17.5.e.E.a

17.e,3,5,100,16,[[[2696/17, [6391/17, -1212/17, -3493/17, -6942/17, 6566/17, -4927/17, -5357/17]], [1, [0, 0, 0, 0, 0, 0, 0]], [1, [0, 0, 0, 0, 0, -16, 0]], [1, [81, 0, 0, 0, 0, 0, 0]], [1, [0, 0, 0, -256, 0, -16, 0]], [1, [0, 0, 0, 0, 625, 0, 0]], [1, [81, 0, 0, 0, 0, -16, -1296]], [1, [0, 0, -2401, 0, 0, 0, 0]], [1, [0, -4096, 0, -256, 0, -16, 0]], [1, [81, 6561, 0, 0, 0, 0, 0]], [1, [0, 0, 10000, 0, 625, -16, 0]], [1, [0, 0, 0, 0, 0, 0, 14641]], [1, [81, 0, 0, -256, -20736, -16, -1296]], [1, [0, 0, 0, 28561, 0, 0, 0]], [1, [-38416, 0, -2401, 0, 0, -16, 0]], [1, [81, 0, 0, 0, 625, 50625, 0]], [-65535, [0, -4096, 0, -256, 0, -16, 0]], [1, [0, 0, 0, 0, 0, 0, 0]], [104977, [81, 6561, 0, 0, 0, -16, -1296]], [1, [0, 0, 0, 0, 0, -130321, 0]], [1, [160000, 0, 10000, -256, 625, -16, 0]], [1, [81, 0, -2401, -194481, 0, 0, 0]], [1, [0, 0, 0, 0, 234256, -16, 14641]], [1, [0, 0, 0, 0, 0, 0, -279841]], [1, [81, -4096, -331776, -256, -20736, -16, -1296]], [1, [0, -390625, 0, 0, 625, 0, 0]], [1, [0, 456976, 0, 28561, 0, -16, 0]], [1, [81, 6561, 531441, 0, 0, 0, 0]], [1, [-38416, 0, -2401, -256, 0, -16, 614656]], [1, [0, 0, 0, 0, -707281, 0, 0]], [1, [81, 0, 10000, 810000, 625, 50609, -1296]], [1, [-923521, 0, 0, 0, 0, 0, 0]], [-65535, [0, -4096, 0, -256, 0, 1048560, 0]], [-1185920, [81, 0, 0, 0, 0, 0, 14641]], [1, [0, 0, 0, 0, 0, -16, 0]], [1500626, [0, 0, -2401, 0, 625, 0, 0]], [104977, [81, 6561, 0, -256, -20736, -1679632, -1296]], [1, [1874161, 0, 0, 0, 0, 0, 0]], [1, [0, 0, 0, -2085136, 0, -130337, 0]], [1, [81, 0, 0, 28561, 2313441, 0, 0]], [1, [160000, -4096, 10000, -256, 625, -16, -2560000]], [1, [0, 0, -2825761, 0, 0, 0, 0]], [1, [-38335, -3111696, -2401, -194481, 0, -16, -1296]], [1, [0, 3418801, 0, 0, 0, 0, 0]], [1, [0, 0, 3748096, -256, 234256, -16, 14641]], [1, [81, 6561, 0, 0, 625, 50625, 4100625]], [1, [0, 0, 0, 0, -4477456, -16, -279841]], [1, [0, 0, 0, 4879681, 0, 0, 0]], [-65535, [-5308335, -4096, -331776, -256, -20736, -16, -1296]], [1, [0, 0, -2401, 0, 0, 5764801, 0]], [-6249999, [0, -390625, 10000, 0, 625, -16, 0]], [1, [81, 0, 0, 0, 0, 0, 0]], [7311617, [0, 456976, 0, 28305, 0, -16, 0]], [1, [0, 0, 0, 0, 0, -7890481, 0]], [104977, [8503137, 6561, 531441, 0, 0, -16, -1296]], [1, [0, 0, 0, -9150625, 625, 0, 14641]], [1, [-38416, -4096, -2401, -256, 9834496, -16, 614656]], [1, [81, 0, 0, 0, 0, -130321, -10556001]], [1, [0, 0, -11316496, 0, -707281, -16, 0]], [1, [0, -12117361, 0, 0, 0, 0, 0]], [1, [160081, 12960000, 10000, 809744, -20111, 50609, -1296]], [1, [0, 0, 13845841, 0, 0, 0, 0]], [1, [-923521, 0, 0, 0, 0, -16, 14776336]], [1, [81, 6561, -2401, -194481, -15752961, 0, 0]], [-65535, [0, -4096, 0, 16776960, 0, 1048560, 0]], [1, [-17850625, 0, 0, 28561, 625, 0, 0]], [-1185920, [81, 0, 0, 0, 234256, 18974720, 13345]], [-20151120, [0, 0, 0, 0, 0, 0, 0]], [1, [0, 0, 0, -256, 0, -16, 0]], [22667122, [81, 0, 0, 0, 0, 0, -279841]], [1500626, [-38416, 0, 7599, 0, 625, -24010016, 0]], [1, [25411681, 0, 0, 0, 0, 0, 0]], [104977, [81, 2465, -331776, -26874112, -20736, -1679632, -1296]], [1, [0, 0, 0, 0, 28398241, 0, 0]], [1, [1874161, 0, 0, 0, 0, -16, -29986576]], [1, [81, -390625, -31640625, 0, 625, 50625, 0]], [1, [0, -33362176, 0, -2085392, 0, -130337, 0]], [1, [0, 35153041, -2401, 0, 0, 0, 14641]], [1, [81, 456976, 37015056, 28561, 2313441, -16, -1296]], [1, [0, 0, 0, 0, 0, 0, 38950081]], [-65535, [160000, -4096, 10000, -256, -40959375, -16, -2560000]], [1, [81, 6561, 531441, 43046721, 0, 0, 0]], [1, [-45212176, 0, -2825761, 0, 0, -16, 0]], [1, [0, 0, 0, 0, 0, 47458321, 0]], [-49787135, [-38335, -3111696, -2401, -194737, -20736, -16, 613360]], [1, [0, 0, 0, 0, 625, 0, 0]], [54700817, [0, 3418801, 0, 0, 0, -16, 0]], [1, [81, 0, 0, 0, -707281, -57289761, 0]], [1, [59969536, -4096, 3748096, -256, 234256, -16, 14641]], [1, [0, 0, 0, -62742241, 0, 0, 0]], [104977, [81, 6561, 10000, 810000, 65610625, 50609, 4099329]], [1, [0, 0, -2401, 28561, 0, 0, -68574961]], [1, [0, 0, -71639296, -256, -4477456, -16, -279841]], [1, [-923440, -74805201, 0, 0, 0, 0, 0]], [1, [0, 78074896, 0, 4879681, 0, -16, 0]], [1, [0, 0, 81450625, 0, 625, -130321, 0]], [-65535, [-5308335, -4096, -331776, -256, -20736, 1048560, 84933360]], [1, [0, 0, 0, 0, -88529281, 0, 0]], [1, [-38416, 0, -2401, 92236816, 0, 5764785, 0]], [-1185920, [-96059520, 6561, 0, 0, 0, 0, 14641]], [-6249999, [160000, -390625, 10000, -256, 625, 99999984, 0]]]],[21568/17, 8, 8, 8, 8, 8, 8, 8, 8, 8, 8, 8, 8, 8, 8, 8, -524280, 8, 839816, 8, 8, 8, 8, 8, 8, 8, 8, 8, 8, 8, 8, 8, -524280, -9487360, 8, 12005008, 839816, 8, 8, 8, 8, 8, 8, 8, 8, 8, 8, 8, -524280, 8, -49999992, 8, 58492936, 8, 839816, 8, 8, 8, 8, 8, 8, 8, 8, 8, -524280, 8, -9487360, -161208960, 8, 181336976, 12005008, 8, 839816, 8, 8, 8, 8, 8, 8, 8, -524280, 8, 8, 8, -398297080, 8, 437606536, 8, 8, 8, 839816, 8, 8, 8, 8, 8, -524280, 8, 8, -9487360, -49999992],17.5.e.E.b

19.b,18,5,100,1,[[[0, []], [1, []], [15, []], [80, []], [241, []], [626, []], [1200, []], [2402, []], [3855, []], [6481, []], [9390, []], [14642, []], [19280, []], [28560, []], [36030, []], [50080, []], [61681, []], [83522, []], [97215, []], [130321, []], [150866, []], [192160, []], [219630, []], [279842, []], [308400, []], [391251, []], [428400, []], [524960, []], [578882, []], [707280, []], [751200, []], [923520, []], [986895, []], [1171360, []], [1252830, []], [1503652, []], [1561921, []], [1874160, []], [1954815, []], [2284800, []], [2413230, []], [2825760, []], [2882400, []], [3418802, []], [3528722, []], [4057106, []], [4197630, []], [4879682, []], [4934480, []], [5767203, []], [5868765, []], [6681760, []], [6882960, []], [7890480, []], [7874400, []], [9165892, []], [9259710, []], [10425680, []], [10609200, []], [12117360, []], [12069280, []], [13845842, []], [13852800, []], [15567362, []], [15790321, []], [17878560, []], [17570400, []], [20151120, []], [20128802, []], [22387360, []], [22554780, []], [25411680, []], [24984255, []], [28398242, []], [28112400, []], [31300080, []], [31407361, []], [35170084, []], [34272000, []], [38950080, []], [38612306, []], [42521761, []], [42386400, []], [47458322, []], [46310560, []], [52284772, []], [51282030, []], [56582400, []], [56444910, []], [62742240, []], [60856590, []], [68601120, []], [67441922, []], [73881600, []], [73195230, []], [81580946, []], [78951600, []], [88529280, []], [86508045, []], [94894802, []], [94291491, []]]],[0, 1, 15, 80, 241, 626, 1200, 2402, 3855, 6481, 9390, 14642, 19280, 28560, 36030, 50080, 61681, 83522, 97215, 130321, 150866, 192160, 219630, 279842, 308400, 391251, 428400, 524960, 578882, 707280, 751200, 923520, 986895, 1171360, 1252830, 1503652, 1561921, 1874160, 1954815, 2284800, 2413230, 2825760, 2882400, 3418802, 3528722, 4057106, 4197630, 4879682, 4934480, 5767203, 5868765, 6681760, 6882960, 7890480, 7874400, 9165892, 9259710, 10425680, 10609200, 12117360, 12069280, 13845842, 13852800, 15567362, 15790321, 17878560, 17570400, 20151120, 20128802, 22387360, 22554780, 25411680, 24984255, 28398242, 28112400, 31300080, 31407361, 35170084, 34272000, 38950080, 38612306, 42521761, 42386400, 47458322, 46310560, 52284772, 51282030, 56582400, 56444910, 62742240, 60856590, 68601120, 67441922, 73881600, 73195230, 81580946, 78951600, 88529280, 86508045, 94894802, 94291491],19.5.b.E.a

19.b,18,5,100,1,[[[1345, []], [1, []], [-15, []], [-80, []], [241, []], [626, []], [1200, []], [2402, []], [-3855, []], [6481, []], [-9390, []], [14642, []], [-19280, []], [-28560, []], [-36030, []], [-50080, []], [61681, []], [83522, []], [-97215, []], [1, []], [150866, []], [-192160, []], [-219630, []], [279842, []], [308400, []], [391251, []], [428400, []], [-524960, []], [578882, []], [-707280, []], [751200, []], [-923520, []], [-986895, []], [-1171360, []], [-1252830, []], [1503652, []], [1561921, []], [-1874160, []], [-15, []], [2284800, []], [-2413230, []], [-2825760, []], [2882400, []], [3418802, []], [3528722, []], [4057106, []], [-4197630, []], [4879682, []], [-4934480, []], [5767203, []], [-5868765, []], [-6681760, []], [-6882960, []], [-7890480, []], [7874400, []], [9165892, []], [-9259710, []], [-80, []], [10609200, []], [-12117360, []], [-12069280, []], [13845842, []], [13852800, []], [15567362, []], [15790321, []], [-17878560, []], [17570400, []], [-20151120, []], [20128802, []], [-22387360, []], [-22554780, []], [-25411680, []], [-24984255, []], [28398242, []], [28112400, []], [-31300080, []], [241, []], [35170084, []], [-34272000, []], [-38950080, []], [38612306, []], [42521761, []], [42386400, []], [47458322, []], [-46310560, []], [52284772, []], [-51282030, []], [56582400, []], [-56444910, []], [-62742240, []], [-60856590, []], [-68601120, []], [67441922, []], [73881600, []], [-73195230, []], [626, []], [78951600, []], [-88529280, []], [-86508045, []], [94894802, []], [94291491, []]]],[1345, 1, -15, -80, 241, 626, 1200, 2402, -3855, 6481, -9390, 14642, -19280, -28560, -36030, -50080, 61681, 83522, -97215, 1, 150866, -192160, -219630, 279842, 308400, 391251, 428400, -524960, 578882, -707280, 751200, -923520, -986895, -1171360, -1252830, 1503652, 1561921, -1874160, -15, 2284800, -2413230, -2825760, 2882400, 3418802, 3528722, 4057106, -4197630, 4879682, -4934480, 5767203, -5868765, -6681760, -6882960, -7890480, 7874400, 9165892, -9259710, -80, 10609200, -12117360, -12069280, 13845842, 13852800, 15567362, 15790321, -17878560, 17570400, -20151120, 20128802, -22387360, -22554780, -25411680, -24984255, 28398242, 28112400, -31300080, 241, 35170084, -34272000, -38950080, 38612306, 42521761, 42386400, 47458322, -46310560, 52284772, -51282030, 56582400, -56444910, -62742240, -60856590, -68601120, 67441922, 73881600, -73195230, 626, 78951600, -88529280, -86508045, 94894802, 94291491],19.5.b.E.b

19.d,8,5,100,3,[[[0, [0]], [1, [0]], [16, [1]], [81, [1]], [255, [17]], [625, [-1]], [1295, [98]], [2402, [0]], [4079, [272]], [6560, [82]], [10001, [608]], [14642, [0]], [20638, [1649]], [28562, [-1]], [38432, [2402]], [50626, [543]], [65264, [4351]], [83521, [-1]], [104878, [7954]], [130321, [0]], [159392, [10353]], [194562, [2402]], [234272, [14642]], [279840, [1]], [330127, [26383]], [390624, [-624]], [456993, [28545]], [531359, [6642]], [612510, [40834]], [707282, [-1]], [809473, [59857]], [923520, [0]], [1044225, [69615]], [1186002, [14642]], [1336337, [83504]], [1501250, [-2402]], [1671406, [133824]], [1874160, [0]], [2085136, [130321]], [2313523, [28480]], [2549647, [165649]], [2825761, [1]], [3110590, [235396]], [3418801, [-1]], [3733710, [248914]], [4100082, [44608]], [4477439, [279857]], [4879680, [1]], [5282033, [422046]], [5767203, [0]], [6250608, [380016]], [6765202, [83439]], [7283327, [485282]], [7890482, [-1]], [8495102, [644273]], [9151250, [-14642]], [9797758, [653344]], [10556001, [130321]], [11316513, [707265]], [12117361, [1]], [12900399, [1008338]], [13845840, [1]], [14776320, [923520]], [15757120, [196964]], [16707601, [1113840]], [17851249, [-29186]], [18961390, [1434916]], [20151122, [-1]], [21297872, [1419585]], [22667039, [279922]], [24022402, [1460416]], [25411681, [1]], [26735936, [2141102]], [28398241, [-1]], [29986560, [1874160]], [31641168, [339456]], [33231855, [2215457]], [35170084, [0]], [36987888, [2797683]], [38950081, [1]], [40794351, [2649760]], [43040079, [538001]], [45212175, [2825778]], [47458322, [0]], [49572476, [3960898]], [52200624, [-84145]], [54700817, [3418784]], [57289843, [707200]], [59724718, [3982624]], [62742242, [-1]], [65556704, [4858418]], [68605924, [-2402]], [71359183, [4757552]], [74805120, [923520]], [78074879, [4879697]], [81450625, [-130321]], [84512610, [6752655]], [88529281, [1]], [92275248, [5767203]], [96051520, [1200644]], [99619728, [6470880]]]],[0, 2, 33, 163, 527, 1249, 2688, 4804, 8430, 13202, 20610, 29284, 42925, 57123, 79266, 101795, 134879, 167041, 217710, 260642, 329137, 391526, 483186, 559681, 686637, 780624, 942531, 1069360, 1265854, 1414563, 1678803, 1847040, 2158065, 2386646, 2756178, 3000098, 3476636, 3748320, 4300593, 4655526, 5264943, 5651523, 6456576, 6837601, 7716334, 8244772, 9234735, 9759361, 10986112, 11534406, 12881232, 13613843, 15051936, 15780963, 17634477, 18287858, 20248860, 21242323, 23340291, 24234723, 26809136, 27691681, 30476160, 31711204, 34529042, 35673312, 39357696, 40302243, 44015329, 45614000, 49505220, 50823363, 55612974, 56796481, 61847280, 63621792, 68679167, 70340168, 76773459, 77900163, 84238462, 86618159, 93250128, 94916644, 103105850, 104317103, 112820418, 115286886, 123432060, 125484483, 135971826, 137209446, 147475918, 150533760, 161029455, 162770929, 175777875, 177058563, 190317699, 193303684, 205710336],19.5.d.E.a

19.d,8,5,100,3,[[[-911, [1632]], [1, [0]], [1, [16]], [1, [81]], [-255, [272]], [1, [-625]], [-1295, [1393]], [2402, [0]], [-4351, [272]], [-6560, [6642]], [10001, [-10609]], [14642, [0]], [-22287, [1649]], [28562, [-28561]], [2402, [38432]], [50626, [-51169]], [-4351, [-65264]], [1, [-83521]], [-112832, [7954]], [1, [0]], [169745, [-10353]], [2402, [194562]], [14642, [234272]], [-279840, [279841]], [-26383, [-330127]], [-390624, [390000]], [485538, [-28545]], [-538001, [6642]], [-612510, [653344]], [707282, [-707281]], [869330, [-59857]], [-923520, [0]], [1044225, [-1113840]], [14642, [1186002]], [1336337, [-1419841]], [2402, [-1501250]], [-133824, [-1671406]], [-1874160, [0]], [1, [16]], [2342003, [-28480]], [165649, [2549647]], [1, [2825761]], [-3110590, [3345986]], [1, [-3418801]], [-3733710, [3982624]], [4144690, [-44608]], [-4757296, [279857]], [-4879680, [4879681]], [5282033, [-5704079]], [5767203, [0]], [-6630624, [380016]], [6765202, [-6848641]], [485282, [7283327]], [7890482, [-7890481]], [-644273, [-8495102]], [14642, [-9151250]], [-10451102, [653344]], [1, [81]], [12023778, [-707265]], [1, [12117361]], [1008338, [12900399]], [-13845840, [13845841]], [-923520, [-14776320]], [-15757120, [15954084]], [17821441, [-1113840]], [-17822063, [-29186]], [-18961390, [20396306]], [20151122, [-20151121]], [22717457, [-1419585]], [-22946961, [279922]], [24022402, [-25482818]], [1, [25411681]], [26735936, [-28877038]], [1, [-28398241]], [-1874160, [-29986560]], [-31980624, [339456]], [-255, [272]], [35170084, [0]], [2797683, [36987888]], [1, [38950081]], [-40794351, [43444111]], [-538001, [-43040079]], [-45212175, [48037953]], [47458322, [0]], [-53533374, [3960898]], [-52200624, [52116479]], [54700817, [-58119601]], [57997043, [-707200]], [-63707342, [3982624]], [62742242, [-62742241]], [4858418, [65556704]], [68605924, [-68603522]], [-4757552, [-71359183]], [-923520, [-74805120]], [-82954576, [4879697]], [1, [-625]], [91265265, [-6752655]], [1, [88529281]], [5767203, [92275248]], [-96051520, [97252164]], [-6470880, [-99619728]]]],[-190, 2, 18, 83, -238, -623, -1197, 4804, -8430, -6478, 9393, 29284, -42925, 28563, 43236, 50083, -73966, -83519, -217710, 2, 329137, 199366, 263556, -279839, -382893, -391248, 942531, -1069360, -571676, 707283, 1678803, -1847040, 974610, 1215286, 1252833, -1496446, -1939054, -3748320, 18, 4655526, 2880945, 2825763, -2875194, -3418799, -3484796, 8244772, -9234735, -4879679, 4859987, 11534406, -12881232, 6681763, 8253891, 7890483, -9783648, -9121966, -20248860, 83, 23340291, 12117363, 14917075, -13845839, -16623360, -15560156, 34529042, -35673312, -17526474, 20151123, 44015329, -45614000, 22561986, 25411683, 24594834, -28398239, -33734880, -63621792, -238, 70340168, 42583254, 38950083, -38144591, -44116081, -42386397, 94916644, -103105850, -52284769, 51282033, 115286886, -123432060, 62742243, 75273540, 68608326, -80874287, -76652160, -161029455, -623, 175777875, 88529283, 103809654, -94850876, -112561488],19.5.d.E.b

19.f,2,5,100,9,[[[0, [0, 0, 0, 0, 0]], [1, [0, 0, 0, 0, 0]], [16, [1, 0, 0, 0, 0]], [81, [0, 0, 0, -1, 0]], [256, [16, 1, 0, 0, 0]], [625, [1, 0, 0, -1, 0]], [1296, [81, 0, 0, -16, -1]], [2400, [0, 0, 1, 0, 0]], [4096, [256, 16, 1, 0, 0]], [6561, [0, -1, 0, -81, 1]], [10000, [641, 1, 0, -16, -1]], [14641, [0, 0, -1, 0, 0]], [20737, [1296, 81, -1, -256, -16]], [28561, [0, 0, 0, 0, 1]], [38400, [2400, 0, 16, 1, 0]], [50625, [81, -1, 0, -706, 0]], [65536, [4096, 256, 16, 1, 0]], [83521, [-1, 0, 0, 0, 0]], [104975, [6561, -16, 0, -1296, -65]], [130321, [0, 0, 0, 0, 0]], [160001, [10256, 641, 0, -256, -16]], [194400, [1, 0, 81, -2401, 0]], [234256, [14641, 0, -16, -1, 0]], [279841, [0, 1, 0, 0, 0]], [331792, [20737, 1296, 65, -4097, -256]], [390625, [625, 0, 0, -625, -1]], [456975, [28561, 0, 1, 0, 16]], [531441, [0, -81, 1, -6561, 81]], [614400, [38400, 2400, 256, 16, 1]], [707281, [0, 1, 0, 0, -1]], [810000, [51921, 65, -1, -11296, -706]], [923522, [0, 0, -1, 0, 0]], [1048576, [65536, 4096, 256, 16, 1]], [1185921, [-1, 0, -81, -14640, 0]], [1336336, [83505, -1, 0, 0, 0]], [1500000, [2401, 0, 625, -2400, 0]], [1679681, [104975, 6305, -81, -20736, -1040]], [1874160, [0, 0, 0, 0, 0]], [2085136, [130321, 0, 0, 0, 0]], [2313442, [0, 0, 0, -28561, 81]], [2560016, [164097, 10256, 625, -4096, -256]], [2825761, [0, 0, 0, -1, 0]], [3110400, [194416, 1, 1296, -38335, -2401]], [3418801, [1, 0, 0, -1, 0]], [3748096, [234256, 14641, -256, -16, -1]], [4100624, [6561, -706, 1, -57186, 625]], [4477456, [279841, 16, 1, 0, 0]], [4879681, [0, -1, 0, 0, 1]], [5308672, [331792, 20737, 1040, -65471, -4097]], [5762400, [0, 0, 2400, 0, 0]], [6250001, [400625, 625, -1, -10000, -641]], [6765201, [-81, 0, 0, -83521, 1]], [7311600, [456975, 28561, 16, 1, 256]], [7890481, [0, -1, 0, 0, 0]], [8502975, [531441, -1296, 16, -104975, -5265]], [9150625, [14640, 0, -625, -14641, 0]], [9830399, [614400, 38400, 6497, 256, 16]], [10556001, [0, 0, 0, -130321, 0]], [11316497, [707281, 16, 0, 0, -16]], [12117361, [1, 0, 0, 0, 0]], [12960706, [830736, 51665, -641, -180737, -11296]], [13845841, [0, 1, 0, 0, 0]], [14776352, [923522, 0, -16, -1, 0]], [15746400, [81, -2401, 6561, -194481, 2400]], [16777215, [1048576, 65536, 4097, 256, 16]], [17850625, [28561, 0, 1, -28561, 625]], [18974736, [1185905, -1, -1296, -234321, -14640]], [20151121, [0, 1, 0, 0, -1]], [21381376, [1336080, 83505, -1, 0, 0]], [22667122, [0, 81, -1, -279841, 0]], [24000000, [1538416, 2401, 10000, -37775, -2400]], [25411681, [-1, 0, 0, 1, 0]], [26874896, [1679681, 100879, 5265, -331857, -16640]], [28398241, [0, 0, 0, 1, 0]], [29986560, [1874160, 0, 0, 0, 0]], [31640624, [50625, -625, 0, -441250, -81]], [33362176, [2085136, 130321, 0, 0, 0]], [35138401, [0, 0, 12240, 0, 0]], [37014991, [2313442, 0, 81, -456976, -27265]], [38950081, [0, 0, 0, -1, 0]], [40960256, [2625552, 164097, 10000, -64911, -4096]], [43046721, [1, -6561, 81, -531442, 6561]], [45212176, [2825761, 0, 0, -16, -1]], [47458320, [0, 0, 1, 0, 0]], [49768801, [3110656, 194416, 18336, -613360, -38335]], [52200625, [82896, -1, 0, -83521, 1]], [54700816, [3418817, 1, 0, -16, -1]], [57289761, [0, 81, -1, -707281, -81]], [59969537, [3748096, 234256, 10544, -256, -16]], [62742241, [0, 0, 0, 0, 1]], [65609359, [4205600, -4735, -65, -914975, -47186]], [68546400, [0, -1, 28561, 0, 2401]], [71639296, [4477456, 280097, 16, 1, 0]], [74805282, [-1, 0, -81, -923521, 0]], [78074895, [4879681, -16, 0, 0, 16]], [81450625, [130321, 0, 0, -130321, 0]], [84938753, [5308672, 331792, 16640, -1047536, -65471]], [88529281, [1, 0, 0, 0, 0]], [92198400, [5762400, 0, 38400, 2400, 0]], [96059601, [-81, -14640, -6561, -1185840, 14641]], [100000641, [6410001, 400625, -16, -160001, -10256]]]],[0, 6, 96, 486, 1536, 3750, 7776, 14403, 24579, 39366, 60000, 87843, 124419, 171366, 230448, 303750, 393264, 501126, 629850, 781926, 960006, 1166643, 1405488, 1679046, 1990947, 2343750, 2741853, 3188649, 3687168, 4243686, 4859997, 5541129, 6292224, 7115283, 8018016, 9001875, 10077843, 11244960, 12510816, 13880652, 15361971, 16954566, 18666288, 20512806, 22487808, 24603747, 26864739, 29278086, 31855152, 34581600, 37500003, 40591206, 43869648, 47342886, 51017898, 54901875, 59001885, 63336006, 67898982, 72704166, 77762313, 83075046, 88658064, 94498083, 100675581, 107103753, 113844528, 120906726, 128288253, 136002729, 144030000, 152470086, 161265171, 170389446, 179919360, 189843744, 200173056, 210867126, 222090189, 233700486, 245791536, 258280569, 271273056, 284749923, 298667814, 313203750, 328204896, 343738563, 359848854, 376453446, 393655959, 411364083, 429835824, 448831449, 468449370, 488703750, 509682438, 531175686, 553305600, 576337923, 600003798],19.5.f.E.a

19.f,2,5,100,9,[[[-4349/19, [19862/19, 10009/19, 14082/19, -22495/19, -8936/19]], [1, [0, 0, 0, 0, 0]], [1, [16, 0, 0, 0, 0]], [1, [0, 0, 0, -81, 0]], [1, [16, 256, 0, 0, 0]], [1, [625, 0, 0, -625, 0]], [1, [16, 0, 0, -81, -1296]], [-2400, [0, 0, 2401, 0, 0]], [1, [16, 256, 4096, 0, 0]], [1, [0, -6561, 0, -81, 6561]], [1, [641, 10000, 0, -625, -10000]], [1, [0, 0, -14641, 0, 0]], [20737, [16, 256, -20736, -81, -1296]], [1, [0, 0, 0, 0, 28561]], [-2400, [-38400, 0, 2401, 38416, 0]], [1, [625, -50625, 0, -706, 0]], [1, [16, 256, 4096, 65536, 0]], [1, [-83521, 0, 0, 0, 0]], [-104975, [16, -6561, 0, -81, 5265]], [1, [0, 0, 0, 0, 0]], [160001, [641, 10256, 0, -625, -10000]], [-2400, [194481, 0, 2401, -81, 0]], [1, [16, 0, -14641, -234256, 0]], [1, [0, 279841, 0, 0, 0]], [20737, [331792, 256, -16640, -331857, -1296]], [1, [625, 0, 0, -625, -390625]], [-456975, [16, 0, 456976, 0, 28561]], [1, [0, -6561, 531441, -81, 6561]], [-2400, [-38400, -614400, 2401, 38416, 614656]], [1, [0, 707281, 0, 0, -707281]], [1, [641, -40625, -810000, -706, -11296]], [923522, [0, 0, -923521, 0, 0]], [1, [16, 256, 4096, 65536, 1048576]], [1, [-1185921, 0, -14641, 1185840, 0]], [1, [-83505, -1336336, 0, 0, 0]], [-2400, [625, 0, 2401, 1500000, 0]], [-84239, [-1679600, -6305, -20736, -81, 5265]], [-1874160, [0, 0, 0, 0, 0]], [1, [16, 0, 0, 0, 0]], [2313442, [0, 0, 0, -81, 28561]], [160001, [2560641, 10256, 4096, -625, -10000]], [1, [0, 0, 0, -2825761, 0]], [-2400, [156081, 3111696, 2401, 38335, -1296]], [1, [3418801, 0, 0, -3418801, 0]], [1, [16, 256, -14641, -234256, -3748096]], [-4100624, [625, -57186, 4100625, -706, 6561]], [1, [16, 279841, 4477456, 0, 0]], [1, [0, -4879681, 0, 0, 4879681]], [20737, [331792, 5308672, -16640, -266321, -5309712]], [-2400, [0, 0, -5762400, 0, 0]], [6250001, [641, 10000, -6250000, -625, -400625]], [1, [-83521, 0, 0, -81, 6765201]], [-456975, [-7311600, 256, 456976, 7311616, 28561]], [1, [0, -7890481, 0, 0, 0]], [-104975, [16, -6561, 531441, 8502975, 5265]], [1, [-9150000, 0, -14641, -625, 0]], [-9836896, [-38400, -614400, 6497, 38416, 614656]], [1, [0, 0, 0, -81, 0]], [11316497, [16, 707281, 0, 0, -707281]], [1, [12117361, 0, 0, 0, 0]], [180737, [641, -40369, -830736, -12960706, -11296]], [1, [0, 13845841, 0, 0, 0]], [923522, [14776352, 0, -923521, -14776336, 0]], [-2400, [194481, -6561, 2401, -81, -15746400]], [-16777215, [16, 256, 16781312, 65536, 1048576]], [1, [625, 0, 17850625, -625, 28561]], [1, [-1185905, -18974736, -14641, 951584, 18973440]], [1, [0, 20151121, 0, 0, -20151121]], [1, [-83505, -1336080, -21381376, 0, 0]], [22667122, [0, 279841, -22667121, -81, 0]], [-2400, [-37775, 10000, 2401, 1538416, 24000000]], [1, [-25411681, 0, 0, 25411681, 0]], [-84239, [-1347824, -26880161, -16640, -331857, 5265]], [1, [0, 0, 0, 28398241, 0]], [-1874160, [-29986560, 0, 0, 0, 0]], [-31640624, [625, -50625, 0, -706, -390625]], [1, [16, 256, 0, 0, 0]], [35150641, [0, 0, -12240, 0, 0]], [1856466, [37015072, 0, 456976, -81, 27265]], [1, [0, 0, 0, -38950081, 0]], [160001, [2560641, 40970256, 4096, 64911, -10000]], [1, [43046721, -6561, 531441, -43046802, 6561]], [1, [16, 0, 0, -2825761, -45212176]], [-47458320, [0, 0, 47458321, 0, 0]], [18336, [156081, 2497296, 49768801, 38335, 613360]], [1, [-82896, -52200625, 0, -625, 52200625]], [1, [3418817, 54700816, 0, -3418801, -54700816]], [1, [0, 707281, -57289761, -81, -707281]], [59969537, [16, 256, -59980081, -234256, -3748096]], [1, [0, 0, 0, 0, 62742241]], [-4205600, [-65609359, -47186, 3290625, 65609294, -4735]], [-2400, [0, -68574961, 2401, 0, 28561]], [1, [16, 280097, 4477456, 71639296, 0]], [923522, [-74805201, 0, -923521, -81, 0]], [-78074895, [16, -4879681, 0, 0, 4879681]], [1, [625, 0, 0, -625, 0]], [84955393, [331792, 5308672, -16640, -266321, -4261136]], [1, [88529281, 0, 0, 0, 0]], [-2400, [-38400, 0, -5762400, -92198400, 0]], [1, [-1185921, 96053040, -14641, 1185840, 6561]], [6410001, [100000641, 10256, -6250000, -100000625, -400625]]]],[16152/19, 6, 6, 6, 6, 6, 6, -7197, 12294, 6, 6, -43917, 62214, 6, -7197, 6, 12294, 6, -629850, 6, 960006, -7197, -43917, 6, 74502, 6, -1370922, 1594329, -7197, 6, -2429994, 2770569, 12294, -43917, 6, -7197, -567642, -11244960, 6, 13880652, 972294, 6, -7197, 6, -43917, -12301869, 13432374, 6, 74502, -17301600, 18750006, 6, -1370922, 6, 964473, -43917, -59001885, 6, 67898982, 6, -1407786, 6, 2770569, -7197, -50319354, 53551881, -43917, 6, -64144122, 68001369, -7197, 6, -555354, 6, -11244960, -189843744, 6, 210867126, 12509724, 6, 972294, 1594329, 6, -142374957, 149416419, 6, 6, -171869277, 179876979, 6, -15361725, -7197, 13432374, 2770569, -468449370, 6, 509682438, 6, -17301600, -43917, 19710006],19.5.f.E.b

