1.a,1,8,100,1,[[[1/480, []], [1, []], [129, []], [2188, []], [16513, []], [78126, []], [282252, []], [823544, []], [2113665, []], [4785157, []], [10078254, []], [19487172, []], [36130444, []], [62748518, []], [106237176, []], [170939688, []], [270549121, []], [410338674, []], [617285253, []], [893871740, []], [1290094638, []], [1801914272, []], [2513845188, []], [3404825448, []], [4624699020, []], [6103593751, []], [8094558822, []], [10465138360, []], [13599182072, []], [17249876310, []], [22051219752, []], [27512614112, []], [34630287489, []], [42637932336, []], [52933688946, []], [64340198544, []], [79017297541, []], [94931877134, []], [115309454460, []], [137293757384, []], [165132191790, []], [194754273882, []], [232446941088, []], [271818611108, []], [321791671236, []], [373845175782, []], [439222482792, []], [506623120464, []], [591961476748, []], [678223896393, []], [787363593879, []], [897821018712, []], [1036166277734, []], [1174711139838, []], [1350002848440, []], [1522454799672, []], [1740696128760, []], [1955791367120, []], [2225234043990, []], [2488651484820, []], [2822727067944, []], [3142742836022, []], [3549127220448, []], [3940787336408, []], [4432676798593, []], [4902290717268, []], [5500293271344, []], [6060711605324, []], [6775922523762, []], [7449758080224, []], [8299885612176, []], [9095120158392, []], [10114218870405, []], [11047398519098, []], [12246212150286, []], [13354663127188, []], [14760504042620, []], [16048543577568, []], [17710894702536, []], [19203908986160, []], [21136920627246, []], [22887257593321, []], [25123301330778, []], [27136050989628, []], [29755010373536, []], [32058119244924, []], [35064600832932, []], [37742729366280, []], [41189353405380, []], [44231334895530, []], [48226027675878, []], [51676165507792, []], [56223882622824, []], [60197599677056, []], [65354382539856, []], [69834623559240, []], [75771069025932, []], [80798284478114, []], [87490882634697, []], [93249177506004, []], [100788643610263, []]]],[1/480, 1, 129, 2188, 16513, 78126, 282252, 823544, 2113665, 4785157, 10078254, 19487172, 36130444, 62748518, 106237176, 170939688, 270549121, 410338674, 617285253, 893871740, 1290094638, 1801914272, 2513845188, 3404825448, 4624699020, 6103593751, 8094558822, 10465138360, 13599182072, 17249876310, 22051219752, 27512614112, 34630287489, 42637932336, 52933688946, 64340198544, 79017297541, 94931877134, 115309454460, 137293757384, 165132191790, 194754273882, 232446941088, 271818611108, 321791671236, 373845175782, 439222482792, 506623120464, 591961476748, 678223896393, 787363593879, 897821018712, 1036166277734, 1174711139838, 1350002848440, 1522454799672, 1740696128760, 1955791367120, 2225234043990, 2488651484820, 2822727067944, 3142742836022, 3549127220448, 3940787336408, 4432676798593, 4902290717268, 5500293271344, 6060711605324, 6775922523762, 7449758080224, 8299885612176, 9095120158392, 10114218870405, 11047398519098, 12246212150286, 13354663127188, 14760504042620, 16048543577568, 17710894702536, 19203908986160, 21136920627246, 22887257593321, 25123301330778, 27136050989628, 29755010373536, 32058119244924, 35064600832932, 37742729366280, 41189353405380, 44231334895530, 48226027675878, 51676165507792, 56223882622824, 60197599677056, 65354382539856, 69834623559240, 75771069025932, 80798284478114, 87490882634697, 93249177506004, 100788643610263],1.8.a.E.a

5.b,4,8,100,1,[[[0, []], [1, []], [127, []], [2186, []], [16257, []], [78125, []], [277622, []], [823542, []], [2080895, []], [4780783, []], [9921875, []], [19487172, []], [35537802, []], [62748516, []], [104589834, []], [170781250, []], [266354561, []], [410338672, []], [607159441, []], [893871740, []], [1270078125, []], [1800262812, []], [2474870844, []], [3404825446, []], [4548836470, []], [6103515625, []], [7969061532, []], [10455572420, []], [13388322294, []], [17249876310, []], [21689218750, []], [27512614112, []], [34093383807, []], [42598957992, []], [52113011344, []], [64339218750, []], [77721189231, []], [94931877132, []], [113521710980, []], [137168255976, []], [162569921875, []], [194754273882, []], [228633377124, []], [271818611106, []], [316802955204, []], [373498671875, []], [432412831642, []], [506623120462, []], [582251070346, []], [678222249307, []], [775146484375, []], [897000336992, []], [1020102624612, []], [1174711139836, []], [1327857697340, []], [1522435312500, []], [1713704430090, []], [1954003623640, []], [2190734291370, []], [2488651484820, []], [2776390781250, []], [3142742836022, []], [3494101992224, []], [3937175593386, []], [4363953127297, []], [4902227812500, []], [5410067664984, []], [6060711605322, []], [6670875790704, []], [7442948424956, []], [8171080781250, []], [9095120158392, []], [9948307440785, []], [11047398519096, []], [12056348395764, []], [13342285156250, []], [14531672877180, []], [16048504603224, []], [17420368508952, []], [19203908986160, []], [20808950078125, []], [22866336882541, []], [24733792783014, []], [27136050989626, []], [29266872534684, []], [32057708750000, []], [34520963610462, []], [37708229613660, []], [40550758778940, []], [44231334895530, []], [47434331328125, []], [51676038363672, []], [55352247275622, []], [60142574448832, []], [64341136298674, []], [69833729687500, []], [74528137002102, []], [80798284478112, []], [86134225661989, []], [93163940615676, []], [99224853515625, []]]],[0, 1, 127, 2186, 16257, 78125, 277622, 823542, 2080895, 4780783, 9921875, 19487172, 35537802, 62748516, 104589834, 170781250, 266354561, 410338672, 607159441, 893871740, 1270078125, 1800262812, 2474870844, 3404825446, 4548836470, 6103515625, 7969061532, 10455572420, 13388322294, 17249876310, 21689218750, 27512614112, 34093383807, 42598957992, 52113011344, 64339218750, 77721189231, 94931877132, 113521710980, 137168255976, 162569921875, 194754273882, 228633377124, 271818611106, 316802955204, 373498671875, 432412831642, 506623120462, 582251070346, 678222249307, 775146484375, 897000336992, 1020102624612, 1174711139836, 1327857697340, 1522435312500, 1713704430090, 1954003623640, 2190734291370, 2488651484820, 2776390781250, 3142742836022, 3494101992224, 3937175593386, 4363953127297, 4902227812500, 5410067664984, 6060711605322, 6670875790704, 7442948424956, 8171080781250, 9095120158392, 9948307440785, 11047398519096, 12056348395764, 13342285156250, 14531672877180, 16048504603224, 17420368508952, 19203908986160, 20808950078125, 22866336882541, 24733792783014, 27136050989626, 29266872534684, 32057708750000, 34520963610462, 37708229613660, 40550758778940, 44231334895530, 47434331328125, 51676038363672, 55352247275622, 60142574448832, 64341136298674, 69833729687500, 74528137002102, 80798284478112, 86134225661989, 93163940615676, 99224853515625],5.8.b.E.a

5.b,4,8,100,1,[[[361, []], [1, []], [-127, []], [-2186, []], [16257, []], [1, []], [277622, []], [-823542, []], [-2080895, []], [4780783, []], [-127, []], [19487172, []], [-35537802, []], [-62748516, []], [104589834, []], [-2186, []], [266354561, []], [-410338672, []], [-607159441, []], [893871740, []], [16257, []], [1800262812, []], [-2474870844, []], [-3404825446, []], [4548836470, []], [1, []], [7969061532, []], [-10455572420, []], [-13388322294, []], [17249876310, []], [277622, []], [27512614112, []], [-34093383807, []], [-42598957992, []], [52113011344, []], [-823542, []], [77721189231, []], [-94931877132, []], [-113521710980, []], [137168255976, []], [-2080895, []], [194754273882, []], [-228633377124, []], [-271818611106, []], [316802955204, []], [4780783, []], [432412831642, []], [-506623120462, []], [-582251070346, []], [678222249307, []], [-127, []], [897000336992, []], [-1020102624612, []], [-1174711139836, []], [1327857697340, []], [19487172, []], [1713704430090, []], [-1954003623640, []], [-2190734291370, []], [2488651484820, []], [-35537802, []], [3142742836022, []], [-3494101992224, []], [-3937175593386, []], [4363953127297, []], [-62748516, []], [5410067664984, []], [-6060711605322, []], [-6670875790704, []], [7442948424956, []], [104589834, []], [9095120158392, []], [-9948307440785, []], [-11047398519096, []], [12056348395764, []], [-2186, []], [14531672877180, []], [-16048504603224, []], [-17420368508952, []], [19203908986160, []], [266354561, []], [22866336882541, []], [-24733792783014, []], [-27136050989626, []], [29266872534684, []], [-410338672, []], [34520963610462, []], [-37708229613660, []], [-40550758778940, []], [44231334895530, []], [-607159441, []], [51676038363672, []], [-55352247275622, []], [-60142574448832, []], [64341136298674, []], [893871740, []], [74528137002102, []], [-80798284478112, []], [-86134225661989, []], [93163940615676, []], [16257, []]]],[361, 1, -127, -2186, 16257, 1, 277622, -823542, -2080895, 4780783, -127, 19487172, -35537802, -62748516, 104589834, -2186, 266354561, -410338672, -607159441, 893871740, 16257, 1800262812, -2474870844, -3404825446, 4548836470, 1, 7969061532, -10455572420, -13388322294, 17249876310, 277622, 27512614112, -34093383807, -42598957992, 52113011344, -823542, 77721189231, -94931877132, -113521710980, 137168255976, -2080895, 194754273882, -228633377124, -271818611106, 316802955204, 4780783, 432412831642, -506623120462, -582251070346, 678222249307, -127, 897000336992, -1020102624612, -1174711139836, 1327857697340, 19487172, 1713704430090, -1954003623640, -2190734291370, 2488651484820, -35537802, 3142742836022, -3494101992224, -3937175593386, 4363953127297, -62748516, 5410067664984, -6060711605322, -6670875790704, 7442948424956, 104589834, 9095120158392, -9948307440785, -11047398519096, 12056348395764, -2186, 14531672877180, -16048504603224, -17420368508952, 19203908986160, 266354561, 22866336882541, -24733792783014, -27136050989626, 29266872534684, -410338672, 34520963610462, -37708229613660, -40550758778940, 44231334895530, -607159441, 51676038363672, -55352247275622, -60142574448832, 64341136298674, 893871740, 74528137002102, -80798284478112, -86134225661989, 93163940615676, 16257],5.8.b.E.b

7.c,2,8,100,3,[[[0, [0]], [1, [0]], [127, [-1]], [2187, [1]], [16256, [-127]], [78124, [-1]], [277750, [-2059]], [823543, [0]], [2080769, [-16256]], [4782968, [2186]], [9921747, [-78252]], [19487171, [1]], [35551999, [-261366]], [62748518, [0]], [104589961, [-823543]], [170857189, [75938]], [266338431, [-2080769]], [410338673, [1]], [607439122, [-4503160]], [893871738, [-1]], [1269983617, [-9938131]], [1801088541, [823543]], [2474870718, [-19487043]], [3404825446, [-1]], [4550658059, [-33454847]], [6103437500, [-78124]], [7969061786, [-62748518]], [10460351017, [4780782]], [13387515008, [-104589961]], [17249876310, [0]], [21698938941, [-161137125]], [27512614111, [1]], [34091319168, [-266338431]], [42618442976, [19489357]], [52113011472, [-410338545]], [64338473332, [-823543]], [77752205430, [-571623698]], [94931877132, [-1]], [113521710725, [-893871866]], [137231008866, [62748518]], [162557981100, [-1272080769]], [194754273882, [0]], [228739068250, [-1695675037]], [271818611108, [0]], [316783451903, [-2474854334]], [373664594218, [165998282]], [432412831641, [-3404825574]], [506623120462, [-1]], [582484229366, [-4282222603]], [678223072849, [0]], [775136484376, [-6113437372]], [897410677850, [410340859]], [1020039908608, [-7969061786]], [1174711139837, [1]], [1328469359941, [-9848410921]], [1522415747205, [-19409046]], [1713602744567, [-13387515008]], [1954897491007, [893869552]], [2190734291370, [-17249876310]], [2488651484819, [1]], [2777464108510, [-20454770749]], [3142742836020, [-1]], [3494101992098, [-27512613983]], [3938979815624, [1800264998]], [4363688853505, [-34091319168]], [4902165220232, [-62748518]], [5412561747309, [-40123805280]], [6060711605323, [1]], [6670465468415, [-52112995088]], [7446353250403, [3404823260]], [8170985289621, [-64443886836]], [9095120158392, [0]], [9952287078008, [-73167831158]], [11047398519097, [1]], [12056348395763, [-94931877260]], [13348217890624, [5932658436]], [14530778972801, [-113521727109]], [16048523266853, [823543]], [17428400874500, [-129199198562]], [19203908986158, [-1]], [20807421502675, [-162826416556]], [22876787674179, [10455570235]], [24733792783014, [-194754273882]], [27136050989628, [0]], [29278599912457, [-215246139738]], [32057298489453, [-410260548]], [34520963610716, [-271818611108]], [37725479489970, [17249876310]], [40548301330755, [-316781354751]], [44231334895528, [-1]], [47455569463968, [-352416814122]], [51676102759274, [0]], [55348842450049, [-432412848025]], [60170087060756, [27512616297]], [64341136298673, [-506623120590]], [69832835659511, [-893949863]], [74557981358847, [-548124490998]], [80798284478114, [0]], [86134330251823, [-678223072849]], [93206515301342, [42603736588]], [99217470078252, [-776416467992]]]],[0, 2, 255, 4373, 32639, 156249, 557559, 1647086, 4177794, 9563750, 19921746, 38974341, 71365364, 125497036, 210003465, 341638440, 534757631, 820677345, 1219381404, 1787743477, 2549905365, 3601353539, 4969228479, 6809650893, 9134770965, 12206953124, 16000872090, 20915921252, 26879619977, 34499752620, 43559015007, 55025228221, 68448976767, 85217396595, 104636361489, 128677770207, 156076034558, 189863754265, 227937293316, 274399269214, 326388042969, 389508547764, 459173811537, 543637222216, 636041758140, 747163190154, 868230488856, 1013246240925, 1169250681335, 1356446145698, 1556386406124, 1794411014841, 2048048879002, 2349422279673, 2666787130803, 3044850903456, 3440593004142, 3908901112462, 4398718459050, 4977302969637, 5575382987769, 6285485672041, 7015716598179, 7876159366250, 8761469026178, 9804393188982, 10865247299898, 12121423210645, 13393043931918, 14889301677546, 16406414466078, 18190240316784, 19977741987174, 22094797038193, 24207628668786, 26690503122812, 29175079672711, 32097045710163, 34986000947562, 38407817972317, 41777669421906, 45743119778123, 49662339839910, 54272101979256, 58772445964652, 64115007239454, 69313745832540, 75433709103630, 81413384016261, 88462669791057, 95263555742058, 103352205518548, 111130097748123, 120312661505215, 129188895717936, 139666565268885, 149664087208692, 161596568956228, 172946883576495, 186370426866096, 199211356624496],7.8.c.E.a

7.c,2,8,100,3,[[[20296/7, [-16091/7]], [1, [0]], [-127, [-128]], [1, [2187]], [-127, [16256]], [-78124, [-78125]], [279809, [2059]], [1, [0]], [2097025, [16256]], [-4782968, [-4780782]], [-78252, [9921747]], [1, [19487171]], [-35551999, [-35813365]], [62748518, [0]], [-127, [-128]], [170781251, [-75938]], [-266338431, [-268419200]], [1, [410338673]], [-4503160, [607439122]], [-893871738, [-893871739]], [1279921748, [9938131]], [1, [2187]], [2494357761, [19487043]], [-3404825446, [-3404825447]], [-33454847, [4550658059]], [-78124, [6103437500]], [-7969061786, [-8031810304]], [10455570235, [-4780782]], [-127, [16256]], [17249876310, [0]], [-21698938941, [-21860076066]], [1, [27512614111]], [-266338431, [34091319168]], [-42618442976, [-42598953619]], [52523350017, [410338545]], [-78124, [-78125]], [78323829128, [571623698]], [-94931877132, [-94931877133]], [-893871866, [113521710725]], [62748518, [137231008866]], [-162557981100, [-163830061869]], [194754273882, [0]], [279809, [2059]], [271818611108, [0]], [-316783451903, [-319258306237]], [165998282, [373664594218]], [-3404825574, [432412831641]], [-506623120462, [-506623120463]], [586766451969, [4282222603]], [1, [0]], [781249921748, [6113437372]], [-897410677850, [-897000336991]], [-7969061786, [1020039908608]], [1, [1174711139837]], [-1328469359941, [-1338317770862]], [1522435156251, [19409046]], [2097025, [16256]], [1954003621455, [-893869552]], [-2190734291370, [-2207984167680]], [1, [2488651484819]], [-20454770749, [2777464108510]], [-3142742836020, [-3142742836021]], [3521614606081, [27512613983]], [-4782968, [-4780782]], [4397780172673, [34091319168]], [-4902165220232, [-4902227968750]], [-40123805280, [5412561747309]], [1, [6060711605323]], [-6670465468415, [-6722578463503]], [7442948427143, [-3404823260]], [-78252, [9921747]], [9095120158392, [0]], [-9952287078008, [-10025454909166]], [1, [11047398519097]], [-94931877260, [12056348395763]], [-13348217890624, [-13342285232188]], [14644300699910, [113521727109]], [1, [19487171]], [17557600073062, [129199198562]], [-19203908986158, [-19203908986159]], [-162826416556, [20807421502675]], [10455570235, [22876787674179]], [-24733792783014, [-24928547056896]], [27136050989628, [0]], [-35551999, [-35813365]], [32057708750001, [410260548]], [-34520963610716, [-34792782221824]], [17249876310, [37725479489970]], [-316781354751, [40548301330755]], [-44231334895528, [-44231334895529]], [47807986278090, [352416814122]], [62748518, [0]], [55781255298074, [432412848025]], [-60170087060756, [-60142574444459]], [-506623120590, [64341136298673]], [-893949863, [69832835659511]], [-74557981358847, [-75106105849845]], [80798284478114, [0]], [-127, [-128]], [93163911564754, [-42603736588]], [-99217470078252, [-99993886546244]]]],[56683/7, 2, -126, -2185, -16510, -78123, 557559, 2, 4177794, -4785154, -10078251, -19487169, -35290633, 125497036, -126, 341638440, -264257662, -410338671, -616445442, -893871737, 2549905365, -2185, 4969228479, -3404825445, -4617567753, -6103593748, -7906313268, 20915921252, -16510, 34499752620, -21537801816, -27512614109, -34623996030, -42637932333, 104636361489, -78123, 156076034558, -94931877131, -115309454457, -137105511830, -161285900331, 389508547764, 557559, 543637222216, -314308597569, -373332597654, -439222482789, -506623120461, 1169250681335, 2, 1556386406124, -897821018709, -1035978032180, -1174711139835, -1318620949020, 3044850903456, 4177794, 3908901112462, -2173484415060, -2488651484817, -2818373650008, -3142742836019, 7015716598179, -4785154, 8761469026178, -4902102471714, -5492809357869, -6060711605321, -6618352473327, 14889301677546, -10078251, 18190240316784, -9879119246850, -11047398519095, -12246212150283, -13354150549060, 29175079672711, -19487169, 34986000947562, -19203908986157, -21133074335787, -22855876533709, -24539038509132, 54272101979256, -35290633, 64115007239454, -34249144999608, -37690979737350, -41181864040257, -44231334895527, 95263555742058, 125497036, 111130097748123, -60197599677053, -65354382539853, -69834623559237, -74009856867849, 161596568956228, -126, 186370426866096, -98441053610260],7.8.c.E.b

8.b,5,8,100,1,[[[0, []], [1, []], [128, []], [2186, []], [16384, []], [78124, []], [279808, []], [823544, []], [2097152, []], [4780783, []], [9999872, []], [19487170, []], [35815424, []], [62748516, []], [105413632, []], [170779064, []], [268435456, []], [410338674, []], [611940224, []], [893871738, []], [1279983616, []], [1800267184, []], [2494357760, []], [3404825448, []], [4584374272, []], [6103437501, []], [8031810048, []], [10455572420, []], [13492944896, []], [17249876308, []], [21859720192, []], [27512614112, []], [34359738368, []], [42598953620, []], [52523350272, []], [64338551456, []], [78328348672, []], [94931877132, []], [114415582464, []], [137168255976, []], [163837902848, []], [194754273882, []], [230434199552, []], [271818611106, []], [319277793280, []], [373493891092, []], [435817657344, []], [506623120464, []], [586799906816, []], [678223896393, []], [781240000128, []], [897000341364, []], [1028071686144, []], [1174711139836, []], [1338313269760, []], [1522415669080, []], [1727096946688, []], [1954003619268, []], [2207984167424, []], [2488651484818, []], [2798044184576, []], [3142742836020, []], [3521614606336, []], [3937185154952, []], [4398046511104, []], [4902165063984, []], [5452666063360, []], [6060711605322, []], [6722988834816, []], [7442948429328, []], [8235334586368, []], [9095120158392, []], [10026028630016, []], [11047398519098, []], [12151280272896, []], [13342114377186, []], [14645194555392, []], [16048541930480, []], [17557536764928, []], [19203908986160, []], [20971251564544, []], [22866336882541, []], [24928547056896, []], [27136050989626, []], [29495577542656, []], [32057298567576, []], [34792782221568, []], [37708229609288, []], [40867557539840, []], [44231334895530, []], [47807218059776, []], [51676163860704, []], [55784660140032, []], [60142574448832, []], [64847759419392, []], [69832835659512, []], [75110388072448, []], [80798284478114, []], [86812658738304, []], [93163931054110, []], [99998720016384, []]]],[0, 1, 128, 2186, 16384, 78124, 279808, 823544, 2097152, 4780783, 9999872, 19487170, 35815424, 62748516, 105413632, 170779064, 268435456, 410338674, 611940224, 893871738, 1279983616, 1800267184, 2494357760, 3404825448, 4584374272, 6103437501, 8031810048, 10455572420, 13492944896, 17249876308, 21859720192, 27512614112, 34359738368, 42598953620, 52523350272, 64338551456, 78328348672, 94931877132, 114415582464, 137168255976, 163837902848, 194754273882, 230434199552, 271818611106, 319277793280, 373493891092, 435817657344, 506623120464, 586799906816, 678223896393, 781240000128, 897000341364, 1028071686144, 1174711139836, 1338313269760, 1522415669080, 1727096946688, 1954003619268, 2207984167424, 2488651484818, 2798044184576, 3142742836020, 3521614606336, 3937185154952, 4398046511104, 4902165063984, 5452666063360, 6060711605322, 6722988834816, 7442948429328, 8235334586368, 9095120158392, 10026028630016, 11047398519098, 12151280272896, 13342114377186, 14645194555392, 16048541930480, 17557536764928, 19203908986160, 20971251564544, 22866336882541, 24928547056896, 27136050989626, 29495577542656, 32057298567576, 34792782221568, 37708229609288, 40867557539840, 44231334895530, 47807218059776, 51676163860704, 55784660140032, 60142574448832, 64847759419392, 69832835659512, 75110388072448, 80798284478114, 86812658738304, 93163931054110, 99998720016384],8.8.b.E.a

8.b,5,8,100,1,[[[24611/2, []], [1, []], [1, []], [-2186, []], [1, []], [-78124, []], [-2186, []], [823544, []], [1, []], [4780783, []], [-78124, []], [-19487170, []], [-2186, []], [-62748516, []], [823544, []], [170779064, []], [1, []], [410338674, []], [4780783, []], [-893871738, []], [-78124, []], [-1800267184, []], [-19487170, []], [3404825448, []], [-2186, []], [6103437501, []], [-62748516, []], [-10455572420, []], [823544, []], [-17249876308, []], [170779064, []], [27512614112, []], [1, []], [42598953620, []], [410338674, []], [-64338551456, []], [4780783, []], [-94931877132, []], [-893871738, []], [137168255976, []], [-78124, []], [194754273882, []], [-1800267184, []], [-271818611106, []], [-19487170, []], [-373493891092, []], [3404825448, []], [506623120464, []], [-2186, []], [678223896393, []], [6103437501, []], [-897000341364, []], [-62748516, []], [-1174711139836, []], [-10455572420, []], [1522415669080, []], [823544, []], [1954003619268, []], [-17249876308, []], [-2488651484818, []], [170779064, []], [-3142742836020, []], [27512614112, []], [3937185154952, []], [1, []], [4902165063984, []], [42598953620, []], [-6060711605322, []], [410338674, []], [-7442948429328, []], [-64338551456, []], [9095120158392, []], [4780783, []], [11047398519098, []], [-94931877132, []], [-13342114377186, []], [-893871738, []], [-16048541930480, []], [137168255976, []], [19203908986160, []], [-78124, []], [22866336882541, []], [194754273882, []], [-27136050989626, []], [-1800267184, []], [-32057298567576, []], [-271818611106, []], [37708229609288, []], [-19487170, []], [44231334895530, []], [-373493891092, []], [-51676163860704, []], [3404825448, []], [-60142574448832, []], [506623120464, []], [69832835659512, []], [-2186, []], [80798284478114, []], [678223896393, []], [-93163931054110, []], [6103437501, []]]],[24611/2, 1, 1, -2186, 1, -78124, -2186, 823544, 1, 4780783, -78124, -19487170, -2186, -62748516, 823544, 170779064, 1, 410338674, 4780783, -893871738, -78124, -1800267184, -19487170, 3404825448, -2186, 6103437501, -62748516, -10455572420, 823544, -17249876308, 170779064, 27512614112, 1, 42598953620, 410338674, -64338551456, 4780783, -94931877132, -893871738, 137168255976, -78124, 194754273882, -1800267184, -271818611106, -19487170, -373493891092, 3404825448, 506623120464, -2186, 678223896393, 6103437501, -897000341364, -62748516, -1174711139836, -10455572420, 1522415669080, 823544, 1954003619268, -17249876308, -2488651484818, 170779064, -3142742836020, 27512614112, 3937185154952, 1, 4902165063984, 42598953620, -6060711605322, 410338674, -7442948429328, -64338551456, 9095120158392, 4780783, 11047398519098, -94931877132, -13342114377186, -893871738, -16048541930480, 137168255976, 19203908986160, -78124, 22866336882541, 194754273882, -27136050989626, -1800267184, -32057298567576, -271818611106, 37708229609288, -19487170, 44231334895530, -373493891092, -51676163860704, 3404825448, -60142574448832, 506623120464, 69832835659512, -2186, 80798284478114, 678223896393, -93163931054110, 6103437501],8.8.b.E.b

9.c,4,8,100,3,[[[0, [0]], [1, [0]], [128, [1]], [2187, [0]], [16383, [127]], [78124, [-1]], [279936, [2187]], [823543, [1]], [2097025, [16256]], [4782969, [0]], [9999873, [77997]], [19487171, [1]], [35829621, [277749]], [62748516, [-1]], [105413503, [823670]], [170857188, [-2187]], [268419200, [2080769]], [410338674, [0]], [612220032, [4782969]], [893871740, [0]], [1279905619, [9905492]], [1801088541, [2187]], [2494357887, [19487298]], [3404825446, [-1]], [4586193675, [35551872]], [6103437500, [-78124]], [8031810049, [62748389]], [10460353203, [0]], [13492104842, [104606217]], [17249876309, [1]], [21869722251, [170579439]], [27512614110, [-1]], [34357657599, [266338431]], [42618442977, [2187]], [52523350272, [410338674]], [64338473333, [-745418]], [78359381127, [607437063]], [94931877134, [0]], [114415582720, [893871740]], [137231004492, [-2187]], [163827997356, [1267902975]], [194754273880, [-1]], [230539331061, [1801366290]], [271818611107, [1]], [319258322366, [2474886973]], [373664670156, [-4782969]], [435817657089, [3404825319]], [506623120463, [1]], [587032790400, [4550641803]], [678223072848, [823542]], [781240078124, [6093515752]], [897410680038, [0]], [1028008937755, [7969045276]], [1174711139838, [0]], [1338925209984, [10460353203]], [1522415747205, [-19409046]], [1726990243319, [13389595777]], [1954897495380, [0]], [2207984167551, [17249876436]], [2488651484818, [-1]], [2799153588753, [21663311004]], [3142742836021, [1]], [3521614606081, [27512613983]], [3938980639167, [4782969]], [4397780172673, [34091319168]], [4902165063983, [-62826641]], [5455160698869, [42618720726]], [6060711605322, [-1]], [6722578496142, [52113011598]], [7446353250402, [-2187]], [8235325332042, [64243805247]], [9095120158392, [0]], [10030005567225, [77751944064]], [11047398519098, [0]], [12151280273152, [94931877134]], [13348217812500, [-170857188]], [14644300716420, [113521710980]], [16048523266852, [20310713]], [17565568577163, [137230726743]], [19203908986159, [1]], [20969983661569, [162291658925]], [22876792454961, [0]], [24928547056641, [194754273753]], [27136050989627, [1]], [29507233289454, [228773796579]], [32057298567576, [-410338674]], [34792782221695, [271818611234]], [37725479487783, [2187]], [40865084750019, [316785532545]], [44231334895530, [0]], [47829082562937, [373057233093]], [51676101112189, [61924974]], [55781255281945, [432412815386]], [60170087058570, [-2187]], [64847759419263, [506623120590]], [69832835815760, [-893871740]], [75140197169013, [582482148597]], [80798284478113, [1]], [86812552501002, [678327662682]], [93206534790699, [4782969]], [99992626484248, [773866578756]]]],[0, 2, 255, 4374, 32639, 156249, 557685, 1647085, 4177794, 9565938, 19921749, 38974341, 71381493, 125497033, 210003336, 341716563, 534757631, 820677348, 1219657095, 1787743480, 2549905746, 3602174895, 4969228476, 6809650893, 9136835478, 12206953124, 16000871709, 20920706406, 26879603467, 34499752617, 43568865063, 55025228221, 68448976767, 85236883767, 104636361870, 128677692084, 156111325191, 189863754268, 227937293700, 274462011171, 326388091737, 389508547761, 459277295832, 543637222213, 636041757759, 747334123281, 868230488859, 1013246240925, 1169514938997, 1356445322154, 1556386640496, 1794821360076, 2048048830234, 2349422279676, 2667390066765, 3044850903456, 3440590890861, 3909794990760, 4398718458666, 4977302969637, 5576643866502, 6285485672041, 7015716598179, 7877956495365, 8761469026178, 9804392954607, 10867702677012, 12121423210645, 13393043980686, 14892706502991, 16406406858837, 18190240316784, 19982259190386, 22094797038196, 24207628669170, 26696606482188, 29175079721860, 32097026222991, 34993906427583, 38407817972317, 41777675664213, 45753584909922, 49662339839529, 54272101979253, 58785692782329, 64115007473826, 69313745832156, 75450958973379, 81413383967493, 88462669791060, 95285107892781, 103352140299404, 111130097748504, 120340174119327, 129188895717936, 139666565503260, 149697912189429, 161596568956225, 172946777339322, 186413064798429, 199211386389740],9.8.c.E.a

9.c,4,8,100,3,[[[101428/3, [65897/3]], [1, [0]], [1, [128]], [1, [0]], [-16383, [-16256]], [-78124, [-78125]], [1, [128]], [1, [823543]], [2080769, [-16256]], [1, [0]], [9921876, [-77997]], [1, [19487171]], [-16383, [-16256]], [-62748516, [-62748517]], [-105413503, [-104589833]], [-78124, [-78125]], [2080769, [268419200]], [410338674, [0]], [1, [128]], [893871740, [0]], [9905492, [1279905619]], [1, [823543]], [-2494357887, [-2474870589]], [-3404825446, [-3404825447]], [2080769, [-16256]], [-78124, [6103437500]], [7969061660, [-62748389]], [1, [0]], [13387498625, [-104606217]], [1, [17249876309]], [9921876, [-77997]], [-27512614110, [-27512614111]], [-34357657599, [-34091319168]], [1, [19487171]], [410338674, [52523350272]], [64339218751, [745418]], [-16383, [-16256]], [94931877134, [0]], [893871740, [114415582720]], [-62748516, [-62748517]], [-163827997356, [-162560094381]], [-194754273880, [-194754273881]], [-105413503, [-104589833]], [1, [271818611107]], [316783435393, [-2474886973]], [-78124, [-78125]], [432412831770, [-3404825319]], [1, [506623120463]], [2080769, [268419200]], [-678223072848, [-678222249306]], [-781240078124, [-775146562372]], [410338674, [0]], [7969045276, [1028008937755]], [1174711139838, [0]], [1, [128]], [1522435156251, [19409046]], [13389595777, [1726990243319]], [893871740, [0]], [-2207984167551, [-2190734291115]], [-2488651484818, [-2488651484819]], [9905492, [1279905619]], [1, [3142742836021]], [3494101992098, [-27512613983]], [1, [823543]], [4363688853505, [-34091319168]], [-62826641, [4902165063983]], [-2494357887, [-2474870589]], [-6060711605322, [-6060711605323]], [-6722578496142, [-6670465484544]], [-3404825446, [-3404825447]], [64243805247, [8235325332042]], [9095120158392, [0]], [2080769, [-16256]], [11047398519098, [0]], [94931877134, [12151280273152]], [-78124, [6103437500]], [-14644300716420, [-14530779005440]], [-16048523266852, [-16048502956139]], [7969061660, [-62748389]], [1, [19203908986159]], [20807692002644, [-162291658925]], [1, [0]], [24733792782888, [-194754273753]], [1, [27136050989627]], [13387498625, [-104606217]], [-32057298567576, [-32057708906250]], [-34792782221695, [-34520963610461]], [1, [17249876309]], [316785532545, [40865084750019]], [44231334895530, [0]], [9921876, [-77997]], [51676039187215, [-61924974]], [432412815386, [55781255281945]], [-27512614110, [-27512614111]], [-64847759419263, [-64341136298673]], [-69832835815760, [-69833729687500]], [-34357657599, [-34091319168]], [1, [80798284478113]], [86134224838320, [-678327662682]], [1, [19487171]], [99218759905492, [-773866578756]]]],[45653, 2, -126, 2, -16510, -78123, -126, -823541, 4177794, 2, 19921749, -19487169, -16510, -62748515, -106237173, -78123, -264257662, 820677348, -126, 1787743480, -1260094635, -823541, -2513845185, -3404825445, 4177794, -6103593748, 16000871709, 2, 26879603467, -17249876307, 19921749, -27512614109, -34623996030, -19487169, -51702672924, 128677692084, -16510, 189863754268, -112627839240, -62748515, -165095900331, -194754273879, -106237173, -271818611105, 636041757759, -78123, 868230488859, -506623120461, -264257662, -678223896390, -787333593876, 820677348, -1012070847203, 2349422279676, -126, 3044850903456, -1700211051765, 1787743480, -2225234043987, -2488651484817, -1260094635, -3142742836019, 7015716598179, -823541, 8761469026178, -4902290717265, -2513845185, -6060711605321, -6774691507740, -3404825445, -8106837721548, 18190240316784, 4177794, 22094797038196, -11961416518884, -6103593748, -14757822427400, -16048543577565, 16000871709, -19203908986157, 41777675664213, 2, 49662339839529, -27136050989625, 26879603467, -32056888228902, -35064600832929, -17249876307, -40231513684929, 88462669791060, 19921749, 103352140299404, -54916429651173, -27512614109, -65354382539853, -69831941944020, -34623996030, -80798284478111, 172946777339322, -19487169, 199211386389740],9.8.c.E.b

11.c,3,8,100,5,[[[0, [0, 0, 0]], [1, [0, 0, 0]], [127, [-1, -1, -1]], [2187, [0, 1, 0]], [16256, [-128, -128, -127]], [78125, [1, 0, 0]], [277749, [-2186, -2059, -2187]], [823543, [0, 0, 1]], [2080768, [-16384, -16383, -16256]], [4782968, [-1, 2186, -1]], [9921876, [-77997, -78125, -78125]], [19487171, [0, 0, 0]], [35551873, [-279808, -263552, -277749]], [62748516, [-1, -1, -1]], [104589961, [-823543, -823542, -823415]], [170859375, [2187, 78125, 1]], [266338304, [-2097151, -2097024, -2080768]], [410338673, [1, 0, 0]], [607436935, [-4780910, -4503161, -4783096]], [893871739, [0, 1, 0]], [1270000127, [-9983617, -10000001, -9921876]], [1801088542, [0, 823543, 2187]], [2474870717, [-19487171, -19487171, -19487171]], [3404825448, [0, 0, 0]], [4550639743, [-35815425, -33732470, -35551873]], [6103515625, [78125, 1, 0]], [7969061531, [-62748645, -62748645, -62748644]], [10460351016, [-2186, 4780782, -2187]], [13387515008, [-105413503, -105413376, -104573577]], [17249876309, [0, 0, 1]], [21699142812, [-170501314, -160859374, -170859247]], [27512614110, [-1, -1, -1]], [34091302913, [-268435328, -268419072, -266338304]], [42618442977, [0, 19487171, 0]], [52113011472, [-410338545, -410338673, -410338673]], [64339296874, [823542, -1, 78124]], [77751929867, [-611956480, -576404607, -607453319]], [94931877133, [0, 0, 1]], [113521710853, [-893871738, -893871611, -893871739]], [137231004492, [-2186, 62746330, -2187]], [162560016256, [-1277902976, -1279922003, -1270000127]], [194754273881, [0, 1, 0]], [228738244834, [-1800264999, -1695672851, -1800808606]], [271818611108, [0, 0, 0]], [316783451776, [-2494357888, -2494357888, -2474870717]], [373669375001, [4704844, 170781250, -75938]], [432412831896, [-3404825448, -3404825448, -3404825448]], [506623120463, [0, 1, 0]], [582481887104, [-4584372213, -4317756160, -4550639743]], [678223072849, [1, 0, 823543]], [775146562500, [-6093515624, -6103515497, -6103515625]], [897410677851, [2187, 410338673, 1]], [1020039875968, [-8031826560, -8031826559, -7969077915]], [1174711139836, [-1, -1, -1]], [1328464576846, [-10455850042, -9848413107, -10460630952]], [1522435234375, [19487171, 0, 0]], [1713601921025, [-13492928384, -13492088585, -13385417856]], [1954897493192, [-1, 893873925, -1]], [2190734291243, [-17249876309, -17249876308, -17249876181]], [2488651484819, [0, 0, 1]], [2777490355874, [-21824170378, -20590002059, -21699126428]], [3142742836021, [1, 0, 0]], [3494101991969, [-27512614239, -27512614239, -27512614238]], [3938979817811, [-823543, 1800264999, 3959426]], [4363686772863, [-34359721985, -34357641217, -34091302913]], [4902227812501, [62670392, -78125, -78125]], [5412542258079, [-42598955806, -40124085089, -42618442977]], [6060711605324, [0, 0, 0]], [6670465468415, [-52523333761, -52523350145, -52113011472]], [7446353254776, [0, 3404825448, 0]], [8171091526540, [-64233883499, -64339218878, -64329297002]], [9095120158391, [1, 0, 0]], [9952247020789, [-78330431626, -73775008914, -77754027019]], [11047398519097, [0, 0, 1]], [12056348395891, [-94931877133, -94931877132, -94931877005]], [13348388671874, [170859374, 6103517811, 78124]], [14530778989185, [-114415582464, -114415566208, -113521710853]], [16048523266853, [0, 0, 19487171]], [17428337568298, [-137168537970, -129199476439, -137231284428]], [19203908986158, [-1, -1, -1]], [20807682080768, [-163571502803, -163830016383, -162560016256]], [22876787671992, [-4780782, 10455570234, -4782968]], [24733792782887, [-194754273880, -194754273753, -194754273881]], [27136050989627, [1, 0, 0]], [29278496162295, [-230433917685, -217046124928, -228702413026]], [32057708828125, [410416798, 1, 0]], [34520963610716, [-271818611108, -271818611108, -271818611108]], [37725479487784, [0, 17249876309, 2187]], [40548281827328, [-319277809664, -319258322493, -316783451776]], [44231334895530, [0, 0, 0]], [47456015329971, [-372896373719, -351809450939, -373679095065]], [51676101112188, [-823543, -823542, 61924974]], [55348842482688, [-435817657344, -435817657344, -432412831896]], [60170087058570, [-2186, 27512611924, -2187]], [64341136298801, [-506623120462, -506623120335, -506623120463]], [69833729609375, [893871739, 78125, 1]], [74557681551499, [-586799643264, -552672788479, -582481887104]], [80798284478112, [-1, -1, -1]], [86134330251824, [-678223072721, -678222249306, -678117659345]], [93206515303528, [-19487171, 42598955806, -19487171]], [99218759921876, [-779970077997, -781250061741, -775146562500]]]],[0, 4, 511, 8747, 65407, 312499, 1117428, 3294171, 8372095, 19129688, 39921751, 77948684, 143028601, 250994067, 420830344, 683357187, 1071628159, 1641354691, 2443814907, 3575486955, 5109906002, 7203528438, 9957944381, 13619301792, 18307658740, 24413984374, 32064492058, 41836627655, 53865460488, 68999505235, 87298791183, 110050456443, 137168404356, 170454284737, 209683061779, 257356285831, 312803533874, 379727508531, 456768458500, 548861276011, 654067890130, 779017095523, 920249725792, 1087274444432, 1274597393597, 1494502089848, 1739865803928, 2026492481851, 2343380316532, 2712891467852, 3118886796746, 3589232370543, 4104192234906, 4698844559347, 5344623201485, 6089721450329, 6894778118925, 7818696098845, 8814686793770, 9954605939275, 11174074722361, 12570971344083, 14058945810592, 15754115870362, 17557555757567, 19608848735862, 21775510516188, 24242846421296, 26839021569038, 29782008193656, 32877268505539, 36380480633563, 40038847550715, 44189594076387, 48510189214834, 53387280232187, 58465468816265, 64194073580241, 70116949572029, 76815635944635, 83720689858514, 91496704681484, 99519433953062, 108544203958507, 117790167104819, 128230424895701, 138899310276188, 150884668072640, 163148446893245, 176925339582120, 190922446239607, 206704344170863, 222699418077336, 240652835626729, 258884414556464, 279334024487635, 299952680524843, 323193137912451, 346571883988668, 372783501232648, 399211406389742],11.8.c.E.a

11.c,3,8,100,5,[[[382616/11, [-1217784/11, -496983/11, -950035/11]], [1, [0, 0, 0]], [-127, [-128, -128, -128]], [1, [0, 2187, 0]], [-127, [-128, -128, 16256]], [1, [78125, 0, 0]], [-127, [279808, 2059, -128]], [1, [0, 0, 823543]], [-127, [-128, 2097024, 16256]], [-4782968, [-4782969, -4780782, -4782969]], [9999873, [77997, -128, -128]], [1, [0, 0, 0]], [35831681, [279808, 2059, 16256]], [-62748516, [-62748517, -62748517, -62748517]], [-127, [-128, 105413376, 823415]], [1, [78125, 2187, 170859375]], [-127, [268435328, 2097024, 16256]], [1, [410338673, 0, 0]], [-4783096, [-4503161, -4780910, 607436935]], [1, [0, 893871739, 0]], [-1270000127, [-1279922003, -1280000128, -1279983744]], [1801088542, [0, 2187, 823543]], [-127, [-128, -128, -128]], [3404825448, [0, 0, 0]], [-4550639743, [-4586191616, -4584372213, -4586455168]], [1, [78125, 6103515625, 0]], [-62748644, [-62748645, -62748645, 7969061531]], [-4782968, [10455570234, -4780782, -4782969]], [-127, [13492928384, 105413376, 839799]], [1, [0, 0, 17249876309]], [9999873, [357933, 21870002059, 170859247]], [-27512614110, [-27512614111, -27512614111, -27512614111]], [34359738241, [268435328, 2097024, 16256]], [1, [0, 2187, 0]], [52523350017, [410338545, -128, -128]], [-64339296874, [-64339218750, -64339296875, -64338473332]], [31048712, [-4503161, 78359383186, 607453319]], [1, [0, 0, 94931877133]], [-127, [114415582464, 893871611, -128]], [-62748516, [137168258162, -62746330, -62748517]], [-1270000127, [-1279922003, -1277902976, 162560016256]], [1, [0, 194754273881, 0]], [-228738244834, [-230539053440, -230433917685, -230538509833]], [271818611108, [0, 0, 0]], [-127, [-128, -128, 16256]], [373664670157, [-4704844, -4780782, 166076406]], [-432412831896, [-435817657344, -435817657344, -435817657344]], [1, [0, 506623120463, 0]], [-4550639743, [-4317756160, -4584372213, 582481887104]], [1, [678223072849, 0, 823543]], [9999873, [781250077997, 6103515497, -128]], [1, [410338673, 2187, 897410677851]], [-62748644, [-62748645, 1028008953883, 7969077915]], [-1174711139836, [-1174711139837, -1174711139837, -1174711139837]], [1338920426888, [10455850042, -4780910, 607436935]], [1, [78125, 0, 0]], [1727094849409, [13492928384, 107510528, 839799]], [-1954897493192, [-1954897493193, -1954003619267, -1954897493193]], [-127, [-128, 2207984167424, 17249876181]], [1, [0, 0, 2488651484819]], [-1234168319, [2798080357933, 20590002059, -1109124369]], [1, [3142742836021, 0, 0]], [-27512614238, [-27512614239, -27512614239, 3494101991969]], [1796305573, [-4782969, 3938975858385, -3959426]], [-4363686772863, [-4397778075776, -4398044414080, -4398046494848]], [4902165142109, [-62670392, -62748517, -62748517]], [-127, [279808, 2059, -128]], [6060711605324, [0, 0, 0]], [-6670465468415, [-6722578479887, -6722988818560, -6722988802176]], [3404825448, [0, 7446353254776, 0]], [-64329297002, [-64339218878, -64233883499, 8171091526540]], [1, [9095120158391, 0, 0]], [-4555422712, [10026022029703, 73775008914, -3979018105]], [1, [0, 0, 11047398519097]], [-127, [-128, 12151280272896, 94931877005]], [-13348388671874, [-13348388593750, -13342285154063, -13348217812500]], [14645194571649, [114415582464, 893871611, 16256]], [1, [0, 0, 823543]], [17565506106268, [137168537970, -62746458, 7969061531]], [-19203908986158, [-19203908986159, -19203908986159, -19203908986159]], [-1270000127, [-1011486547, 20970242097024, 162560016256]], [-4782968, [10455570234, -4780782, 22876787671992]], [-127, [24928547056640, 194754273753, -128]], [1, [27136050989627, 0, 0]], [-228702413026, [-217046124928, -230433917685, 29278496162295]], [1, [410416798, 32057708828125, 0]], [-34520963610716, [-34792782221824, -34792782221824, -34792782221824]], [37725479487784, [0, 2187, 17249876309]], [-127, [-128, 2097024, 16256]], [44231334895530, [0, 0, 0]], [-47456015329971, [-47829694425036, -47807824780910, -47828911703690]], [-62748516, [-62748517, 51676039187214, -61924974]], [-432412831896, [-435817657344, -435817657344, 55348842482688]], [-27512614110, [60142574446646, -27512611924, -27512614111]], [-127, [64847759419136, 506623120335, -128]], [1, [78125, 893871739, 69833729609375]], [29809098625, [-4317756160, 75140163438603, 582481887104]], [-80798284478112, [-80798284478113, -80798284478113, -80798284478113]], [86812553324545, [678223072721, 105413376, 823415]], [-4782968, [-4782969, -4780782, -4782969]], [99998729999873, [779970077997, 4823515497, -1279983744]]]],[4195266/11, 4, -124, -2183, -16508, -78121, -282247, -823539, -2113660, -4785152, 39921751, 4, 143028601, -62748513, -106237171, -170939683, -270549116, -410338669, -617285248, -893871735, -1240094633, 7203528438, -124, 13619301792, -4445539975, -6103593746, -8094558817, -10465138355, -13599182067, -17249876305, -22001219747, -27512614107, 137168404356, -2183, 209683061779, -64340198539, -78838138496, -94931877129, -115309454455, -137293757379, -165082191785, -194754273877, -223441498378, 1087274444432, -16508, 1494502089848, -422198355552, -506623120459, -591782317703, -678223896388, -787313593874, -897821018707, -1036166277729, -1174711139833, 5344623201485, -78121, 6894778118925, -1955791367115, -2225234043985, -2488651484815, -2822497908899, -3142742836017, -3549127220443, -3931781893698, -4260878106748, 19608848735862, -282247, 24242846421296, -6513305773037, -7432733952984, -8299835612171, -9095120158387, -10114039711360, -11047398519093, -12246212150281, -13354663127183, 58465468816265, -823539, 70116949572029, -19203908986155, -21136870627241, -22887257593316, -25123301330773, -27136050989623, -29745825771786, -32058119244919, -33705507777392, 150884668072640, -2113660, 176925339582120, -46357630410248, -51676165507787, -56206858495584, -60197599677051, -65354382539851, -69834623559235, -75599091175047, -80798284478109, 346571883988668, -4785152, 399211406389742],11.8.c.E.b

12.b,11,8,100,1,[[[0, []], [1, []], [128, []], [2187, []], [16384, []], [78124, []], [279936, []], [823542, []], [2097152, []], [4782969, []], [9999872, []], [19487172, []], [35831808, []], [62748518, []], [105413376, []], [170857188, []], [268435456, []], [410338672, []], [612220032, []], [893871738, []], [1279983616, []], [1801086354, []], [2494358016, []], [3404825448, []], [4586471424, []], [6103437501, []], [8031810304, []], [10460353203, []], [13492912128, []], [17249876308, []], [21869720064, []], [27512614110, []], [34359738368, []], [42618445164, []], [52523350016, []], [64338395208, []], [78364164096, []], [94931877134, []], [114415582464, []], [137231008866, []], [163837902848, []], [194754273880, []], [230539053312, []], [271818611106, []], [319277826048, []], [373664670156, []], [435817657344, []], [506623120464, []], [587068342272, []], [678222249307, []], [781240000128, []], [897410675664, []], [1028071718912, []], [1174711139836, []], [1338925209984, []], [1522415825328, []], [1727092752384, []], [1954897491006, []], [2207984167424, []], [2488651484820, []], [2799324168192, []], [3142742836022, []], [3521614606080, []], [3938975856198, []], [4398046511104, []], [4902165220232, []], [5455160980992, []], [6060711605322, []], [6722988802048, []], [7446353254776, []], [8235314586624, []], [9095120158392, []], [10030613004288, []], [11047398519098, []], [12151280273152, []], [13348217814687, []], [14645194555392, []], [16048504603224, []], [17565569134848, []], [19203908986158, []], [20971251564544, []], [22876792454961, []], [24928547056640, []], [27136050989628, []], [29508998823936, []], [32057298411328, []], [34792782221568, []], [37725479485596, []], [40867561734144, []], [44231334895528, []], [47829077779968, []], [51676040010756, []], [55784660140032, []], [60170087058570, []], [64847759419392, []], [69832835659512, []], [75144747810816, []], [80798284478114, []], [86812447911296, []], [93206539573668, []], [99998720016384, []]]],[0, 1, 128, 2187, 16384, 78124, 279936, 823542, 2097152, 4782969, 9999872, 19487172, 35831808, 62748518, 105413376, 170857188, 268435456, 410338672, 612220032, 893871738, 1279983616, 1801086354, 2494358016, 3404825448, 4586471424, 6103437501, 8031810304, 10460353203, 13492912128, 17249876308, 21869720064, 27512614110, 34359738368, 42618445164, 52523350016, 64338395208, 78364164096, 94931877134, 114415582464, 137231008866, 163837902848, 194754273880, 230539053312, 271818611106, 319277826048, 373664670156, 435817657344, 506623120464, 587068342272, 678222249307, 781240000128, 897410675664, 1028071718912, 1174711139836, 1338925209984, 1522415825328, 1727092752384, 1954897491006, 2207984167424, 2488651484820, 2799324168192, 3142742836022, 3521614606080, 3938975856198, 4398046511104, 4902165220232, 5455160980992, 6060711605322, 6722988802048, 7446353254776, 8235314586624, 9095120158392, 10030613004288, 11047398519098, 12151280273152, 13348217814687, 14645194555392, 16048504603224, 17565569134848, 19203908986158, 20971251564544, 22876792454961, 24928547056640, 27136050989628, 29508998823936, 32057298411328, 34792782221568, 37725479485596, 40867561734144, 44231334895528, 47829077779968, 51676040010756, 55784660140032, 60170087058570, 64847759419392, 69832835659512, 75144747810816, 80798284478114, 86812447911296, 93206539573668, 99998720016384],12.8.b.E.a

12.b,11,8,100,1,[[[257543, []], [1, []], [1, []], [1, []], [1, []], [-78124, []], [1, []], [-823542, []], [1, []], [1, []], [-78124, []], [19487172, []], [1, []], [62748518, []], [-823542, []], [-78124, []], [1, []], [-410338672, []], [1, []], [-893871738, []], [-78124, []], [-823542, []], [19487172, []], [3404825448, []], [1, []], [6103437501, []], [62748518, []], [1, []], [-823542, []], [-17249876308, []], [-78124, []], [-27512614110, []], [1, []], [19487172, []], [-410338672, []], [64338395208, []], [1, []], [94931877134, []], [-893871738, []], [62748518, []], [-78124, []], [-194754273880, []], [-823542, []], [-271818611106, []], [19487172, []], [-78124, []], [3404825448, []], [506623120464, []], [1, []], [678222249307, []], [6103437501, []], [-410338672, []], [62748518, []], [-1174711139836, []], [1, []], [-1522415825328, []], [-823542, []], [-893871738, []], [-17249876308, []], [2488651484820, []], [-78124, []], [3142742836022, []], [-27512614110, []], [-823542, []], [1, []], [-4902165220232, []], [19487172, []], [-6060711605322, []], [-410338672, []], [3404825448, []], [64338395208, []], [9095120158392, []], [1, []], [11047398519098, []], [94931877134, []], [6103437501, []], [-893871738, []], [-16048504603224, []], [62748518, []], [-19203908986158, []], [-78124, []], [1, []], [-194754273880, []], [27136050989628, []], [-823542, []], [32057298411328, []], [-271818611106, []], [-17249876308, []], [19487172, []], [-44231334895528, []], [-78124, []], [-51676040010756, []], [3404825448, []], [-27512614110, []], [506623120464, []], [69832835659512, []], [1, []], [80798284478114, []], [678222249307, []], [19487172, []], [6103437501, []]]],[257543, 1, 1, 1, 1, -78124, 1, -823542, 1, 1, -78124, 19487172, 1, 62748518, -823542, -78124, 1, -410338672, 1, -893871738, -78124, -823542, 19487172, 3404825448, 1, 6103437501, 62748518, 1, -823542, -17249876308, -78124, -27512614110, 1, 19487172, -410338672, 64338395208, 1, 94931877134, -893871738, 62748518, -78124, -194754273880, -823542, -271818611106, 19487172, -78124, 3404825448, 506623120464, 1, 678222249307, 6103437501, -410338672, 62748518, -1174711139836, 1, -1522415825328, -823542, -893871738, -17249876308, 2488651484820, -78124, 3142742836022, -27512614110, -823542, 1, -4902165220232, 19487172, -6060711605322, -410338672, 3404825448, 64338395208, 9095120158392, 1, 11047398519098, 94931877134, 6103437501, -893871738, -16048504603224, 62748518, -19203908986158, -78124, 1, -194754273880, 27136050989628, -823542, 32057298411328, -271818611106, -17249876308, 19487172, -44231334895528, -78124, -51676040010756, 3404825448, -27512614110, 506623120464, 69832835659512, 1, 80798284478114, 678222249307, 19487172, 6103437501],12.8.b.E.b

12.b,11,8,100,1,[[[0, []], [1, []], [-128, []], [-1, []], [16384, []], [-78124, []], [128, []], [823542, []], [-2097152, []], [1, []], [9999872, []], [-19487172, []], [-16384, []], [62748518, []], [-105413376, []], [78124, []], [268435456, []], [-410338672, []], [-128, []], [893871738, []], [-1279983616, []], [-823542, []], [2494358016, []], [-3404825448, []], [2097152, []], [6103437501, []], [-8031810304, []], [-1, []], [13492912128, []], [-17249876308, []], [-9999872, []], [27512614110, []], [-34359738368, []], [19487172, []], [52523350016, []], [-64338395208, []], [16384, []], [94931877134, []], [-114415582464, []], [-62748518, []], [163837902848, []], [-194754273880, []], [105413376, []], [271818611106, []], [-319277826048, []], [-78124, []], [435817657344, []], [-506623120464, []], [-268435456, []], [678222249307, []], [-781240000128, []], [410338672, []], [1028071718912, []], [-1174711139836, []], [128, []], [1522415825328, []], [-1727092752384, []], [-893871738, []], [2207984167424, []], [-2488651484820, []], [1279983616, []], [3142742836022, []], [-3521614606080, []], [823542, []], [4398046511104, []], [-4902165220232, []], [-2494358016, []], [6060711605322, []], [-6722988802048, []], [3404825448, []], [8235314586624, []], [-9095120158392, []], [-2097152, []], [11047398519098, []], [-12151280273152, []], [-6103437501, []], [14645194555392, []], [-16048504603224, []], [8031810304, []], [19203908986158, []], [-20971251564544, []], [1, []], [24928547056640, []], [-27136050989628, []], [-13492912128, []], [32057298411328, []], [-34792782221568, []], [17249876308, []], [40867561734144, []], [-44231334895528, []], [9999872, []], [51676040010756, []], [-55784660140032, []], [-27512614110, []], [64847759419392, []], [-69832835659512, []], [34359738368, []], [80798284478114, []], [-86812447911296, []], [-19487172, []], [99998720016384, []]]],[0, 1, -128, -1, 16384, -78124, 128, 823542, -2097152, 1, 9999872, -19487172, -16384, 62748518, -105413376, 78124, 268435456, -410338672, -128, 893871738, -1279983616, -823542, 2494358016, -3404825448, 2097152, 6103437501, -8031810304, -1, 13492912128, -17249876308, -9999872, 27512614110, -34359738368, 19487172, 52523350016, -64338395208, 16384, 94931877134, -114415582464, -62748518, 163837902848, -194754273880, 105413376, 271818611106, -319277826048, -78124, 435817657344, -506623120464, -268435456, 678222249307, -781240000128, 410338672, 1028071718912, -1174711139836, 128, 1522415825328, -1727092752384, -893871738, 2207984167424, -2488651484820, 1279983616, 3142742836022, -3521614606080, 823542, 4398046511104, -4902165220232, -2494358016, 6060711605322, -6722988802048, 3404825448, 8235314586624, -9095120158392, -2097152, 11047398519098, -12151280273152, -6103437501, 14645194555392, -16048504603224, 8031810304, 19203908986158, -20971251564544, 1, 24928547056640, -27136050989628, -13492912128, 32057298411328, -34792782221568, 17249876308, 40867561734144, -44231334895528, 9999872, 51676040010756, -55784660140032, -27512614110, 64847759419392, -69832835659512, 34359738368, 80798284478114, -86812447911296, -19487172, 99998720016384],12.8.b.E.c

12.b,11,8,100,1,[[[0, []], [1, []], [-1, []], [-2187, []], [1, []], [78124, []], [2187, []], [-823542, []], [-1, []], [4782969, []], [-78124, []], [-19487172, []], [-2187, []], [62748518, []], [823542, []], [-170857188, []], [1, []], [410338672, []], [-4782969, []], [-893871738, []], [78124, []], [1801086354, []], [19487172, []], [-3404825448, []], [2187, []], [6103437501, []], [-62748518, []], [-10460353203, []], [-823542, []], [17249876308, []], [170857188, []], [-27512614110, []], [-1, []], [42618445164, []], [-410338672, []], [-64338395208, []], [4782969, []], [94931877134, []], [893871738, []], [-137231008866, []], [-78124, []], [194754273880, []], [-1801086354, []], [-271818611106, []], [-19487172, []], [373664670156, []], [3404825448, []], [-506623120464, []], [-2187, []], [678222249307, []], [-6103437501, []], [-897410675664, []], [62748518, []], [1174711139836, []], [10460353203, []], [-1522415825328, []], [823542, []], [1954897491006, []], [-17249876308, []], [-2488651484820, []], [-170857188, []], [3142742836022, []], [27512614110, []], [-3938975856198, []], [1, []], [4902165220232, []], [-42618445164, []], [-6060711605322, []], [410338672, []], [7446353254776, []], [64338395208, []], [-9095120158392, []], [-4782969, []], [11047398519098, []], [-94931877134, []], [-13348217814687, []], [-893871738, []], [16048504603224, []], [137231008866, []], [-19203908986158, []], [78124, []], [22876792454961, []], [-194754273880, []], [-27136050989628, []], [1801086354, []], [32057298411328, []], [271818611106, []], [-37725479485596, []], [19487172, []], [44231334895528, []], [-373664670156, []], [-51676040010756, []], [-3404825448, []], [60170087058570, []], [506623120464, []], [-69832835659512, []], [2187, []], [80798284478114, []], [-678222249307, []], [-93206539573668, []], [6103437501, []]]],[0, 1, -1, -2187, 1, 78124, 2187, -823542, -1, 4782969, -78124, -19487172, -2187, 62748518, 823542, -170857188, 1, 410338672, -4782969, -893871738, 78124, 1801086354, 19487172, -3404825448, 2187, 6103437501, -62748518, -10460353203, -823542, 17249876308, 170857188, -27512614110, -1, 42618445164, -410338672, -64338395208, 4782969, 94931877134, 893871738, -137231008866, -78124, 194754273880, -1801086354, -271818611106, -19487172, 373664670156, 3404825448, -506623120464, -2187, 678222249307, -6103437501, -897410675664, 62748518, 1174711139836, 10460353203, -1522415825328, 823542, 1954897491006, -17249876308, -2488651484820, -170857188, 3142742836022, 27512614110, -3938975856198, 1, 4902165220232, -42618445164, -6060711605322, 410338672, 7446353254776, 64338395208, -9095120158392, -4782969, 11047398519098, -94931877134, -13348217814687, -893871738, 16048504603224, 137231008866, -19203908986158, 78124, 22876792454961, -194754273880, -27136050989628, 1801086354, 32057298411328, 271818611106, -37725479485596, 19487172, 44231334895528, -373664670156, -51676040010756, -3404825448, 60170087058570, 506623120464, -69832835659512, 2187, 80798284478114, -678222249307, -93206539573668, 6103437501],12.8.b.E.d

13.b,12,8,100,1,[[[0, []], [1, []], [127, []], [2188, []], [16257, []], [78124, []], [277876, []], [823542, []], [2080895, []], [4785157, []], [9921748, []], [19487170, []], [35570316, []], [62748517, []], [104589834, []], [170935312, []], [266354561, []], [410338674, []], [607714939, []], [893871738, []], [1270061868, []], [1801909896, []], [2474870590, []], [3404825448, []], [4552998260, []], [6103437501, []], [7969061659, []], [10465138360, []], [13388322294, []], [17249876310, []], [21708784624, []], [27512614110, []], [34093383807, []], [42637927960, []], [52113011598, []], [64338395208, []], [77792297349, []], [94931877132, []], [113521710726, []], [137293755196, []], [162567840980, []], [194754273880, []], [228842556792, []], [271818611108, []], [316802922690, []], [373835605468, []], [432412831896, []], [506623120462, []], [582783779468, []], [678222249307, []], [775136562627, []], [897821018712, []], [1020102640869, []], [1174711139838, []], [1329072571720, []], [1522415669080, []], [1713704430090, []], [1955791362744, []], [2190734291370, []], [2488651484818, []], [2778895367184, []], [3142742836022, []], [3494101991970, []], [3940777766094, []], [4363953127297, []], [4902165142108, []], [5415016850920, []], [6060711605322, []], [6670875823218, []], [7449758080224, []], [8170976191416, []], [9095120158390, []], [9957409275515, []], [11047398519096, []], [12056348395764, []], [13354321252188, []], [14531672844666, []], [16048502956140, []], [17436306909892, []], [19203908986160, []], [20808683723564, []], [22887257593321, []], [24733792782760, []], [27136050989626, []], [29293649179272, []], [32057298567576, []], [34520963610716, []], [37742729366280, []], [40550754617150, []], [44231334895528, []], [47477121894436, []], [51676039187214, []], [55352247308136, []], [60197599672680, []], [64341136298674, []], [69832835659512, []], [74596323769716, []], [80798284478112, []], [86134225661989, []], [93249167935690, []], [99223583453757, []]]],[0, 1, 127, 2188, 16257, 78124, 277876, 823542, 2080895, 4785157, 9921748, 19487170, 35570316, 62748517, 104589834, 170935312, 266354561, 410338674, 607714939, 893871738, 1270061868, 1801909896, 2474870590, 3404825448, 4552998260, 6103437501, 7969061659, 10465138360, 13388322294, 17249876310, 21708784624, 27512614110, 34093383807, 42637927960, 52113011598, 64338395208, 77792297349, 94931877132, 113521710726, 137293755196, 162567840980, 194754273880, 228842556792, 271818611108, 316802922690, 373835605468, 432412831896, 506623120462, 582783779468, 678222249307, 775136562627, 897821018712, 1020102640869, 1174711139838, 1329072571720, 1522415669080, 1713704430090, 1955791362744, 2190734291370, 2488651484818, 2778895367184, 3142742836022, 3494101991970, 3940777766094, 4363953127297, 4902165142108, 5415016850920, 6060711605322, 6670875823218, 7449758080224, 8170976191416, 9095120158390, 9957409275515, 11047398519096, 12056348395764, 13354321252188, 14531672844666, 16048502956140, 17436306909892, 19203908986160, 20808683723564, 22887257593321, 24733792782760, 27136050989626, 29293649179272, 32057298567576, 34520963610716, 37742729366280, 40550754617150, 44231334895528, 47477121894436, 51676039187214, 55352247308136, 60197599672680, 64341136298674, 69832835659512, 74596323769716, 80798284478112, 86134225661989, 93249167935690, 99223583453757],13.8.b.E.a

13.b,12,8,100,1,[[[467669, []], [1, []], [-127, []], [2188, []], [16257, []], [-78124, []], [-277876, []], [-823542, []], [-2080895, []], [4785157, []], [9921748, []], [-19487170, []], [35570316, []], [1, []], [104589834, []], [-170935312, []], [266354561, []], [410338674, []], [-607714939, []], [-893871738, []], [-1270061868, []], [-1801909896, []], [2474870590, []], [3404825448, []], [-4552998260, []], [6103437501, []], [-127, []], [10465138360, []], [-13388322294, []], [17249876310, []], [21708784624, []], [-27512614110, []], [-34093383807, []], [-42637927960, []], [-52113011598, []], [64338395208, []], [77792297349, []], [-94931877132, []], [113521710726, []], [2188, []], [162567840980, []], [-194754273880, []], [228842556792, []], [271818611108, []], [-316802922690, []], [-373835605468, []], [-432412831896, []], [-506623120462, []], [582783779468, []], [678222249307, []], [-775136562627, []], [897821018712, []], [16257, []], [1174711139838, []], [-1329072571720, []], [1522415669080, []], [1713704430090, []], [-1955791362744, []], [-2190734291370, []], [-2488651484818, []], [-2778895367184, []], [3142742836022, []], [3494101991970, []], [-3940777766094, []], [4363953127297, []], [-78124, []], [5415016850920, []], [-6060711605322, []], [6670875823218, []], [7449758080224, []], [-8170976191416, []], [-9095120158390, []], [-9957409275515, []], [-11047398519096, []], [12056348395764, []], [13354321252188, []], [-14531672844666, []], [16048502956140, []], [-277876, []], [19203908986160, []], [-20808683723564, []], [22887257593321, []], [24733792782760, []], [-27136050989626, []], [-29293649179272, []], [-32057298567576, []], [-34520963610716, []], [37742729366280, []], [40550754617150, []], [-44231334895528, []], [47477121894436, []], [-823542, []], [55352247308136, []], [-60197599672680, []], [64341136298674, []], [69832835659512, []], [-74596323769716, []], [-80798284478112, []], [-86134225661989, []], [-93249167935690, []], [99223583453757, []]]],[467669, 1, -127, 2188, 16257, -78124, -277876, -823542, -2080895, 4785157, 9921748, -19487170, 35570316, 1, 104589834, -170935312, 266354561, 410338674, -607714939, -893871738, -1270061868, -1801909896, 2474870590, 3404825448, -4552998260, 6103437501, -127, 10465138360, -13388322294, 17249876310, 21708784624, -27512614110, -34093383807, -42637927960, -52113011598, 64338395208, 77792297349, -94931877132, 113521710726, 2188, 162567840980, -194754273880, 228842556792, 271818611108, -316802922690, -373835605468, -432412831896, -506623120462, 582783779468, 678222249307, -775136562627, 897821018712, 16257, 1174711139838, -1329072571720, 1522415669080, 1713704430090, -1955791362744, -2190734291370, -2488651484818, -2778895367184, 3142742836022, 3494101991970, -3940777766094, 4363953127297, -78124, 5415016850920, -6060711605322, 6670875823218, 7449758080224, -8170976191416, -9095120158390, -9957409275515, -11047398519096, 12056348395764, 13354321252188, -14531672844666, 16048502956140, -277876, 19203908986160, -20808683723564, 22887257593321, 24733792782760, -27136050989626, -29293649179272, -32057298567576, -34520963610716, 37742729366280, 40550754617150, -44231334895528, 47477121894436, -823542, 55352247308136, -60197599672680, 64341136298674, 69832835659512, -74596323769716, -80798284478112, -86134225661989, -93249167935690, 99223583453757],13.8.b.E.b

13.c,3,8,100,3,[[[0, [0]], [1, [0]], [128, [1]], [2187, [1]], [16383, [127]], [78126, [0]], [279935, [2314]], [823542, [-1]], [2097025, [16256]], [4782968, [2186]], [10000128, [78126]], [19487171, [1]], [35829494, [294005]], [62748517, [0]], [105413377, [823415]], [170861562, [78126]], [268419200, [2080769]], [410338672, [-1]], [612217718, [5060590]], [893871738, [-1]], [1279938258, [9922002]], [1801086355, [821356]], [2494357887, [19487298]], [3404825447, [1]], [4586177419, [37632641]], [6103593751, [0]], [8031810176, [62748517]], [10460351017, [4780782]], [13492088713, [104573578]], [17249876309, [1]], [21870201810, [180783564]], [27512614112, [0]], [34357657599, [266338431]], [42618442976, [19489357]], [52523350017, [410338545]], [64340042292, [-78126]], [78359087122, [642972552]], [94931877133, [1]], [114415582465, [893871611]], [137231006679, [62748517]], [163832175150, [1270016256]], [194754273881, [1]], [230538232084, [1905398567]], [271818611106, [-1]], [319258322366, [2474886973]], [373674157968, [170783436]], [435817657215, [3404825574]], [506623120464, [0]], [587030709631, [4816980234]], [678222249306, [-823542]], [781260000128, [6103593751]], [897410675665, [410336486]], [1028008954011, [7969061659]], [1174711139838, [0]], [1338920149394, [11067510331]], [1522454721546, [78126]], [1726988178806, [13385417983]], [1954897491007, [893869552]], [2207984167551, [17249876436]], [2488651484818, [-1]], [2799215048244, [22969434630]], [3142742836020, [-1]], [3521614606336, [27512614112]], [3938975034842, [1795482030]], [4397780172673, [34091319168]], [4902290639142, [0]], [5455141211571, [45093591315]], [6060711605323, [1]], [6722578463503, [52112995088]], [7446353252588, [3404827633]], [8235525491502, [64330120290]], [9095120158390, [-1]], [10029967934584, [82300488842]], [11047398519098, [0]], [12151280273023, [94931877260]], [13348559533437, [6103593751]], [14644300683781, [113521694470]], [16048503779683, [-18663628]], [17565506106395, [145200068338]], [19203908986160, [0]], [20970518419200, [162562158894]], [22876787674179, [10455570235]], [24928547056767, [194754274008]], [27136050989628, [0]], [29507093441753, [242089930221]], [32058119088672, [-78126]], [34792782221569, [271818610979]], [37725479487782, [17249878495]], [40865084750019, [316785532545]], [44231334895529, [1]], [47830121436468, [395363654340]], [51676039187214, [-62748517]], [55781255298074, [432412848025]], [60170087062944, [27512614112]], [64847759419392, [506623120464]], [69834623402988, [-78126]], [75139930830582, [616573467765]], [80798284478112, [-1]], [86812448734710, [678117659472]], [93206515301342, [42603736588]], [99995176422633, [775156406377]]]],[0, 2, 255, 4373, 32639, 156252, 557556, 1647085, 4177794, 9563750, 19922130, 38974341, 71364983, 125497034, 210003339, 341644998, 534757631, 820677345, 1219374846, 1787743477, 2549954514, 3601351354, 4969228476, 6809650893, 9134722197, 12207187502, 16000871835, 20915921252, 26879603848, 34499752617, 43559620056, 55025228224, 68448976767, 85217396595, 104636361489, 128680162710, 156075201692, 189863754265, 227937293319, 274399264841, 326394334044, 389508547761, 459171065601, 543637222213, 636041757759, 747177532500, 868230488856, 1013246240928, 1169244439028, 1356445322154, 1556416406505, 1794411014844, 2048048846363, 2349422279676, 2666772788457, 3044909364966, 3440590939629, 3908901112462, 4398718458666, 4977302969637, 5575460661858, 6285485672041, 7015716598560, 7876154587654, 8761469026178, 9804581278284, 10865188831827, 12121423210645, 13393043931918, 14889301677543, 16406720862714, 18190240316781, 19977635380326, 22094797038196, 24207628668786, 26691015473123, 29175079673092, 32097026222994, 34985812144452, 38407817972320, 41778474679506, 45743119778123, 49662339839526, 54272101979256, 58772096953285, 64116238255470, 69313745832159, 75433709097069, 81413383967493, 88462669791057, 95264879218596, 103352141122945, 111130097748123, 120312661511776, 129188895718320, 139669246884102, 149663288193399, 161596568956225, 172946779809948, 186370426866096, 199215196438889],13.8.c.E.a

13.c,3,8,100,3,[[[4958129/13, [6797939/13]], [1, [0]], [1, [128]], [1, [2187]], [-16383, [-16256]], [78126, [0]], [-279935, [-277621]], [-823542, [-823543]], [2080769, [-16256]], [-4782968, [-4780782]], [78126, [10000128]], [1, [19487171]], [35535489, [-294005]], [1, [0]], [104589962, [-823415]], [78126, [170861562]], [2080769, [268419200]], [-410338672, [-410338673]], [607157128, [-5060590]], [-893871738, [-893871739]], [-1279938258, [-1270016256]], [1800264999, [-821356]], [-2494357887, [-2474870589]], [1, [3404825447]], [37632641, [4586177419]], [6103593751, [0]], [1, [128]], [10455570235, [-4780782]], [104573578, [13492088713]], [1, [17249876309]], [-21870201810, [-21689418246]], [27512614112, [0]], [-34357657599, [-34091319168]], [-42618442976, [-42598953619]], [52113011472, [-410338545]], [-64340042292, [-64340120418]], [642972552, [78359087122]], [1, [94931877133]], [113521710854, [-893871611]], [1, [2187]], [162562158894, [-1270016256]], [1, [194754273881]], [1905398567, [230538232084]], [-271818611106, [-271818611107]], [316783435393, [-2474886973]], [-373674157968, [-373503374532]], [-435817657215, [-432412831641]], [506623120464, [0]], [-587030709631, [-582213729397]], [-823542, [678222249306]], [6103593751, [781260000128]], [897000339179, [-410336486]], [-16383, [-16256]], [1174711139838, [0]], [11067510331, [1338920149394]], [78126, [1522454721546]], [-1726988178806, [-1713602760823]], [1954003621455, [-893869552]], [-2207984167551, [-2190734291115]], [-2488651484818, [-2488651484819]], [2776245613614, [-22969434630]], [-3142742836020, [-3142742836021]], [27512614112, [3521614606336]], [1795482030, [3938975034842]], [4363688853505, [-34091319168]], [78126, [0]], [5410047620256, [-45093591315]], [1, [6060711605323]], [52112995088, [6722578463503]], [-7446353252588, [-7442948424955]], [8171195371212, [-64330120290]], [-9095120158390, [-9095120158391]], [-10029967934584, [-9947667445742]], [11047398519098, [0]], [-12151280273023, [-12056348395763]], [6103593751, [13348559533437]], [113521694470, [14644300683781]], [16048522443311, [18663628]], [-279935, [-277621]], [19203908986160, [0]], [162562158894, [20970518419200]], [10455570235, [22876787674179]], [-24928547056767, [-24733792782759]], [27136050989628, [0]], [-29507093441753, [-29265003511532]], [-32058119088672, [-32058119166798]], [34520963610590, [-271818610979]], [-37725479487782, [-37708229609287]], [316785532545, [40865084750019]], [1, [44231334895529]], [47434757782128, [-395363654340]], [-823542, [-823543]], [55348842450049, [-432412848025]], [27512614112, [60170087062944]], [506623120464, [64847759419392]], [-69834623402988, [-69834623481114]], [74523357362817, [-616573467765]], [-80798284478112, [-80798284478113]], [-86812448734710, [-86134331075238]], [93163911564754, [-42603736588]], [-99995176422633, [-99220020016256]]]],[3118319/13, 2, -126, -2185, -16510, 156252, -282249, -823541, 4177794, -4785154, -9843876, -19487169, 71364983, 2, 210003339, -170705310, -264257662, -410338671, 1219374846, -893871737, -1289860260, 3601351354, -2513845185, -3404825445, -4510912137, 12207187502, -126, 20915921252, -13282941557, -17249876307, -22050985374, 55025228224, -34623996030, -42637932333, 104636361489, -64339964166, -77073142018, -94931877131, 227937293319, -2185, 326394334044, -194754273879, -226727434950, -271818611105, 636041757759, -373844941404, -439222482789, 1013246240928, -591847689865, -678223896390, -769052812626, 1794411014844, -16510, 2349422279676, -1316785128732, -1522454565294, -1740373596789, 3908901112462, -2225234043987, -2488651484817, 5575460661858, -3142742836019, -3466589378112, -3935384070782, 8761469026178, 156252, 10865188831827, -6060711605321, -6618352473327, -7449758080221, 16406720862714, -9095120158389, -10112268423426, 22094797038196, -12246212150283, -13336352345935, -14417257294841, 32097026222994, -282249, 38407817972320, -20645394101412, -22855876533709, -25123301330775, 54272101979256, -29749183371974, -32058119010546, 69313745832159, -37742729366277, -40231513684929, -44231334895527, 95264879218596, -823541, 111130097748123, -60115061834720, -63834513178464, -69834623324862, 149663288193399, -80798284478111, -87490566394182, 186370426866096, -100770332829010],13.8.c.E.b

13.e,4,8,100,3,[[[0, [0]], [1, [0]], [128, [1]], [2187, [-1]], [16383, [129]], [78124, [0]], [279937, [2058]], [823544, [-1]], [2097023, [16512]], [4782968, [-2186]], [9999872, [78124]], [19487171, [1]], [35829750, [265611]], [62748517, [0]], [105413633, [823415]], [170857188, [-78124]], [268418944, [2113535]], [410338672, [1]], [612222090, [4500974]], [893871740, [-1]], [1279905492, [10077996]], [1801090727, [-825730]], [2494357887, [19487300]], [3404825447, [-1]], [4586205813, [33998209]], [6103437501, [0]], [8031810176, [62748517]], [10460351017, [-4780782]], [13492121481, [106220664]], [17249876309, [-1]], [21869798188, [160779192]], [27512614110, [0]], [34357624833, [270532479]], [42618442978, [-19484985]], [52523350015, [410338801]], [64338551456, [-78124]], [78359646738, [580907640]], [94931877133, [1]], [114415582721, [893871611]], [137231006679, [-62748517]], [163827824852, [1289983488]], [194754273881, [1]], [230540438786, [1694571557]], [271818611106, [1]], [319258322364, [2513861571]], [373664592032, [-170779064]], [435817657217, [3404825318]], [506623120462, [0]], [587034344063, [4351768566]], [678223896392, [-823544]], [781240000128, [6103437501]], [897410675665, [-410336486]], [1028008954011, [8094558693]], [1174711139838, [0]], [1338929710958, [9843630139]], [1522415747204, [78124]], [1726990726024, [13596244993]], [1954897495379, [-893873926]], [2207984167553, [17249876180]], [2488651484820, [-1]], [2799163389000, [20750593764]], [3142742836020, [1]], [3521614606080, [27512614110]], [3938984596406, [-1805047966]], [4397775978625, [34628157312]], [4902165142108, [0]], [5455180186169, [40104879913]], [6060711605323, [1]], [6722578463247, [52933705200]], [7446353252588, [-3404827633]], [8235334664492, [64328473460]], [9095120158392, [-1]], [10030029999496, [74356180106]], [11047398519096, [0]], [12151280273023, [94931877262]], [13348217814687, [-6103437501]], [14644300716549, [115309437948]], [16048542754025, [-18663628]], [17565631603429, [129136447986]], [19203908986160, [0]], [20969961581056, [165117808340]], [22876787674179, [-10455570235]], [24928547056767, [194754274010]], [27136050989626, [0]], [29507375899611, [218706250023]], [32057298411328, [78124]], [34792782221567, [271818611235]], [37725479487782, [-17249878495]], [40865045775421, [321774281087]], [44231334895529, [1]], [47829238559160, [351634092776]], [51676164684248, [-62748517]], [55781255298330, [439222466151]], [60170087058570, [-27512614110]], [64847759419136, [506623120462]], [69832835815760, [-78124]], [75140396042250, [557026374261]], [80798284478114, [-1]], [86812659561720, [678117659216]], [93206515305714, [-42594175024]], [99992616578883, [787343437629]]]],[0, 2, 257, 4373, 32895, 156248, 561932, 1647087, 4210558, 9563750, 20077868, 38974343, 71925111, 125497034, 211650681, 341636252, 538951423, 820677345, 1228945154, 1787743479, 2569888980, 3601355724, 5008203074, 6809650893, 9206409835, 12206875002, 16126368869, 20915921252, 27090463626, 34499752617, 43900375568, 55025228220, 68985782145, 85217400971, 105457038831, 128677024788, 157300201116, 189863754267, 229725037053, 274399264841, 328945633192, 389508547763, 462775449129, 543637222213, 641030506299, 747158405000, 875040139752, 1013246240924, 1178420456692, 1356446969240, 1568583437757, 1794411014844, 2064112466715, 2349422279676, 2687703052055, 3044831572532, 3467577697041, 3908901116832, 4433218211286, 4977302969639, 5619077371764, 6285485672041, 7070741826270, 7876164144846, 8830180114562, 9804330284216, 10950465252251, 12121423210647, 13498090631694, 14889301677543, 16534997802444, 18190240316783, 20134416179098, 22094797038192, 24397492423308, 26690332191873, 29403910871046, 32097066844422, 35260399654844, 38407817972320, 42105040970452, 45743119778123, 50051848387544, 54272101979252, 59233458049245, 64114596900780, 69857383054369, 75433709097069, 82051865831929, 88462669791059, 96010111211096, 103352266619979, 112001733062811, 120312661503030, 130202141958734, 139665671553396, 150837818458761, 161596568956227, 174303436782656, 186370436436404, 200772576595395],13.8.e.E.a

13.e,4,8,100,3,[[[267019, [276017]], [1, [0]], [1, [128]], [1, [-2187]], [-16383, [16512]], [-78124, [0]], [279937, [-281995]], [823544, [-823543]], [-2113535, [16512]], [-4782968, [4780782]], [-78124, [-9999872]], [1, [19487171]], [36095361, [-265611]], [1, [0]], [106237048, [-823415]], [-78124, [170857188]], [-2113535, [-268418944]], [-410338672, [410338673]], [-616723064, [4500974]], [893871740, [-893871739]], [1279905492, [-1289983488]], [-1800264997, [-825730]], [-2494357887, [2513845187]], [1, [-3404825447]], [33998209, [4586205813]], [6103437501, [0]], [1, [128]], [10455570235, [4780782]], [106220664, [13492121481]], [1, [-17249876309]], [-21869798188, [22030577380]], [-27512614110, [0]], [34357624833, [-34628157312]], [42618442978, [-42598957993]], [-52933688816, [410338801]], [-64338551456, [64338473332]], [-580907640, [-78359646738]], [1, [94931877133]], [115309454332, [-893871611]], [1, [-2187]], [165117808340, [-1289983488]], [1, [194754273881]], [-1694571557, [-230540438786]], [-271818611106, [271818611107]], [-321772183935, [2513861571]], [373664592032, [-373493812968]], [435817657217, [-439222482535]], [-506623120462, [0]], [-587034344063, [591386112629]], [823544, [-678223896392]], [6103437501, [781240000128]], [897000339179, [410336486]], [-16383, [16512]], [1174711139838, [0]], [9843630139, [1338929710958]], [-78124, [-1522415747204]], [-1726990726024, [1740586971017]], [-1954003621453, [-893873926]], [2207984167553, [-2225234043733]], [2488651484820, [-2488651484819]], [-2819913982764, [20750593764]], [-3142742836020, [3142742836021]], [-27512614110, [-3521614606080]], [-1805047966, [3938984596406]], [4432404135937, [-34628157312]], [-78124, [0]], [5495285066082, [-40104879913]], [1, [6060711605323]], [-52933705200, [-6722578463247]], [-7446353252588, [7442948424955]], [-8299663137952, [64328473460]], [9095120158392, [-9095120158391]], [10030029999496, [-10104386179602]], [-11047398519096, [0]], [-12151280273023, [12246212150285]], [6103437501, [-13348217814687]], [115309437948, [14644300716549]], [16048524090397, [18663628]], [279937, [-281995]], [19203908986160, [0]], [165117808340, [20969961581056]], [10455570235, [-22876787674179]], [-24928547056767, [25123301330777]], [-27136050989626, [0]], [29507375899611, [-29726082149634]], [32057298411328, [-32057298489452]], [-35064600832802, [271818611235]], [-37725479487782, [37708229609287]], [-321774281087, [-40865045775421]], [1, [44231334895529]], [48180872651936, [-351634092776]], [823544, [-823543]], [56220477764481, [-439222466151]], [-27512614110, [60170087058570]], [-506623120462, [-64847759419136]], [-69832835815760, [69832835737636]], [-75697422416511, [557026374261]], [80798284478114, [-80798284478113]], [86812659561720, [-87490777220936]], [-93163921130690, [-42594175024]], [-99992616578883, [100779960016512]]]],[810055, 2, 130, -2185, -16254, -156248, 277879, 823545, -4210558, -4785154, -10156120, 19487173, 71925111, 2, 211650681, 170700940, -272646014, -410338671, -1228945154, 893871741, 1269827496, -3601355724, -2474870587, -3404825445, 4654202231, 12206875002, 130, 20915921252, 13704562809, -17249876307, -21709018996, -55025228220, 34087092354, 42637927963, -105457038831, -64338629580, -79521462018, 94931877135, 229725037053, -2185, 328945633192, 194754273883, -233929581900, -271818611105, -641030506299, 373835371096, 432412831899, -1013246240924, -582682575497, -678222249304, 793446875130, 1794411014844, -16254, 2349422279676, 1358616971236, -1522415903452, -1713394481031, -3908901116832, 2190734291373, 2488651484821, -5619077371764, -3142742836019, -3576639834300, 3935374500474, 8830180114562, -156248, 10950465252251, 6060711605325, -6828445873647, -7449758080221, -16534997802444, 9095120158393, 9955673819390, -22094797038192, -12056348395761, -13336010939685, 14874919592445, 32097066844422, 277879, 38407817972320, 21300197197736, -22855876533709, -24733792782757, -54272101979252, 29288669649588, 32057298333204, -69857383054369, -37742729366277, -41508594337595, 44231334895531, 96010111211096, 823545, 112001733062811, 60115061830350, -65861005660060, -69832835893884, -150837818458761, 80798284478115, 86134541902504, -186370436436404, -99205273141254],13.8.e.E.b

15.e,2,8,100,4,[[[0, [0]], [1, [0]], [128, [-1]], [2187, [0]], [16383, [-128]], [78125, [0]], [279936, [-2187]], [823543, [1]], [2097024, [-16383]], [4782969, [0]], [10000000, [-78125]], [19487170, [0]], [35829621, [-279936]], [62748517, [-1]], [105413505, [-823415]], [170859375, [0]], [268419073, [-2097024]], [410338673, [-1]], [612220032, [-4782969]], [893871738, [0]], [1279921875, [-10000000]], [1801088541, [2187]], [2494357760, [-19487170]], [3404825447, [1]], [4586191488, [-35829621]], [6103515625, [0]], [8031810175, [-62748645]], [10460353203, [0]], [13492105097, [-105397121]], [17249876310, [0]], [21870000000, [-170859375]], [27512614112, [0]], [34357641344, [-268419073]], [42618440790, [0]], [52523350143, [-410338801]], [64339296875, [78125]], [78359381127, [-612220032]], [94931877133, [1]], [114415582464, [-893871738]], [137231006679, [-2187]], [163830000000, [-1279921875]], [194754273880, [0]], [230539335435, [-1800808605]], [271818611107, [-1]], [319258306110, [-2494357760]], [373669453125, [0]], [435817657217, [-3404825319]], [506623120463, [-1]], [587032512651, [-4586191488]], [678223072848, [823543]], [781250000000, [-6103515625]], [897410677851, [-2187]], [1028008953883, [-8031826559]], [1174711139837, [1]], [1338925209984, [-10460353203]], [1522435156250, [0]], [1726989452415, [-13490007945]], [1954897491006, [0]], [2207984167680, [-17249876310]], [2488651484820, [0]], [2799189140625, [-21870000000]], [3142742836022, [0]], [3521614606336, [-27512614112]], [3938980639167, [4782969]], [4397778092031, [-34357641344]], [4902227890625, [-78125]], [5455160421120, [-42618440790]], [6060711605323, [1]], [6722578479631, [-52523366527]], [7446353252589, [2187]], [8235430078125, [-64329296875]], [9095120158390, [0]], [10030000784256, [-78359381127]], [11047398519097, [-1]], [12151280273025, [-94931877005]], [13348388671875, [0]], [14644300683654, [-114415582464]], [16048522443310, [19487170]], [17565568852725, [-137231286615]], [19203908986158, [0]], [20970240078125, [-163830000000]], [22876792454961, [0]], [24928547056640, [-194754273880]], [27136050989627, [1]], [29507233847139, [-230503503627]], [32057708828125, [-78125]], [34792782221695, [-271818611235]], [37725479489970, [0]], [40865063182080, [-319258306110]], [44231334895530, [0]], [47829690000000, [-373669453125]], [51676101935732, [61924974]], [55781255298329, [-435817640833]], [60170087062944, [0]], [64847759419263, [-506623120591]], [69833729531250, [0]], [75140161619328, [-587032512651]], [80798284478113, [1]], [86812554148087, [-678117659344]], [93206530007730, [0]], [99993896484375, [-781250000000]]]],[0, 2, 256, 4374, 32766, 156250, 559872, 1647086, 4194048, 9565938, 20000000, 38974340, 71659242, 125497034, 210827010, 341718750, 536838146, 820677346, 1224440064, 1787743476, 2559843750, 3602177082, 4988715520, 6809650894, 9172382976, 12207031250, 16063620350, 20920706406, 26984210194, 34499752620, 43740000000, 55025228224, 68715282688, 85236881580, 105046700286, 128678593750, 156718762254, 189863754266, 228831164928, 274462013358, 327660000000, 389508547760, 461078670870, 543637222214, 638516612220, 747338906250, 871635314434, 1013246240926, 1174065025302, 1356446145696, 1562500000000, 1794821355702, 2056017907766, 2349422279674, 2677850419968, 3044870312500, 3453978904830, 3909794982012, 4415968335360, 4977302969640, 5598378281250, 6285485672044, 7043229212672, 7877961278334, 8795556184062, 9804455781250, 10910320842240, 12121423210646, 13445156959262, 14892706505178, 16470860156250, 18190240316780, 20060001568512, 22094797038194, 24302560546050, 26696777343750, 29288601367308, 32097044886620, 35131137705450, 38407817972316, 41940480156250, 45753584909922, 49857094113280, 54272101979254, 59014467694278, 64115417656250, 69585564443390, 75450958979940, 81730126364160, 88462669791060, 95659380000000, 103352203871464, 111562510596658, 120340174125888, 129695518838526, 139667459062500, 150280323238656, 161596568956226, 173625108296174, 186413060015460, 199987792968750],15.8.e.E.a

15.e,2,8,100,4,[[[726389, [-1165121]], [1, [0]], [1, [-128]], [1, [0]], [-16383, [-128]], [1, [0]], [1, [-128]], [1, [823543]], [-16383, [2097024]], [1, [0]], [1, [-128]], [-19487170, [0]], [-16383, [-128]], [1, [-62748517]], [105413505, [823415]], [1, [0]], [268419073, [2097024]], [1, [-410338673]], [1, [-128]], [-893871738, [0]], [-16383, [-128]], [1, [823543]], [-19487170, [2494357760]], [1, [3404825447]], [-16383, [2097024]], [1, [0]], [-8031810175, [-62748645]], [1, [0]], [105397121, [-13492105097]], [17249876310, [0]], [1, [-128]], [27512614112, [0]], [268419073, [-34357641344]], [-19487170, [0]], [-52523350143, [-410338801]], [1, [823543]], [-16383, [-128]], [1, [94931877133]], [-893871738, [114415582464]], [1, [-62748517]], [-16383, [2097024]], [-194754273880, [0]], [105413505, [823415]], [1, [-271818611107]], [319258306110, [2494357760]], [1, [0]], [435817657217, [3404825319]], [1, [-506623120463]], [268419073, [2097024]], [-678223072848, [823543]], [1, [-128]], [1, [-410338673]], [-8031826559, [1028008953883]], [1, [1174711139837]], [1, [-128]], [-19487170, [0]], [-1726989452415, [-13490007945]], [-893871738, [0]], [17249876310, [-2207984167680]], [2488651484820, [0]], [-16383, [-128]], [3142742836022, [0]], [27512614112, [-3521614606336]], [1, [823543]], [-4397778092031, [-34357641344]], [1, [-62748517]], [-19487170, [2494357760]], [1, [6060711605323]], [-52523366527, [6722578479631]], [1, [3404825447]], [105413505, [823415]], [-9095120158390, [0]], [-16383, [2097024]], [1, [-11047398519097]], [12151280273025, [94931877005]], [1, [0]], [14644300683654, [114415582464]], [-19487170, [-16048522443310]], [-8031810175, [-62748645]], [-19203908986158, [0]], [268419073, [2097024]], [1, [0]], [-194754273880, [24928547056640]], [1, [27136050989627]], [105397121, [-13492105097]], [1, [-410338673]], [-34792782221695, [-271818611235]], [17249876310, [0]], [319258306110, [-40865063182080]], [44231334895530, [0]], [1, [-128]], [51676101935732, [-61924974]], [435817640833, [-55781255298329]], [27512614112, [0]], [-64847759419263, [-506623120591]], [-893871738, [0]], [268419073, [-34357641344]], [1, [80798284478113]], [-678117659344, [86812554148087]], [-19487170, [0]], [-16383, [-128]]]],[1452778, 2, 2, 2, -32766, 2, 2, 2, -32766, 2, 2, -38974340, -32766, 2, 210827010, 2, 536838146, 2, 2, -1787743476, -32766, 2, -38974340, 2, -32766, 2, -16063620350, 2, 210794242, 34499752620, 2, 55025228224, 536838146, -38974340, -105046700286, 2, -32766, 2, -1787743476, 2, -32766, -389508547760, 210827010, 2, 638516612220, 2, 871635314434, 2, 536838146, -1356446145696, 2, 2, -16063653118, 2, 2, -38974340, -3453978904830, -1787743476, 34499752620, 4977302969640, -32766, 6285485672044, 55025228224, 2, -8795556184062, 2, -38974340, 2, -105046733054, 2, 210827010, -18190240316780, -32766, 2, 24302560546050, 2, 29288601367308, -38974340, -16063620350, -38407817972316, 536838146, 2, -389508547760, 2, 210794242, 2, -69585564443390, 34499752620, 638516612220, 88462669791060, 2, 103352203871464, 871635281666, 55025228224, -129695518838526, -1787743476, 536838146, 2, -1356235318688, -38974340, -32766],15.8.e.E.b

15.e,2,8,100,4,[[[0, [0]], [1, [0]], [-1, [128]], [0, [-2187]], [-16383, [-128]], [-1, [0]], [279936, [2187]], [1, [823543]], [16383, [-2097024]], [-4782969, [0]], [1, [-128]], [19487170, [0]], [-279936, [35829621]], [1, [-62748517]], [-105413505, [-823415]], [0, [2187]], [268419073, [2097024]], [-1, [410338673]], [4782969, [-612220032]], [-893871738, [0]], [16383, [128]], [1801088541, [-2187]], [-19487170, [2494357760]], [-1, [-3404825447]], [-4586191488, [-35829621]], [1, [0]], [8031810175, [62748645]], [0, [10460353203]], [105397121, [-13492105097]], [-17249876310, [0]], [-279936, [-2187]], [27512614112, [0]], [-268419073, [34357641344]], [0, [-42618440790]], [-52523350143, [-410338801]], [-1, [-823543]], [78359381127, [612220032]], [1, [94931877133]], [893871738, [-114415582464]], [-137231006679, [-2187]], [-16383, [2097024]], [194754273880, [0]], [-1800808605, [230539335435]], [1, [-271818611107]], [-319258306110, [-2494357760]], [4782969, [0]], [435817657217, [3404825319]], [-1, [506623120463]], [4586191488, [-587032512651]], [-678223072848, [823543]], [-1, [128]], [897410677851, [2187]], [-8031826559, [1028008953883]], [-1, [-1174711139837]], [-1338925209984, [-10460353203]], [-19487170, [0]], [1726989452415, [13490007945]], [0, [1954897491006]], [17249876310, [-2207984167680]], [-2488651484820, [0]], [279936, [-35829621]], [3142742836022, [0]], [-27512614112, [3521614606336]], [-4782969, [-3938980639167]], [-4397778092031, [-34357641344]], [-1, [62748517]], [5455160421120, [42618440790]], [1, [6060711605323]], [52523366527, [-6722578479631]], [-7446353252589, [2187]], [105413505, [823415]], [9095120158390, [0]], [-78359381127, [10030000784256]], [1, [-11047398519097]], [-12151280273025, [-94931877005]], [0, [-2187]], [14644300683654, [114415582464]], [19487170, [16048522443310]], [137231286615, [-17565568852725]], [-19203908986158, [0]], [-268419073, [-2097024]], [22876792454961, [0]], [-194754273880, [24928547056640]], [-1, [-27136050989627]], [-29507233847139, [-230503503627]], [1, [-410338673]], [34792782221695, [271818611235]], [0, [37725479489970]], [319258306110, [-40865063182080]], [-44231334895530, [0]], [-4782969, [612220032]], [51676101935732, [-61924974]], [-435817640833, [55781255298329]], [0, [-60170087062944]], [-64847759419263, [-506623120591]], [893871738, [0]], [75140161619328, [587032512651]], [1, [80798284478113]], [678117659344, [-86812554148087]], [-93206530007730, [0]], [-16383, [-128]]]],[0, 2, 127*t - 129, -2186*t, 0, -78126, 2059*t + 279937, 823542*t + 823544, -2113407*t - 2080641, -4782970, 77997*t + 10000001, 0, 35846004*t - 280064, -62748516*t + 62748518, -1646830*t - 210827010, -75938*t, 4194048*t + 536838146, 410338672*t - 410338674, -612220031*t + 4783097, 0, -9999872*t - 1279905492, 821356*t + 1801088542, 2513844930*t + 2474870590, -3404825446*t - 3404825448, -37926645*t - 4586175105, 6103515626, 0, 10460353202*t, -13386707976*t + 13597502218, -34499752620, 9997813*t - 358061, 55025228224, 34089222271*t - 34626060417, -42637927960*t, 0, -745418*t - 64339296876, 612219904*t + 78359364744, 94931877132*t + 94931877134, -115309454202*t - 113521710726, 62746330*t - 137231006680, 1282018899*t + 163829983617, 0, 230433921930*t - 1799985190, -271818611106*t + 271818611108, -4988715520*t - 638516612220, 4861094, 6809650638*t + 871635314434, 506623120462*t - 506623120464, -586764093578*t + 4584094464, 0, -6103515497*t - 781250000001, -410336486*t + 897410677852, 1036040780442*t + 1019977127324, -1174711139836*t - 1174711139838, -10460353075*t - 1338925209985, 1522415669080, 0, 1955791362744*t, -2190734291370*t + 2225234043990, -4977302969640, -1315751496*t + 10279936, 6285485672044, 3494101992224*t - 3549127220448, -3938980639166*t - 5606512, 0, 62670392*t - 4902227890626, 45112798550*t + 5455140933950, 6060711605322*t + 6060711605324, -6775101846158*t - 6670055113104, -3404823260*t - 7446353252590, 64330120290*t + 8235535491630, 0, 10030000800639*t - 78357284103, -11047398519096*t + 11047398519098, -189863754010*t - 24302560546050, 6103513438*t, 228831164928*t + 29288601367308, 16048541930480*t - 16048502956140, -17573600662900*t + 137294035260, 0, -163832097024*t - 20970508497198, 22876792454962, 25123301330520*t + 24733792782760, -27136050989626*t - 27136050989628, -217011398530*t - 29507339244260, -410260548*t + 32057708828126, 0, 37708229613660*t, -40545804875970*t + 41184321488190, -88462669791060, 612141907*t - 14782969, -123849948*t + 103352203871464, 55345437657496*t - 56217072939162, -60142574448832*t, 0, -69832835659512, 552674871307*t + 75140430038401, 80798284478112*t + 80798284478114, -87490671807431*t - 86134436488743, -93206510520560, 781249999872*t + 99993896467992],15.8.e.E.c

15.e,2,8,100,4,[[[0, [0]], [1, [0]], [-128, [1]], [0, [-1]], [16383, [-128]], [-78125, [0]], [1, [128]], [823543, [1]], [-2097024, [16383]], [-1, [0]], [10000000, [-78125]], [-19487170, [0]], [-128, [-16383]], [62748517, [-1]], [-105413505, [823415]], [0, [78125]], [268419073, [-2097024]], [-410338673, [1]], [128, [-1]], [893871738, [0]], [-1279921875, [10000000]], [1, [-823543]], [2494357760, [-19487170]], [-3404825447, [-1]], [16383, [2097024]], [6103515625, [0]], [-8031810175, [62748645]], [0, [1]], [13492105097, [-105397121]], [-17249876310, [0]], [-78125, [-10000000]], [27512614112, [0]], [-34357641344, [268419073]], [0, [19487170]], [52523350143, [-410338801]], [-64339296875, [-78125]], [-16383, [128]], [94931877133, [1]], [-114415582464, [893871738]], [-1, [-62748517]], [163830000000, [-1279921875]], [-194754273880, [0]], [823415, [105413505]], [271818611107, [-1]], [-319258306110, [2494357760]], [78125, [0]], [435817657217, [-3404825319]], [-506623120463, [1]], [-2097024, [-268419073]], [678223072848, [823543]], [-781250000000, [6103515625]], [1, [410338673]], [1028008953883, [-8031826559]], [-1174711139837, [-1]], [-1, [-128]], [1522435156250, [0]], [-1726989452415, [13490007945]], [0, [-893871738]], [2207984167680, [-17249876310]], [-2488651484820, [0]], [10000000, [1279921875]], [3142742836022, [0]], [-3521614606336, [27512614112]], [-823543, [-1]], [4397778092031, [-34357641344]], [-4902227890625, [78125]], [-19487170, [-2494357760]], [6060711605323, [1]], [-6722578479631, [52523366527]], [-1, [3404825447]], [8235430078125, [-64329296875]], [-9095120158390, [0]], [2097024, [-16383]], [11047398519097, [-1]], [-12151280273025, [94931877005]], [0, [-6103515625]], [14644300683654, [-114415582464]], [-16048522443310, [-19487170]], [62748645, [8031810175]], [19203908986158, [0]], [-20970240078125, [163830000000]], [1, [0]], [24928547056640, [-194754273880]], [-27136050989627, [-1]], [-105397121, [-13492105097]], [32057708828125, [-78125]], [-34792782221695, [271818611235]], [0, [17249876310]], [40865063182080, [-319258306110]], [-44231334895530, [0]], [-10000000, [78125]], [51676101935732, [61924974]], [-55781255298329, [435817640833]], [0, [-27512614112]], [64847759419263, [-506623120591]], [-69833729531250, [0]], [268419073, [34357641344]], [80798284478113, [1]], [-86812554148087, [678117659344]], [19487170, [0]], [99993896484375, [-781250000000]]]],[0, 2, -127*t - 129, 2186*t, 0, -78126, -2059*t + 279937, -823542*t + 823544, 2113407*t - 2080641, -4782970, -77997*t + 10000001, 0, -35846004*t - 280064, 62748516*t + 62748518, 1646830*t - 210827010, 75938*t, -4194048*t + 536838146, -410338672*t - 410338674, 612220031*t + 4783097, 0, 9999872*t - 1279905492, -821356*t + 1801088542, -2513844930*t + 2474870590, 3404825446*t - 3404825448, 37926645*t - 4586175105, 6103515626, 0, -10460353202*t, 13386707976*t + 13597502218, -34499752620, -9997813*t - 358061, 55025228224, -34089222271*t - 34626060417, 42637927960*t, 0, 745418*t - 64339296876, -612219904*t + 78359364744, -94931877132*t + 94931877134, 115309454202*t - 113521710726, -62746330*t - 137231006680, -1282018899*t + 163829983617, 0, -230433921930*t - 1799985190, 271818611106*t + 271818611108, 4988715520*t - 638516612220, 4861094, -6809650638*t + 871635314434, -506623120462*t - 506623120464, 586764093578*t + 4584094464, 0, 6103515497*t - 781250000001, 410336486*t + 897410677852, -1036040780442*t + 1019977127324, 1174711139836*t - 1174711139838, 10460353075*t - 1338925209985, 1522415669080, 0, -1955791362744*t, 2190734291370*t + 2225234043990, -4977302969640, 1315751496*t + 10279936, 6285485672044, -3494101992224*t - 3549127220448, 3938980639166*t - 5606512, 0, -62670392*t - 4902227890626, -45112798550*t + 5455140933950, -6060711605322*t + 6060711605324, 6775101846158*t - 6670055113104, 3404823260*t - 7446353252590, -64330120290*t + 8235535491630, 0, -10030000800639*t - 78357284103, 11047398519096*t + 11047398519098, 189863754010*t - 24302560546050, -6103513438*t, -228831164928*t + 29288601367308, -16048541930480*t - 16048502956140, 17573600662900*t + 137294035260, 0, 163832097024*t - 20970508497198, 22876792454962, -25123301330520*t + 24733792782760, 27136050989626*t - 27136050989628, 217011398530*t - 29507339244260, 410260548*t + 32057708828126, 0, -37708229613660*t, 40545804875970*t + 41184321488190, -88462669791060, -612141907*t - 14782969, 123849948*t + 103352203871464, -55345437657496*t - 56217072939162, 60142574448832*t, 0, -69832835659512, -552674871307*t + 75140430038401, -80798284478112*t + 80798284478114, 87490671807431*t - 86134436488743, -93206510520560, -781249999872*t + 99993896467992],15.8.e.E.d

16.e,5,8,100,4,[[[0, [0]], [1, [0]], [128, [0]], [2187, [-1]], [16384, [0]], [78125, [1]], [279936, [-128]], [823542, [0]], [2097152, [0]], [4782968, [-2187]], [10000000, [128]], [19487171, [1]], [35831808, [-16384]], [62748517, [-1]], [105413376, [0]], [170859376, [-75938]], [268435456, [0]], [410338674, [0]], [612219904, [-279936]], [893871739, [-1]], [1280000000, [16384]], [1801086354, [-823542]], [2494357888, [128]], [3404825446, [0]], [4586471424, [-2097152]], [6103515624, [78125]], [8031810176, [-128]], [10460351016, [-4782968]], [13492912128, [0]], [17249876309, [-1]], [21870000128, [-9720064]], [27512614112, [0]], [34359738368, [0]], [42618442978, [-19484984]], [52523350272, [0]], [64339218750, [823542]], [78364147712, [-35831808]], [94931877133, [1]], [114415582592, [-128]], [137231006678, [-62750704]], [163840000000, [2097152]], [194754273880, [0]], [230539053312, [-105413376]], [271818611107, [1]], [319277809664, [16384]], [373669377187, [-166076407]], [435817657088, [0]], [506623120464, [0]], [587068342272, [-268435456]], [678222249307, [0]], [781249999872, [10000000]], [897410680038, [-410338674]], [1028071702528, [-16384]], [1174711139837, [1]], [1338924930048, [-612219904]], [1522435234374, [19565296]], [1727092752384, [0]], [1954897493192, [-893873926]], [2207984167552, [-128]], [2488651484819, [1]], [2799360016384, [-1244168192]], [3142742836021, [-1]], [3521614606336, [0]], [3938975032656, [-1801086354]], [4398046511104, [0]], [4902227890626, [62670392]], [5455160701184, [-2494077952]], [6060711605323, [-1]], [6722988834816, [0]], [7446353250402, [-3404825446]], [8235420000000, [105413376]], [9095120158390, [0]], [10030610907136, [-4586471424]], [11047398519096, [0]], [12151280273024, [128]], [13348388747813, [-5932656249]], [14645194571776, [-16384]], [16048503779682, [823542]], [17565568854784, [-8032090112]], [19203908986160, [0]], [20971520000000, [268435456]], [22876787671993, [-10460351016]], [24928547056640, [0]], [27136050989627, [-1]], [29508998823936, [-13492912128]], [32057708906250, [410338674]], [34792782221696, [128]], [37725479487782, [-17249878496]], [40867559636992, [2097152]], [44231334895528, [0]], [47829680279936, [-21257780096]], [51676039187214, [-823542]], [55784660107264, [0]], [60170087062944, [-27512614112]], [64847759419392, [0]], [69833729609376, [893793614]], [75144747810816, [-34359738368]], [80798284478114, [0]], [86812447911296, [0]], [93206515305715, [-42613660009]], [99999999983616, [1280000000]]]],[0, 2, 256, 4374, 32768, 156250, 559872, 1647084, 4194304, 9565936, 20000000, 38974342, 71663616, 125497034, 210826752, 341718752, 536870912, 820677348, 1224439808, 1787743478, 2560000000, 3602172708, 4988715776, 6809650892, 9172942848, 12207031248, 16063620352, 20920702032, 26985824256, 34499752618, 43740000256, 55025228224, 68719476736, 85236885956, 105046700544, 128678437500, 156728295424, 189863754266, 228831165184, 274462013356, 327680000000, 389508547760, 461078106624, 543637222214, 638555619328, 747338754374, 871635314176, 1013246240928, 1174136684544, 1356444498614, 1562499999744, 1794821360076, 2056143405056, 2349422279674, 2677849860096, 3044870468748, 3454185504768, 3909794986384, 4415968335104, 4977302969638, 5598720032768, 6285485672042, 7043229212672, 7877950065312, 8796093022208, 9804455781252, 10910321402368, 12121423210646, 13445977669632, 14892706500804, 16470840000000, 18190240316780, 20061221814272, 22094797038192, 24302560546048, 26696777495626, 29290389143552, 32097007559364, 35131137709568, 38407817972320, 41943040000000, 45753575343986, 49857094113280, 54272101979254, 59017997647872, 64115417812500, 69585564443392, 75450958975564, 81735119273984, 88462669791056, 95659360559872, 103352078374428, 111569320214528, 120340174125888, 129695518838784, 139667459218752, 150289495621632, 161596568956228, 173624895822592, 186413030611430, 199999999967232],16.8.e.E.a

16.e,5,8,100,4,[[[4116837/2, [-1704527/2]], [1, [0]], [1, [0]], [1, [-2187]], [1, [0]], [1, [78125]], [1, [-2187]], [-823542, [0]], [1, [0]], [-4782968, [-2187]], [1, [78125]], [1, [19487171]], [1, [-2187]], [1, [-62748517]], [-823542, [0]], [170859376, [75938]], [1, [0]], [410338674, [0]], [-4782968, [-2187]], [1, [-893871739]], [1, [78125]], [-823542, [1801086354]], [1, [19487171]], [-3404825446, [0]], [1, [-2187]], [-6103515624, [78125]], [1, [-62748517]], [-4782968, [10460351016]], [-823542, [0]], [1, [-17249876309]], [170859376, [75938]], [27512614112, [0]], [1, [0]], [42618442978, [19484984]], [410338674, [0]], [-823542, [-64339218750]], [-4782968, [-2187]], [1, [94931877133]], [1, [-893871739]], [-137231006678, [-62750704]], [1, [78125]], [-194754273880, [0]], [-823542, [1801086354]], [1, [271818611107]], [1, [19487171]], [166076407, [-373669377187]], [-3404825446, [0]], [506623120464, [0]], [1, [-2187]], [678222249307, [0]], [-6103515624, [78125]], [410338674, [-897410680038]], [1, [-62748517]], [1, [1174711139837]], [-4782968, [10460351016]], [-1522435234374, [19565296]], [-823542, [0]], [-1954897493192, [-893873926]], [1, [-17249876309]], [1, [2488651484819]], [170859376, [75938]], [1, [-3142742836021]], [27512614112, [0]], [3938975032656, [1801086354]], [1, [0]], [4902227890626, [-62670392]], [42618442978, [19484984]], [1, [-6060711605323]], [410338674, [0]], [-3404825446, [7446353250402]], [-823542, [-64339218750]], [-9095120158390, [0]], [-4782968, [-2187]], [-11047398519096, [0]], [1, [94931877133]], [-5932656249, [13348388747813]], [1, [-893871739]], [-823542, [-16048503779682]], [-137231006678, [-62750704]], [19203908986160, [0]], [1, [78125]], [22876787671993, [10460351016]], [-194754273880, [0]], [1, [-27136050989627]], [-823542, [1801086354]], [410338674, [32057708906250]], [1, [271818611107]], [-37725479487782, [-17249878496]], [1, [19487171]], [-44231334895528, [0]], [166076407, [-373669377187]], [-823542, [51676039187214]], [-3404825446, [0]], [27512614112, [-60170087062944]], [506623120464, [0]], [69833729609376, [-893793614]], [1, [-2187]], [80798284478114, [0]], [678222249307, [0]], [42613660009, [-93206515305715]], [-6103515624, [78125]]]],[4116837, 2, 2, 2, 2, 2, 2, -1647084, 2, -9565936, 2, 2, 2, 2, -1647084, 341718752, 2, 820677348, -9565936, 2, 2, -1647084, 2, -6809650892, 2, -12207031248, 2, -9565936, -1647084, 2, 341718752, 55025228224, 2, 85236885956, 820677348, -1647084, -9565936, 2, 2, -274462013356, 2, -389508547760, -1647084, 2, 2, 332152814, -6809650892, 1013246240928, 2, 1356444498614, -12207031248, 820677348, 2, 2, -9565936, -3044870468748, -1647084, -3909794986384, 2, 2, 341718752, 2, 55025228224, 7877950065312, 2, 9804455781252, 85236885956, 2, 820677348, -6809650892, -1647084, -18190240316780, -9565936, -22094797038192, 2, -11865312498, 2, -1647084, -274462013356, 38407817972320, 2, 45753575343986, -389508547760, 2, -1647084, 820677348, 2, -75450958975564, 2, -88462669791056, 332152814, -1647084, -6809650892, 55025228224, 1013246240928, 139667459218752, 2, 161596568956228, 1356444498614, 85227320018, -12207031248],16.8.e.E.b

17.b,16,8,100,1,[[[0, []], [1, []], [129, []], [2186, []], [16513, []], [78124, []], [281994, []], [823542, []], [2113665, []], [4780783, []], [10077996, []], [19487170, []], [36097418, []], [62748518, []], [106236918, []], [170779064, []], [270549121, []], [410338673, []], [616721007, []], [893871740, []], [1290061612, []], [1800262812, []], [2513844930, []], [3404825446, []], [4620471690, []], [6103437501, []], [8094558822, []], [10455572420, []], [13599149046, []], [17249876308, []], [22030499256, []], [27512614110, []], [34630287489, []], [42598953620, []], [52933688817, []], [64338395208, []], [78945069679, []], [94931877132, []], [115309454460, []], [137168260348, []], [165127964460, []], [194754273880, []], [232233902748, []], [271818611108, []], [321791638210, []], [373493891092, []], [439222482534, []], [506623120464, []], [591420378506, []], [678222249307, []], [787343437629, []], [897000339178, []], [1036166277734, []], [1174711139838, []], [1348768842180, []], [1522415669080, []], [1740691901430, []], [1954003623640, []], [2225234043732, []], [2488651484820, []], [2820074683832, []], [3142742836020, []], [3549127220190, []], [3937175593386, []], [4432676798593, []], [4902165220232, []], [5495265016980, []], [6060711605324, []], [6775922507249, []], [7442948424956, []], [8299652981832, []], [9095120158390, []], [10104973699695, []], [11047398519096, []], [12246212150028, []], [13342114377186, []], [14760504042620, []], [16048502956140, []], [17694705584892, []], [19203908986158, []], [21136379529004, []], [22866336882541, []], [25123301330520, []], [27136050989628, []], [29727739814556, []], [32057298489452, []], [35064600832932, []], [37708229609288, []], [41189349178050, []], [44231334895530, []], [48180711950868, []], [51676040010756, []], [56223882589798, []], [60142574444460, []], [65354382539856, []], [69832835815760, []], [75701808450954, []], [80798284478112, []], [87490670160603, []], [93163931054110, []], [100786063454013, []]]],[0, 1, 129, 2186, 16513, 78124, 281994, 823542, 2113665, 4780783, 10077996, 19487170, 36097418, 62748518, 106236918, 170779064, 270549121, 410338673, 616721007, 893871740, 1290061612, 1800262812, 2513844930, 3404825446, 4620471690, 6103437501, 8094558822, 10455572420, 13599149046, 17249876308, 22030499256, 27512614110, 34630287489, 42598953620, 52933688817, 64338395208, 78945069679, 94931877132, 115309454460, 137168260348, 165127964460, 194754273880, 232233902748, 271818611108, 321791638210, 373493891092, 439222482534, 506623120464, 591420378506, 678222249307, 787343437629, 897000339178, 1036166277734, 1174711139838, 1348768842180, 1522415669080, 1740691901430, 1954003623640, 2225234043732, 2488651484820, 2820074683832, 3142742836020, 3549127220190, 3937175593386, 4432676798593, 4902165220232, 5495265016980, 6060711605324, 6775922507249, 7442948424956, 8299652981832, 9095120158390, 10104973699695, 11047398519096, 12246212150028, 13342114377186, 14760504042620, 16048502956140, 17694705584892, 19203908986158, 21136379529004, 22866336882541, 25123301330520, 27136050989628, 29727739814556, 32057298489452, 35064600832932, 37708229609288, 41189349178050, 44231334895530, 48180711950868, 51676040010756, 56223882589798, 60142574444460, 65354382539856, 69832835815760, 75701808450954, 80798284478112, 87490670160603, 93163931054110, 100786063454013],17.8.b.E.a

17.b,16,8,100,1,[[[59901794/17, []], [1, []], [129, []], [-2186, []], [16513, []], [-78124, []], [-281994, []], [-823542, []], [2113665, []], [4780783, []], [-10077996, []], [-19487170, []], [-36097418, []], [62748518, []], [-106236918, []], [170779064, []], [270549121, []], [1, []], [616721007, []], [893871740, []], [-1290061612, []], [1800262812, []], [-2513844930, []], [-3404825446, []], [-4620471690, []], [6103437501, []], [8094558822, []], [-10455572420, []], [-13599149046, []], [-17249876308, []], [22030499256, []], [-27512614110, []], [34630287489, []], [42598953620, []], [129, []], [64338395208, []], [78945069679, []], [-94931877132, []], [115309454460, []], [-137168260348, []], [-165127964460, []], [-194754273880, []], [232233902748, []], [271818611108, []], [-321791638210, []], [-373493891092, []], [-439222482534, []], [506623120464, []], [-591420378506, []], [678222249307, []], [787343437629, []], [-2186, []], [1036166277734, []], [1174711139838, []], [-1348768842180, []], [1522415669080, []], [-1740691901430, []], [-1954003623640, []], [-2225234043732, []], [2488651484820, []], [2820074683832, []], [-3142742836020, []], [-3549127220190, []], [-3937175593386, []], [4432676798593, []], [-4902165220232, []], [5495265016980, []], [6060711605324, []], [16513, []], [7442948424956, []], [8299652981832, []], [-9095120158390, []], [10104973699695, []], [-11047398519096, []], [-12246212150028, []], [-13342114377186, []], [14760504042620, []], [16048502956140, []], [-17694705584892, []], [-19203908986158, []], [-21136379529004, []], [22866336882541, []], [-25123301330520, []], [27136050989628, []], [29727739814556, []], [-78124, []], [35064600832932, []], [37708229609288, []], [-41189349178050, []], [44231334895530, []], [-48180711950868, []], [-51676040010756, []], [-56223882589798, []], [60142574444460, []], [65354382539856, []], [-69832835815760, []], [-75701808450954, []], [-80798284478112, []], [87490670160603, []], [-93163931054110, []], [100786063454013, []]]],[59901794/17, 1, 129, -2186, 16513, -78124, -281994, -823542, 2113665, 4780783, -10077996, -19487170, -36097418, 62748518, -106236918, 170779064, 270549121, 1, 616721007, 893871740, -1290061612, 1800262812, -2513844930, -3404825446, -4620471690, 6103437501, 8094558822, -10455572420, -13599149046, -17249876308, 22030499256, -27512614110, 34630287489, 42598953620, 129, 64338395208, 78945069679, -94931877132, 115309454460, -137168260348, -165127964460, -194754273880, 232233902748, 271818611108, -321791638210, -373493891092, -439222482534, 506623120464, -591420378506, 678222249307, 787343437629, -2186, 1036166277734, 1174711139838, -1348768842180, 1522415669080, -1740691901430, -1954003623640, -2225234043732, 2488651484820, 2820074683832, -3142742836020, -3549127220190, -3937175593386, 4432676798593, -4902165220232, 5495265016980, 6060711605324, 16513, 7442948424956, 8299652981832, -9095120158390, 10104973699695, -11047398519096, -12246212150028, -13342114377186, 14760504042620, 16048502956140, -17694705584892, -19203908986158, -21136379529004, 22866336882541, -25123301330520, 27136050989628, 29727739814556, -78124, 35064600832932, 37708229609288, -41189349178050, 44231334895530, -48180711950868, -51676040010756, -56223882589798, 60142574444460, 65354382539856, -69832835815760, -75701808450954, -80798284478112, 87490670160603, -93163931054110, 100786063454013],17.8.b.E.b

17.c,4,8,100,4,[[[0, [0]], [1, [0]], [127, [0]], [2187, [-1]], [16257, [0]], [78125, [-1]], [277749, [-127]], [823543, [1]], [2080895, [0]], [4782968, [-2187]], [9921875, [-127]], [19487171, [1]], [35554059, [-16257]], [62748518, [0]], [104589961, [127]], [170859374, [-80312]], [266354561, [0]], [410338673, [0]], [607436936, [-277749]], [893871738, [0]], [1270078125, [-16257]], [1801088542, [-821356]], [2474870717, [127]], [3404825447, [1]], [4550917365, [-2080895]], [6103515624, [-78125]], [7969061786, [0]], [10460351016, [-4782968]], [13388338551, [16257]], [17249876309, [-1]], [21699140498, [-10199624]], [27512614111, [-1]], [34093383807, [0]], [42618442978, [-19484984]], [52113011471, [0]], [64339296876, [-745418]], [77756710776, [-35554059]], [94931877133, [-1]], [113521710726, [0]], [137231008866, [-62748518]], [162569921875, [-2080895]], [194754273881, [1]], [228738244834, [-104312212]], [271818611106, [0]], [316802938947, [16257]], [373669372813, [-175642343]], [432412831769, [127]], [506623120464, [0]], [582517424907, [-266354561]], [678223072848, [823543]], [775146484248, [-9921875]], [897410677851, [-410338673]], [1020102657126, [0]], [1174711139836, [0]], [1328464579032, [-607436936]], [1522435234376, [-19409046]], [1713706510985, [2080895]], [1954897491006, [-893871738]], [2190734291243, [-127]], [2488651484818, [0]], [2777660843118, [-1305632184]], [3142742836021, [1]], [3494101992097, [-127]], [3938979817811, [-1796305573]], [4363953127297, [0]], [4902227968750, [-62748518]], [5412542258206, [-2474592968]], [6060711605324, [0]], [6670875806961, [0]], [7446353252590, [-3404823260]], [8171090703252, [-94668086]], [9095120158391, [-1]], [9952854196360, [-4550917365]], [11047398519097, [-1]], [12056348395891, [-127]], [13348388591563, [-6274374999]], [14531672844666, [0]], [16048523266852, [20310714]], [17428338125982, [-7969061786]], [19203908986159, [1]], [20808950078125, [-266354561]], [22876787671993, [-10460351016]], [24733792782887, [127]], [27136050989626, [0]], [29280296427294, [-13352784492]], [32057708828125, [-410338673]], [34520963610462, [0]], [37725479487782, [-17249878496]], [40550756698045, [2080895]], [44231334895530, [0]], [47456010347251, [-22306577561]], [51676102759274, [62748518]], [55352247291879, [16257]], [60170087060756, [-27512616298]], [64341136298928, [0]], [69833729531250, [-893871738]], [74562230385909, [-34093383807]], [80798284478113, [-1]], [86134330251696, [104589961]], [93206515305715, [-42613660009]], [99224853499368, [-1270078125]]]],[0, 2, 254, 4374, 32514, 156250, 555498, 1647086, 4161790, 9565936, 19843750, 38974342, 71108118, 125497036, 209179922, 341718748, 532709122, 820677346, 1214873872, 1787743476, 2540156250, 3602177084, 4949741434, 6809650894, 9101834730, 12207031248, 15938123572, 20920702032, 26776677102, 34499752618, 43398280996, 55025228222, 68186767614, 85236885956, 104226022942, 128678593752, 155513421552, 189863754266, 227043421452, 274462017732, 325139843750, 389508547762, 457476489668, 543637222212, 633605877894, 747338745626, 864825663538, 1013246240928, 1165034849814, 1356446145696, 1550292968496, 1794821355702, 2040205314252, 2349422279672, 2656929158064, 3044870468752, 3427413021970, 3909794982012, 4381468582486, 4977302969636, 5555321686236, 6285485672042, 6988203984194, 7877959635622, 8727906254594, 9804455937500, 10825084516412, 12121423210648, 13341751613922, 14892706505180, 16342181406504, 18190240316782, 19905708392720, 22094797038194, 24112696791782, 26696777183126, 29063345689332, 32097046533704, 34856676251964, 38407817972318, 41617900156250, 45753575343986, 49467585565774, 54272101979252, 58560592854588, 64115417656250, 69041927220924, 75450958975564, 81101513396090, 88462669791060, 94912020694502, 103352205518548, 110704494583758, 120340174121512, 128682272597856, 139667459062500, 149124460771818, 161596568956226, 172268660503392, 186413030611430, 198449706998736],17.8.c.E.a

17.c,4,8,100,4,[[[2152373, [-2755829]], [1, [0]], [-127, [0]], [1, [-2187]], [16257, [0]], [1, [-78125]], [-127, [277749]], [1, [823543]], [-2080895, [0]], [-4782968, [-2187]], [-127, [9921875]], [1, [19487171]], [16257, [-35554059]], [62748518, [0]], [-127, [-104589961]], [-170859374, [-80312]], [266354561, [0]], [1, [0]], [607436936, [277749]], [-893871738, [0]], [16257, [-1270078125]], [1801088542, [821356]], [-127, [-2474870717]], [1, [3404825447]], [-2080895, [4550917365]], [-6103515624, [-78125]], [-7969061786, [0]], [-4782968, [10460351016]], [16257, [13388338551]], [1, [-17249876309]], [21699140498, [10199624]], [1, [-27512614111]], [-34093383807, [0]], [42618442978, [19484984]], [-127, [0]], [64339296876, [745418]], [-77756710776, [-35554059]], [1, [-94931877133]], [113521710726, [0]], [62748518, [-137231008866]], [-2080895, [162569921875]], [1, [194754273881]], [-228738244834, [-104312212]], [-271818611106, [0]], [16257, [316802938947]], [-175642343, [373669372813]], [-127, [-432412831769]], [506623120464, [0]], [266354561, [-582517424907]], [-678223072848, [823543]], [775146484248, [9921875]], [1, [-2187]], [1020102657126, [0]], [-1174711139836, [0]], [607436936, [-1328464579032]], [1522435234376, [19409046]], [-2080895, [-1713706510985]], [-893871738, [1954897491006]], [-127, [2190734291243]], [-2488651484818, [0]], [-2777660843118, [-1305632184]], [1, [3142742836021]], [-127, [3494101992097]], [1796305573, [-3938979817811]], [4363953127297, [0]], [62748518, [-4902227968750]], [-5412542258206, [-2474592968]], [6060711605324, [0]], [16257, [0]], [7446353252590, [3404823260]], [-8171090703252, [-94668086]], [1, [-9095120158391]], [9952854196360, [4550917365]], [1, [-11047398519097]], [-127, [12056348395891]], [-6274374999, [13348388591563]], [-14531672844666, [0]], [-16048523266852, [20310714]], [-7969061786, [17428338125982]], [1, [19203908986159]], [266354561, [-20808950078125]], [22876787671993, [10460351016]], [-127, [-24733792782887]], [-27136050989626, [0]], [29280296427294, [13352784492]], [1, [-78125]], [34520963610462, [0]], [-37725479487782, [-17249878496]], [-2080895, [-40550756698045]], [44231334895530, [0]], [22306577561, [-47456010347251]], [62748518, [51676102759274]], [16257, [55352247291879]], [-60170087060756, [-27512616298]], [-64341136298928, [0]], [-893871738, [69833729531250]], [-34093383807, [74562230385909]], [1, [-80798284478113]], [86134330251696, [-104589961]], [42613660009, [-93206515305715]], [-99224853499368, [-1270078125]]]],[4304746, 2, -254, 2, 32514, 2, -254, 2, -4161790, -9565936, -254, 2, 32514, 125497036, -254, -341718748, 532709122, 2, 1214873872, -1787743476, 32514, 3602177084, -254, 2, -4161790, -12207031248, -15938123572, -9565936, 32514, 2, 43398280996, 2, -68186767614, 85236885956, -254, 128678593752, -155513421552, 2, 227043421452, 125497036, -4161790, 2, -457476489668, -543637222212, 32514, -351284686, -254, 1013246240928, 532709122, -1356446145696, 1550292968496, 2, 2040205314252, -2349422279672, 1214873872, 3044870468752, -4161790, -1787743476, -254, -4977302969636, -5555321686236, 2, -254, 3592611146, 8727906254594, 125497036, -10825084516412, 12121423210648, 32514, 14892706505180, -16342181406504, 2, 19905708392720, 2, -254, -12548749998, -29063345689332, -32097046533704, -15938123572, 2, 532709122, 45753575343986, -254, -54272101979252, 58560592854588, 2, 69041927220924, -75450958975564, -4161790, 88462669791060, 44613155122, 125497036, 32514, -120340174121512, -128682272597856, -1787743476, -68186767614, 2, 172268660503392, 85227320018, -198449706998736],17.8.c.E.b

17.d,2,8,100,8,[[[0, [0, 0, 0]], [1, [0, 0, 0]], [128, [0, 1, 0]], [2187, [0, 0, -1]], [16383, [0, 128, 0]], [78125, [0, 0, 1]], [279936, [1, 2187, -128]], [823543, [-1, 0, 0]], [2097024, [0, 16383, 0]], [4782969, [0, -1, -2187]], [10000000, [-1, 78125, 128]], [19487171, [1, 0, 0]], [35829621, [128, 279936, -16383]], [62748516, [0, 0, 0]], [105413504, [-128, 823543, -1]], [170859375, [0, 1, -75938]], [268419073, [0, 2097024, 0]], [410338673, [0, 0, 0]], [612220033, [2187, 4782841, -279936]], [893871739, [0, 1, 0]], [1279921875, [-128, 10000000, 16383]], [1801088540, [-2187, 0, -823543]], [2494357888, [128, 19487171, 1]], [3404825447, [1, 0, 0]], [4586191488, [16383, 35829621, -2097024]], [6103515625, [0, -1, 78125]], [8031810048, [0, 62748516, 0]], [10460353203, [-1, -2187, -4782969]], [13492104969, [-16383, 105413504, -128]], [17249876309, [0, 0, 1]], [21869999999, [75938, 170859503, -9720064]], [27512614111, [0, 0, -1]], [34357641344, [0, 268419073, 0]], [42618442978, [2187, 0, -19487171]], [52523350144, [0, 410338673, 0]], [64339296876, [-78125, 0, 823543]], [78359381255, [279936, 612203649, -35829621]], [94931877133, [0, 0, -1]], [114415582591, [0, 893871867, 0]], [137231004492, [0, 0, -62748516]], [163830000000, [-16383, 1279921875, 2097024]], [194754273881, [-1, 0, 0]], [230539333120, [543607, 1801088540, -105415691]], [271818611107, [0, -1, 0]], [319258322493, [16383, 2494357888, 128]], [373669453125, [1, -75938, -166076406]], [435817657216, [128, 3404825447, 1]], [506623120462, [0, 0, 0]], [587032512651, [2097024, 4586191488, -268419073]], [678223072849, [-823543, 1, 0]], [781250000001, [-78125, 6103515497, 10000000]], [897410677851, [0, 0, -410338673]], [1028008937628, [0, 8031810048, 0]], [1174711139837, [0, 1, 0]], [1338925212171, [4782841, 10460073267, -612220033]], [1522435234374, [78125, 0, 19487171]], [1726989436032, [-2097024, 13492104969, -16383]], [1954897493193, [1, 2187, -893871739]], [2207984167552, [-1, 17249876309, 128]], [2488651484819, [0, -1, 0]], [2799189140497, [9720064, 21870016383, -1244092254]], [3142742836021, [-1, 0, 0]], [3521614606208, [1, 27512614111, -128]], [3938980636980, [-4782969, -823543, -1801088540]], [4397778092031, [0, 34357641344, 0]], [4902227812500, [0, 0, 62748516]], [5455160701184, [19767107, 42618442978, -2494355701]], [6060711605324, [0, 0, 0]], [6722578479759, [0, 52523350144, 0]], [7446353252590, [2187, 0, -3404825447]], [8235430000128, [-10823543, 64339296876, 105335379]], [9095120158391, [0, 0, -1]], [10030000800639, [35829621, 78357284103, -4586191488]], [11047398519097, [0, 0, 1]], [12151280273024, [1, 94931877133, -128]], [13348388671875, [-1, 75938, -5932656250]], [14644300699909, [0, 114415598975, 0]], [16048523266853, [-18663628, -1, 0]], [17565568574976, [62748516, 137231004492, -8031810048]], [19203908986159, [1, 0, 0]], [20970240078125, [-2097024, 163830000000, 268419073]], [22876792454960, [-2187, -4782969, -10460353203]], [24928547056768, [-128, 194754273881, -1]], [27136050989627, [0, 1, 0]], [29507233550820, [69583883, 230539333120, -13492384905]], [32057708828125, [0, 0, 410338673]], [34792782221697, [0, 271818610979, 0]], [37725479487783, [0, 1, -17249874122]], [40865065279104, [2097024, 319258322493, 16383]], [44231334895528, [0, 0, 0]], [47829690075938, [166076534, 373659733061, -21257779967]], [51676101112188, [-62748516, 0, 0]], [55781255298201, [16383, 435817657216, 128]], [60170087060757, [0, -1, -27512616298]], [64847759419136, [0, 506623120462, 0]], [69833729609375, [-1, 78125, 893871739]], [75140161619328, [268419073, 587032512651, -34357641344]], [80798284478113, [0, 0, 1]], [86812553324671, [-105413504, 678223072977, -823543]], [93206534792886, [4782969, -19487171, -42618442978]], [99993896484503, [-10000000, 781249983617, 1279921875]]]],[0, 4, 512, 8748, 65532, 312500, 1119744, 3294172, 8388096, 19131876, 40000000, 77948684, 143318484, 250994064, 421654016, 683437500, 1073676292, 1641354692, 2448880132, 3575486956, 5119687500, 7204354160, 9977431552, 13619301788, 18344765952, 24414062500, 32127240192, 41841412812, 53968419876, 68999505236, 87479999996, 110050456444, 137430565376, 170473771912, 210093400576, 257357187504, 313437525020, 379727508532, 457662330364, 548924017968, 655320000000, 779017095524, 922157332480, 1087274444428, 1277033289972, 1494677812500, 1743270628864, 2026492481848, 2348130050604, 2712892291396, 3125000000004, 3589642711404, 4112035750512, 4698844559348, 5355700848684, 6089740937496, 6907957744128, 7819589972772, 8831936670208, 9954605939276, 11196756561988, 12570971344084, 14086458424832, 15755922547920, 17591112368124, 19608911250000, 21820642804736, 24242846421296, 26890313919036, 29785413010360, 32941720000512, 36380480633564, 40120003202556, 44189594076388, 48605121092096, 53393554687500, 58577202799636, 64194093067412, 70262274299904, 76815635944636, 83880960312500, 91507169819840, 99714188227072, 108544203958508, 118028934203280, 128230835312500, 139171128886788, 150901917951132, 163460261116416, 176925339582112, 191318760303752, 206704404448752, 223125021192804, 240680348243028, 259391037676544, 279334918437500, 300560646477312, 323193137912452, 347250213298684, 372826139171544, 399975585938012],17.8.d.E.a

17.d,2,8,100,8,[[[1442316, [417008, 2926623, -1226187]], [1, [0, 0, 0]], [1, [0, 128, 0]], [1, [0, 0, -2187]], [-16383, [0, 128, 0]], [1, [0, 0, 78125]], [1, [279936, 128, -2187]], [1, [-823543, 0, 0]], [-16383, [0, -2097024, 0]], [1, [0, -4782969, -2187]], [1, [-10000000, 128, 78125]], [1, [19487171, 0, 0]], [-16383, [279936, 128, 35829621]], [-62748516, [0, 0, 0]], [1, [-823543, 128, -105413504]], [1, [0, 170859375, 75938]], [268419073, [0, -2097024, 0]], [1, [0, 0, 0]], [612220033, [279936, -4782841, -2187]], [1, [0, 893871739, 0]], [-16383, [-10000000, 128, -1279921875]], [-1801088540, [-823543, 0, -2187]], [1, [19487171, 128, 2494357888]], [1, [3404825447, 0, 0]], [-16383, [-4586191488, -2097024, 35829621]], [1, [0, -6103515625, 78125]], [-62748516, [0, -8031810048, 0]], [1, [-10460353203, -4782969, -2187]], [-16383, [13492104969, 128, -105413504]], [1, [0, 0, 17249876309]], [-21869999999, [-9720064, 170859503, 75938]], [1, [0, 0, -27512614111]], [268419073, [0, 34357641344, 0]], [42618442978, [19487171, 0, -2187]], [1, [0, 128, 0]], [64339296876, [-823543, 0, 78125]], [612203649, [279936, 78359381255, 35829621]], [1, [0, 0, -94931877133]], [-114415582591, [0, 893871867, 0]], [-62748516, [0, 0, 137231004492]], [-16383, [163830000000, -2097024, -1279921875]], [1, [-194754273881, 0, 0]], [-1801088540, [-543607, -230539333120, -105415691]], [1, [0, -271818611107, 0]], [-16383, [-319258322493, 128, 2494357888]], [1, [373669453125, 166076406, 75938]], [1, [3404825447, 128, 435817657216]], [-506623120462, [0, 0, 0]], [268419073, [-4586191488, -2097024, -587032512651]], [1, [-823543, 678223072849, 0]], [781250000001, [-10000000, -6103515497, 78125]], [1, [0, 0, -2187]], [1028008937628, [0, -8031810048, 0]], [1, [0, 1174711139837, 0]], [612220033, [-10460073267, -4782841, -1338925212171]], [-1522435234374, [19487171, 0, 78125]], [-16383, [13492104969, -2097024, 1726989436032]], [1, [1954897493193, 893871739, -2187]], [1, [-2207984167552, 128, 17249876309]], [1, [0, -2488651484819, 0]], [-21870016383, [-9720064, -2799189140497, -1244092254]], [1, [-3142742836021, 0, 0]], [1, [3521614606208, 128, -27512614111]], [-1801088540, [-823543, -4782969, 3938980636980]], [-4397778092031, [0, 34357641344, 0]], [-62748516, [0, 0, -4902227812500]], [42618442978, [19767107, 5455160701184, 2494355701]], [6060711605324, [0, 0, 0]], [-16383, [0, 128, 0]], [7446353252590, [3404825447, 0, -2187]], [64339296876, [-10823543, 8235430000128, -105335379]], [1, [0, 0, -9095120158391]], [-10030000800639, [-4586191488, 78357284103, 35829621]], [1, [0, 0, 11047398519097]], [1, [12151280273024, 128, -94931877133]], [1, [-13348388671875, -5932656250, 75938]], [-114415598975, [0, -14644300699909, 0]], [1, [18663628, -16048523266853, 0]], [-62748516, [-17565568574976, -8031810048, 137231004492]], [1, [19203908986159, 0, 0]], [268419073, [163830000000, -2097024, 20970240078125]], [-22876792454960, [-10460353203, -4782969, -2187]], [1, [-194754273881, 128, -24928547056768]], [1, [0, 27136050989627, 0]], [29507233550820, [13492384905, -230539333120, -69583883]], [1, [0, 0, 78125]], [34792782221697, [0, -271818610979, 0]], [1, [0, 37725479487783, 17249874122]], [-16383, [-319258322493, -2097024, -40865065279104]], [-44231334895528, [0, 0, 0]], [-21257779967, [373659733061, 166076534, 47829690075938]], [-62748516, [51676101112188, 0, 0]], [-16383, [-55781255298201, 128, 435817657216]], [1, [0, -60170087060757, -27512616298]], [-506623120462, [0, -64847759419136, 0]], [1, [-69833729609375, 893871739, 78125]], [268419073, [75140161619328, 34357641344, -587032512651]], [1, [0, 0, 80798284478113]], [-86812553324671, [-823543, 678223072977, -105413504]], [42618442978, [19487171, -4782969, -93206534792886]], [781249983617, [-10000000, 99993896484503, -1279921875]]]],[5769264, 4, 4, 4, -65532, 4, 4, 4, -65532, 4, 4, 4, -65532, -250994064, 4, 4, 1073676292, 4, 2448880132, 4, -65532, -7204354160, 4, 4, -65532, 4, -250994064, 4, -65532, 4, -87479999996, 4, 1073676292, 170473771912, 4, 257357187504, 2448814596, 4, -457662330364, -250994064, -65532, 4, -7204354160, 4, -65532, 4, 4, -2026492481848, 1073676292, 4, 3125000000004, 4, 4112035750512, 4, 2448880132, -6089740937496, -65532, 4, 4, 4, -87480065532, 4, 4, -7204354160, -17591112368124, -250994064, 170473771912, 24242846421296, -65532, 29785413010360, 257357187504, 4, -40120003202556, 4, 4, 4, -457662395900, 4, -250994064, 4, 1073676292, -91507169819840, 4, 4, 118028934203280, 4, 139171128886788, 4, -65532, -176925339582112, -85031119868, -250994064, -65532, 4, -2026492481848, 4, 1073676292, 4, -347250213298684, 170473771912, 3124999934468],17.8.d.E.b

19.c,7,8,100,3,[[[0, [0]], [1, [0]], [128, [1]], [2187, [1]], [16383, [127]], [78125, [1]], [279935, [2314]], [823544, [0]], [2097025, [16256]], [4782968, [2186]], [9999999, [78252]], [19487172, [0]], [35829494, [294005]], [62748516, [-1]], [105413632, [823544]], [170859374, [80311]], [268419200, [2080769]], [410338673, [1]], [612217718, [5060590]], [893871739, [0]], [1279921748, [9938131]], [1801090728, [823544]], [2494358016, [19487172]], [3404825446, [-1]], [4586177419, [37632641]], [6103515624, [78124]], [8031810049, [62748389]], [10460351017, [4780782]], [13492121352, [104590088]], [17249876308, [-1]], [21869919561, [181058871]], [27512614112, [0]], [34357657599, [266338431]], [42618445164, [19487172]], [52523350143, [410338800]], [64339375000, [823544]], [78359087122, [642972552]], [94931877134, [0]], [114415582592, [893871739]], [137231004493, [62746330]], [163830061869, [1272080769]], [194754273881, [1]], [230538789640, [1905680816]], [271818611107, [1]], [319258338876, [2474870844]], [373669372814, [175562032]], [435817657089, [3404825319]], [506623120462, [-1]], [587030709631, [4816980234]], [678223896393, [0]], [781249921748, [6113437372]], [897410677850, [410340859]], [1028008937755, [7969045276]], [1174711139836, [-1]], [1338920149394, [11067510331]], [1522435312500, [19487172]], [1726992356600, [13387531264]], [1954897493193, [893871739]], [2207984167425, [17249876181]], [2488651484819, [1]], [2799178924745, [23004676114]], [3142742836020, [-1]], [3521614606336, [27512614112]], [3938984598592, [1800267184]], [4397780172673, [34091319168]], [4902227812501, [62670392]], [5455141493820, [45093316008]], [6060711605322, [-1]], [6722578479632, [52113027727]], [7446353250403, [3404823260]], [8235439176456, [64443965088]], [9095120158391, [1]], [10029967934584, [82300488842]], [11047398519097, [1]], [12151280273152, [94931877134]], [13348388591564, [6274294688]], [14644300700037, [113521710853]], [16048543577568, [0]], [17565505828774, [145199788403]], [19203908986159, [1]], [20970247919231, [162826416556]], [22876787674179, [10455570235]], [24928547056767, [194754274008]], [27136050989628, [0]], [29507164806736, [242126053720]], [32057708828124, [410416797]], [34792782221695, [271818611234]], [37725479485597, [17249874122]], [40865086863300, [316783468032]], [44231334895528, [-1]], [47829504158160, [395965750878]], [51676163860704, [-823544]], [55781255281945, [432412815386]], [60170087062944, [27512614112]], [64847759419137, [506623120335]], [69833729609375, [893871739]], [75139930830582, [616573467765]], [80798284478113, [1]], [86812658738304, [678223896393]], [93206520086496, [42598957992]], [99993886546244, [776416467992]]]],[0, 2, 255, 4373, 32639, 156249, 557556, 1647088, 4177794, 9563750, 19921746, 38974344, 71364983, 125497033, 210003720, 341638437, 534757631, 820677345, 1219374846, 1787743478, 2549905365, 3601357912, 4969228860, 6809650893, 9134722197, 12206953124, 16000871709, 20915921252, 26879652616, 34499752617, 43558780251, 55025228224, 68448976767, 85217403156, 104636361486, 128677926456, 156075201692, 189863754268, 227937293445, 274399262656, 326388042969, 389508547761, 459171898464, 543637222213, 636041806908, 747163183596, 868230488859, 1013246240925, 1169244439028, 1356447792786, 1556386406124, 1794411014841, 2048048830234, 2349422279673, 2666772788457, 3044851137828, 3440597181936, 3908901114647, 4398718458669, 4977302969637, 5575353173376, 6285485672041, 7015716598560, 7876168930000, 8761469026178, 9804392954610, 10865189671632, 12121423210645, 13393043931537, 14889301677546, 16406434387824, 18190240316781, 19977635380326, 22094797038193, 24207628669170, 26690502888440, 29175079689221, 32097087155136, 34985811869145, 38407817972317, 41777669421906, 45743119778123, 49662339839526, 54272101979256, 58772203559752, 64115007239451, 69313745832156, 75433709097072, 81413390258568, 88462669791057, 95263042565442, 103352328544952, 111130097748504, 120312661511776, 129188895717939, 139666565347011, 149663288193399, 161596568956225, 172947093580215, 186370441215000, 199211356624496],19.8.c.E.a

19.c,7,8,100,3,[[[1999955, [8879764]], [1, [0]], [1, [128]], [1, [2187]], [-16383, [-16256]], [1, [78125]], [-279935, [-277621]], [823544, [0]], [2080769, [-16256]], [-4782968, [-4780782]], [-9999999, [-9921747]], [19487172, [0]], [35535489, [-294005]], [-62748516, [-62748517]], [823544, [105413632]], [-170859374, [-170779063]], [2080769, [268419200]], [1, [410338673]], [607157128, [-5060590]], [1, [0]], [1269983617, [-9938131]], [823544, [1801090728]], [19487172, [2494358016]], [-3404825446, [-3404825447]], [37632641, [4586177419]], [-6103515624, [-6103437500]], [7969061660, [-62748389]], [10455570235, [-4780782]], [-13492121352, [-13387531264]], [-17249876308, [-17249876309]], [21688860690, [-181058871]], [27512614112, [0]], [-34357657599, [-34091319168]], [19487172, [42618445164]], [-52523350143, [-52113011343]], [823544, [64339375000]], [642972552, [78359087122]], [94931877134, [0]], [1, [128]], [137168258163, [-62746330]], [1272080769, [163830061869]], [1, [194754273881]], [-230538789640, [-228633108824]], [1, [271818611107]], [-319258338876, [-316783468032]], [373493810782, [-175562032]], [432412831770, [-3404825319]], [-506623120462, [-506623120463]], [-587030709631, [-582213729397]], [678223896393, [0]], [775136484376, [-6113437372]], [-897410677850, [-897000336991]], [7969045276, [1028008937755]], [-1174711139836, [-1174711139837]], [11067510331, [1338920149394]], [19487172, [1522435312500]], [1713604825336, [-13387531264]], [1, [2187]], [2190734291244, [-17249876181]], [1, [2488651484819]], [23004676114, [2799178924745]], [-3142742836020, [-3142742836021]], [27512614112, [3521614606336]], [-3938984598592, [-3937184331408]], [4363688853505, [-34091319168]], [4902165142109, [-62670392]], [-5455141493820, [-5410048177812]], [-6060711605322, [-6060711605323]], [6670465451905, [-52113027727]], [7442948427143, [-3404823260]], [-8235439176456, [-8170995211368]], [1, [9095120158391]], [-10029967934584, [-9947667445742]], [1, [11047398519097]], [94931877134, [12151280273152]], [13342114296876, [-6274294688]], [-16383, [-16256]], [16048543577568, [0]], [145199788403, [17565505828774]], [1, [19203908986159]], [-20970247919231, [-20807421502675]], [10455570235, [22876787674179]], [-24928547056767, [-24733792782759]], [27136050989628, [0]], [29265038753016, [-242126053720]], [-32057708828124, [-32057298411327]], [-34792782221695, [-34520963610461]], [37708229611475, [-17249874122]], [40548303395268, [-316783468032]], [-44231334895528, [-44231334895529]], [395965750878, [47829504158160]], [-51676163860704, [-51676164684248]], [432412815386, [55781255281945]], [27512614112, [60170087062944]], [64341136298802, [-506623120335]], [1, [78125]], [74523357362817, [-616573467765]], [1, [80798284478113]], [678223896393, [86812658738304]], [-93206520086496, [-93163921128504]], [776416467992, [99993886546244]]]],[-4879854, 2, -126, -2185, -16510, -78123, -282249, 1647088, 4177794, -4785154, -10078251, 38974344, 71364983, -62748515, -103766544, -170939685, -264257662, -410338671, 1219374846, 2, 2549905365, -1799443640, -2455383672, -3404825445, -4510912137, -6103593748, 16000871709, 20915921252, -13596711440, -17249876307, 43558780251, 55025228224, -34623996030, -42579470820, -52933688943, -64337727912, -77073142018, 189863754268, -126, 274399262656, -161285900331, -194754273879, -232444470456, -271818611105, -321733209720, 747163183596, 868230488859, -506623120461, -591847689865, 1356447792786, 1556386406124, -897821018709, -1012070847203, -1174711139835, -1316785128732, -1522396338156, 3440597181936, -2185, 4398718458669, -2488651484817, -2753169572517, -3142742836019, -3466589378112, -3940784865776, 8761469026178, 9804392954610, -5500234809828, -6060711605321, 13393043931537, 14889301677546, -8299883141544, -9095120158389, -10112268423426, -11047398519095, -11961416518884, 26690502888440, -16510, 32097087155136, -17275106251968, -19203908986157, -21133074335787, -22855876533709, -25123301330775, 54272101979256, 58772203559752, -32058119244921, -35064600832929, 75433709097072, 81413390258568, -44231334895527, -47037572656404, -51676163037160, -54916429651173, -60115061834720, 129188895717939, -78123, 149663288193399, -80798284478111, -85456210945518, -93249119044488, -98441053610260],19.8.c.E.b

19.e,4,8,100,9,[[[0, [0, 0, 0, 0, 0]], [1, [0, 0, 0, 0, 0]], [128, [1, 0, 0, 0, 0]], [2187, [0, 0, 0, 1, 0]], [16384, [128, 1, 0, 0, 0]], [78125, [-1, 0, 0, -1, 0]], [279936, [2187, 0, 0, 128, 1]], [823542, [0, 0, -1, 0, 0]], [2097152, [16384, 128, 1, 0, 0]], [4782969, [0, -1, 0, 2187, -1]], [10000000, [77997, -1, 0, -128, -1]], [19487171, [0, 0, 1, 0, 0]], [35831807, [279936, 2187, -1, 16384, 128]], [62748517, [0, 0, 0, 0, 1]], [105413376, [823542, 0, -128, -1, 0]], [170859375, [-2187, 1, 0, 75938, 0]], [268435456, [2097152, 16384, 128, 1, 0]], [410338673, [1, 0, 0, 0, 0]], [612220033, [4782969, -128, 0, 279936, 2059]], [893871739, [0, 0, 0, 0, 0]], [1280000001, [9983616, 77997, 0, -16384, -128]], [1801086354, [1, 0, -2187, 823543, 0]], [2494357888, [19487171, 0, 128, 1, 0]], [3404825447, [0, 1, 0, 0, 0]], [4586471296, [35831807, 279936, 2059, 2097151, 16384]], [6103515625, [-78125, 0, 0, -78125, 1]], [8031810175, [62748517, 0, -1, 0, 128]], [10460353203, [0, -2187, 1, 4782969, -2187]], [13492912128, [105413376, 823542, -16384, -128, -1]], [17249876309, [0, -1, 0, 0, -1]], [21870000000, [170579439, -2059, 1, 9720064, 75938]], [27512614110, [0, 0, -1, 0, 0]], [34359738368, [268435456, 2097152, 16384, 128, 1]], [42618442977, [-1, 0, 2187, 19487170, 0]], [52523350144, [410338801, 1, 0, 0, 0]], [64339218750, [-823543, 0, -78125, -823542, 0]], [78364162037, [612220033, 4766585, -2187, 35831808, 263552]], [94931877134, [0, 0, 0, 0, 0]], [114415582592, [893871739, 0, 0, 0, 0]], [137231006680, [0, 0, 0, 62748517, 2187]], [163840000128, [1277902849, 9983616, 78125, -2097152, -16384]], [194754273881, [0, 0, 0, 1, 0]], [230539053312, [1801086482, 1, -279936, 105411317, 823543]], [271818611107, [-1, 0, 0, -1, 0]], [319277809664, [2494357888, 19487171, 16384, 128, 1]], [373669453124, [-4782969, -75938, -1, 166076406, -78125]], [435817657216, [3404825447, 128, 1, 0, 0]], [506623120463, [0, -1, 0, 0, -1]], [587068325888, [4586471296, 35831807, 263552, 268437515, 2097151]], [678222249306, [0, 0, -823542, 0, 0]], [781249999999, [6093515625, -78125, -1, -10000000, -77997]], [897410677851, [2187, 0, 0, 410338673, 1]], [1028071702400, [8031810175, 62748517, -128, -1, 16384]], [1174711139837, [0, 1, 0, 0, 0]], [1338925212171, [10460353203, -279936, 128, 612220033, 4503033]], [1522435234375, [-19487170, 0, 78125, -19487171, 0]], [1727092752385, [13492912128, 105413376, -1273609, -16384, -128]], [1954897493193, [0, 0, 0, 893871739, 0]], [2207984167553, [17249876309, -128, 0, 0, -128]], [2488651484819, [1, 0, 0, 0, 0]], [2799359924062, [21834168192, 170595823, -77997, 1244168193, 9720064]], [3142742836021, [0, 1, 0, 0, 0]], [3521614606080, [27512614110, 0, -128, -1, 0]], [3938975856198, [2187, -823543, -4782969, 1801088541, -823542]], [4398046511103, [34359738368, 268435456, 2097151, 16384, 128]], [4902227890625, [-62748517, 0, 1, -62748517, 78125]], [5455160701056, [42618442849, -1, 279936, 2494359947, 19487170]], [6060711605323, [0, -1, 0, 0, -1]], [6722988818432, [52523366528, 410338801, 1, 0, 0]], [7446353252588, [0, 2187, -1, 3404825447, 0]], [8235420000000, [64233805246, -823543, -10000000, -105491501, -823542]], [9095120158391, [-1, 0, 0, -1, 0]], [10030612740736, [78364162037, 610122881, 4503033, 4586469237, 33734656]], [11047398519097, [0, 0, 0, 1, 0]], [12151280273152, [94931877134, 0, 0, 0, 0]], [13348388671876, [-170859375, 78125, 0, 5932656250, 2187]], [14645194571776, [114415582592, 893871739, 0, 0, 0]], [16048503779683, [0, 0, -18663628, 0, 0]], [17565568852853, [137231006680, 0, -2187, 8031810176, 63028453]], [19203908986159, [0, 0, 0, 1, 0]], [20971520016384, [163571564672, 1277902849, 10000000, -268357331, -2097152]], [22876792454961, [-1, -4782969, 2187, 10460353202, -4782969]], [24928547056768, [194754273881, 0, 0, 128, 1]], [27136050989626, [0, 0, -1, 0, 0]], [29508998000393, [230539069696, 1801086482, -36655350, 13492648576, 105411317]], [32057708828125, [-410260548, -1, 0, -410338673, -1]], [34792782221696, [271818610979, -1, 0, -128, -1]], [37725479487783, [0, -2187, 1, 17249876309, -2187]], [40867559636991, [319277809664, 2494357888, 21584322, 16384, 128]], [44231334895529, [0, 0, 0, 0, 1]], [47829690077997, [373057233092, -14503033, 2059, 21257779967, 156076406]], [51676039187214, [0, 1, -62748517, 0, 823543]], [55784660123648, [435817657216, 3404841831, 128, 1, 0]], [60170087058570, [1, 0, -2187, 27512614111, 0]], [64847759419265, [506623120463, -128, 0, 0, -128]], [69833729609375, [-893871739, 0, 0, -893871739, 0]], [75144745713665, [587068325888, 4586471296, 33734656, 34360001920, 268437515]], [80798284478113, [1, 0, 0, 0, 0]], [86812447911168, [678222249306, 0, -105413376, -823542, 0]], [93206534790699, [-2187, -19487170, 4782969, 42618440790, -19487171]], [100000000077997, [779969999999, 6093515625, -128, -1280000001, -9983616]]]],[0, 6, 768, 13122, 98304, 468750, 1679616, 4941255, 12582909, 28697814, 60000000, 116923023, 214990845, 376491102, 632480640, 1025156250, 1610612352, 2462032038, 3673320198, 5363230434, 7680000006, 10806524685, 14966146944, 20428952682, 27518821599, 36621093750, 48190861053, 62762119215, 80957521920, 103499257854, 131219999997, 165075684663, 206158381056, 255710651301, 315140100864, 386035546875, 470184978783, 569591262804, 686493495552, 823386040080, 983039766393, 1168525643286, 1383235159680, 1630911666642, 1915666808832, 2242016718747, 2614905943293, 3039738722778, 3522409164672, 4069335966462, 4687499999997, 5384464067106, 6168430214784, 7048266839022, 8033551272642, 9134611171875, 10362560335137, 11729384959158, 13247905005318, 14931908908914, 16796159778363, 18856457016126, 21129687636864, 23633869486095, 26388272775165, 29413367343747, 32730963366528, 36364269631938, 40337932910589, 44678119515531, 49412550000000, 54570720950346, 60183662935317, 66284391114582, 72907681638912, 80090332031256, 87871167430656, 96291078668982, 105393413123679, 115223453916954, 125829090098304, 137260754723205, 149571282340608, 162816305937759, 177054097968408, 192346252968750, 208756693330176, 226352876926695, 245205293068980, 265388009373174, 286978140461805, 310056423368835, 334707960741504, 361020522357981, 389086556515590, 419002377656250, 450868373078022, 484789706868678, 520875003707136, 559239194395287, 600000000468366],19.8.e.E.a

19.e,4,8,100,9,[[[114630483/19, [61766736/19, 86317125/19, -14085412/19, 44513689/19, 40777584/19]], [1, [0, 0, 0, 0, 0]], [1, [128, 0, 0, 0, 0]], [1, [0, 0, 0, 2187, 0]], [1, [128, 16384, 0, 0, 0]], [1, [-78125, 0, 0, -78125, 0]], [1, [128, 0, 0, 2187, 279936]], [-823542, [0, 0, -823543, 0, 0]], [1, [128, 16384, 2097152, 0, 0]], [1, [0, -4782969, 0, 2187, -4782969]], [1, [-77997, -10000000, 0, -78125, -10000000]], [1, [0, 0, 19487171, 0, 0]], [-35831807, [128, 16384, -35831808, 2187, 279936]], [1, [0, 0, 0, 0, 62748517]], [-823542, [-105413376, 0, -823543, -105413504, 0]], [1, [-78125, 170859375, 0, -75938, 0]], [1, [128, 16384, 2097152, 268435456, 0]], [1, [410338673, 0, 0, 0, 0]], [612220033, [128, -4782969, 0, 2187, -4503033]], [1, [0, 0, 0, 0, 0]], [1280000001, [-77997, -9983616, 0, -78125, -10000000]], [-823542, [1801088541, 0, -823543, 2187, 0]], [1, [128, 0, 19487171, 2494357888, 0]], [1, [0, 3404825447, 0, 0, 0]], [-35831807, [-4586471296, 16384, -33734656, -4586469237, 279936]], [1, [-78125, 0, 0, -78125, 6103515625]], [-8031810175, [128, 0, -8031810176, 0, 62748517]], [1, [0, -4782969, 10460353203, 2187, -4782969]], [-823542, [-105413376, -13492912128, -823543, -105413504, -13492928512]], [1, [0, -17249876309, 0, 0, -17249876309]], [1, [-77997, 160859375, 21870000000, -75938, -9720064]], [-27512614110, [0, 0, -27512614111, 0, 0]], [1, [128, 16384, 2097152, 268435456, 34359738368]], [1, [-42618442977, 0, 19487171, -42618440790, 0]], [1, [410338801, 52523350144, 0, 0, 0]], [-823542, [-78125, 0, -823543, 64339218750, 0]], [576388225, [78364164224, -4766585, -35831808, 2187, -4503033]], [94931877134, [0, 0, 0, 0, 0]], [1, [128, 0, 0, 0, 0]], [137231006680, [0, 0, 0, 2187, 62748517]], [1280000001, [163839922003, -9983616, 2097152, -78125, -10000000]], [1, [0, 0, 0, 194754273881, 0]], [-823542, [1695675165, 230539333248, -823543, -105411317, 279936]], [1, [-271818611107, 0, 0, -271818611107, 0]], [1, [128, 16384, 19487171, 2494357888, 319277809664]], [-373669453124, [-78125, 166076406, -373669453125, -75938, -4782969]], [1, [128, 3404825447, 435817657216, 0, 0]], [1, [0, -506623120463, 0, 0, -506623120463]], [-35831807, [-4586471296, -587068325888, -33734656, -4318033781, -587068062336]], [-823542, [0, 0, 678222249306, 0, 0]], [-781249999999, [-77997, -10000000, -781250000000, -78125, 6093515625]], [1, [410338673, 0, 0, 2187, 897410677851]], [-8031810175, [-1028071702400, 16384, -8031810176, -1028071702528, 62748517]], [1, [0, 1174711139837, 0, 0, 0]], [612220033, [128, -4782969, 10460353203, 1338925212171, -4503033]], [1, [1522435156250, 0, 19487171, -78125, 0]], [1727094025994, [-105413376, -13492912128, 1273609, -105413504, -13492928512]], [1, [0, 0, 0, 2187, 0]], [2207984167553, [128, -17249876309, 0, 0, -17249876309]], [1, [2488651484819, 0, 0, 0, 0]], [1244168193, [-77997, 160875759, 21834168192, 2799359924062, -9720064]], [1, [0, 3142742836021, 0, 0, 0]], [-27512614110, [-3521614606080, 0, -27512614111, -3521614606208, 0]], [-823542, [1801088541, -4782969, -823543, 2187, 3938975856198]], [-4398046511103, [128, 16384, -4398044413952, 268435456, 34359738368]], [1, [-78125, 0, 4902227890625, -78125, 62748517]], [1, [-42618442849, -5455160701056, 19487171, -40124082902, -5455160421120]], [1, [0, -6060711605323, 0, 0, -6060711605323]], [1, [410338801, 52523366528, 6722988818432, 0, 0]], [-7446353252588, [0, 3404825447, -7446353252589, 2187, 0]], [-823542, [-105491501, -10000000, -823543, 64233805246, 8235420000000]], [1, [-9095120158391, 0, 0, -9095120158391, 0]], [576388225, [73777692800, 10030608237703, -33734656, -4586469237, -4503033]], [1, [0, 0, 0, 11047398519097, 0]], [94931877134, [12151280273152, 0, 0, 0, 0]], [13348388671876, [-78125, 170859375, 0, -75938, 6103515625]], [1, [128, 16384, 0, 0, 0]], [16048522443311, [0, 0, 18663628, 0, 0]], [129199196504, [17565568855040, 0, -8031810176, 2187, 63028453]], [1, [0, 0, 0, 19203908986159, 0]], [1280000001, [163839922003, 20971510016384, 2097152, 268357331, -10000000]], [1, [-22876792454961, -4782969, 10460353203, -22876792452774, -4782969]], [1, [128, 0, 0, 194754273881, 24928547056768]], [-27136050989626, [0, 0, -27136050989627, 0, 0]], [-36655350, [1695675165, 217046421120, 29508998000393, -105411317, -13492648576]], [1, [410260548, -32057708828125, 0, -78125, -32057708828125]], [1, [-271818610979, -34792782221696, 0, -271818611107, -34792782221696]], [1, [0, -17249876309, 37725479487783, 2187, -17249876309]], [-40867559636991, [128, 16384, -40867538052669, 2494357888, 319277809664]], [1, [0, 0, 0, 0, 44231334895529]], [-373057233092, [-47829690077997, 156076406, -351799453125, -47829690075938, -14503033]], [-823542, [0, 51676101935731, -823543, 0, 62748517]], [1, [128, 3404841831, 435817657216, 55784660123648, 0]], [-27512614110, [60170087060757, 0, -27512614111, 2187, 0]], [64847759419265, [128, -506623120463, 0, 0, -506623120463]], [1, [-78125, 0, 0, -78125, 0]], [75144711979009, [-4586471296, -587068325888, -33734656, -4318033781, -552708323968]], [1, [80798284478113, 0, 0, 0, 0]], [-823542, [-105413376, 0, 678222249306, 86812447911168, 0]], [1, [-42618442977, 93206530007730, 19487171, -42618440790, -4782969]], [-779969999999, [-100000000077997, -9983616, -781250000000, -100000000078125, 6093515625]]]],[730039134/19, 6, 6, 6, 6, 6, 6, -2470623, -6291450, 6, 6, -58461507, -107495418, 6, -2470623, 6, -6291450, 6, 3673320198, 6, 7680000006, -2470623, -58461507, 6, -113786874, 6, -24095430522, -31381059603, -2470623, 6, -65609999994, -82537842327, -6291450, -58461507, 6, -2470623, 3565824774, 569591262804, 6, 823386040080, 7673708550, 6, -2470623, 6, -58461507, -1121008359369, -1307452971642, 6, -113786874, -2034671689170, -2343749999994, 6, -24095430522, 6, -27707739411, -58461507, 10362560335137, 6, 13247905005318, 6, -58037495418, 6, -82537842327, -2470623, -13194145824762, -14706683671869, -58461507, 6, -20168966455290, -22339059757761, -2470623, 6, 3559533318, 6, 569591262804, 80090332031256, 6, 96291078668982, 799290609552, 6, 7673708550, -31381059603, 6, -81408152968875, -88527213933279, 6, 6, -113176438463343, -122602743663939, 6, -1182945039177, -2470623, -1307452971642, -82537842327, 389086556515590, 6, 450868373078022, 6, -2034671689170, -58461507, -2336069999994],19.8.e.E.b

